method,grouping,group,stat,n_windows,n_fail_windows,point,lo,hi,se,n_nan,tag
-,all,all,auc,97022,2862,0.6798870753618593,0.669517332763773,0.6893066363099055,0.004884159571555498,0,r1
split,all,all,coverage,97022,2862,0.8997959225742616,0.895760912188675,0.9040907192340257,0.0021811563652999262,0,r1
split,all,all,cov_healthy,97022,2862,0.9024426508071368,0.8984839533653366,0.9068844217144547,0.0021938189937271667,0,r1
split,all,all,cov_failure,97022,2862,0.8127183787561146,0.7966248238118172,0.8270965298165787,0.007686728338400944,0,r1
split,all,all,set_size,97022,2862,1.488311929253159,1.4736835426543902,1.4987248283258439,0.006597129476074216,0,r1
split,all,all,singleton,97022,2862,0.511688070746841,0.501275171674156,0.5263164573456098,0.006597129476074212,0,r1
split,all,all,doubleton,97022,2862,0.4883119292531591,0.47368354265439017,0.498724828325844,0.00659712947607421,0,r1
split,all,all,empty,97022,2862,0.0,0.0,0.0,0.0,0,r1
split,all,all,alert_rate,97022,2862,0.5914947125394241,0.579130212925383,0.6002859750232945,0.005601133418230984,0,r1
split,stage,0,coverage,19706,305,0.8863797828072668,0.880296582221149,0.8930784549644882,0.00334847971749599,0,r1
split,stage,1,coverage,19490,495,0.9065161621344279,0.9007988103922416,0.9137537599925614,0.003328151455158253,0,r1
split,stage,2,coverage,19118,681,0.9009310597342818,0.8941599804976916,0.9066688168251351,0.003122920318381862,0,r1
split,stage,3,coverage,19125,1066,0.8702745098039215,0.863536456183782,0.8763787780132025,0.0033193569821777544,0,r1
split,stage,4,coverage,19583,315,0.9343307971199509,0.9286197235471068,0.9404031763304692,0.0030322622421774183,0,r1
split,stage,0,cov_healthy,19706,305,0.8875315705376011,0.881514666202598,0.8942589429621923,0.0033515971838059297,0,r1
split,stage,1,cov_healthy,19490,495,0.9070808107396683,0.9012664488234712,0.9144061925294288,0.003376358119928638,0,r1
split,stage,2,cov_healthy,19118,681,0.9027499050821717,0.896060039445822,0.9087138374766565,0.003165965763347032,0,r1
split,stage,3,cov_healthy,19125,1066,0.8682651309596323,0.8613134238134145,0.8745810879341136,0.0034061948945282956,0,r1
split,stage,4,cov_healthy,19583,315,0.9446232094664729,0.93864403390982,0.9507986436834895,0.0029979229128330146,0,r1
split,stage,0,cov_failure,19706,305,0.8131147540983606,0.7648690547862733,0.8538403312834287,0.022878393672652625,0,r1
split,stage,1,cov_failure,19490,495,0.8848484848484849,0.8563094834632484,0.9119546817139834,0.014297774980112837,0,r1
split,stage,2,cov_failure,19118,681,0.8516886930983847,0.8237883884730444,0.8774916001919957,0.013741632888754884,0,r1
split,stage,3,cov_failure,19125,1066,0.9043151969981238,0.8850350575158998,0.9204168082666043,0.009402888769074044,0,r1
split,stage,4,cov_failure,19583,315,0.3047619047619048,0.2537236761398487,0.35577330508474575,0.025978850123922006,0,r1
split,stage,0,set_size,19706,305,1.5792651984167259,1.5637166556666828,1.5914093236469988,0.007276933587707013,0,r1
split,stage,1,set_size,19490,495,1.6100051308363263,1.5933872856098712,1.6225573877901451,0.007787660126333534,0,r1
split,stage,2,set_size,19118,681,1.625693064128047,1.60955667001051,1.6362640660382581,0.007168816211243484,0,r1
split,stage,3,set_size,19125,1066,1.5362614379084967,1.519798353239048,1.5492858166734857,0.007728545798607943,0,r1
split,stage,4,set_size,19583,315,1.0947250165960272,1.0861147941571807,1.1037833380170496,0.004593028153530373,0,r1
split,stage,0,singleton,19706,305,0.42073480158327414,0.4085906763530012,0.4362833443333173,0.007276933587707016,0,r1
split,stage,1,singleton,19490,495,0.38999486916367365,0.37744261220985487,0.4066127143901287,0.007787660126333533,0,r1
split,stage,2,singleton,19118,681,0.37430693587195313,0.36373593396174186,0.39044332998949,0.007168816211243483,0,r1
split,stage,3,singleton,19125,1066,0.46373856209150327,0.45071418332651436,0.4802016467609521,0.007728545798607944,0,r1
split,stage,4,singleton,19583,315,0.9052749834039728,0.8962166619829505,0.9138852058428193,0.004593028153530368,0,r1
split,stage,0,doubleton,19706,305,0.5792651984167259,0.5637166556666827,0.5914093236469987,0.007276933587707011,0,r1
split,stage,1,doubleton,19490,495,0.6100051308363263,0.5933872856098713,0.6225573877901451,0.007787660126333534,0,r1
split,stage,2,doubleton,19118,681,0.6256930641280468,0.60955667001051,0.6362640660382581,0.0071688162112434894,0,r1
split,stage,3,doubleton,19125,1066,0.5362614379084968,0.519798353239048,0.5492858166734856,0.007728545798607944,0,r1
split,stage,4,doubleton,19583,315,0.09472501659602717,0.0861147941571807,0.10378333801704953,0.004593028153530374,0,r1
split,stage,0,empty,19706,305,0.0,0.0,0.0,0.0,0,r1
split,stage,1,empty,19490,495,0.0,0.0,0.0,0.0,0,r1
split,stage,2,empty,19118,681,0.0,0.0,0.0,0.0,0,r1
split,stage,3,empty,19125,1066,0.0,0.0,0.0,0.0,0,r1
split,stage,4,empty,19583,315,0.0,0.0,0.0,0.0,0,r1
split,stage,0,alert_rate,19706,305,0.6948137623058966,0.6817159268287089,0.7032303133811894,0.005721346641355168,0,r1
split,stage,1,alert_rate,19490,495,0.7108773730118009,0.6967992539952603,0.7181855501024891,0.005764561236521866,0,r1
split,stage,2,alert_rate,19118,681,0.7279004079924678,0.7144947001722417,0.7366004000936841,0.005704102601283275,0,r1
split,stage,3,alert_rate,19125,1066,0.6776470588235294,0.6620806398855108,0.6899113558629185,0.0071407517483603146,0,r1
split,stage,4,alert_rate,19583,315,0.15140683245672268,0.1401160946188246,0.1630684496537594,0.005747277837104398,0,r1
split,vendor,A,coverage,21644,305,0.9482535575679172,0.9427158501783689,0.9536256834345483,0.002840199240462473,0,r1
split,vendor,B,coverage,17350,427,0.9168876080691643,0.9117038096234673,0.9223398938583443,0.002736691074325663,0,r1
split,vendor,C,coverage,58028,2130,0.8766112911008479,0.8716533006880859,0.8819901266889424,0.002695958602456943,0,r1
split,vendor,A,cov_healthy,21644,305,0.9580580158395426,0.9526681367293858,0.9634358723694687,0.0027974932258081446,0,r1
split,vendor,B,cov_healthy,17350,427,0.9198132718785086,0.9146194306441463,0.9252606602970699,0.0027376830934520433,0,r1
split,vendor,C,cov_healthy,58028,2130,0.8759526280010018,0.8709464954536795,0.8815129592183095,0.0027405490192891602,0,r1
split,vendor,A,cov_failure,21644,305,0.26229508196721313,0.21305841924398625,0.31313131313131315,0.024592993581496834,0,r1
split,vendor,B,cov_failure,17350,427,0.8009367681498829,0.7629528109212081,0.8429965230389289,0.020240552516870788,0,r1
split,vendor,C,cov_failure,58028,2130,0.8938967136150234,0.8799235101017151,0.9064560555404958,0.0069809484342608415,0,r1
split,vendor,A,set_size,21644,305,1.058307152097579,1.052008687333066,1.06537303328888,0.0034891443951785596,0,r1
split,vendor,B,set_size,17350,427,1.5755043227665706,1.5607139148023461,1.5853303456205483,0.006573865932952902,0,r1
split,vendor,C,set_size,58028,2130,1.622630454263459,1.6078387423175053,1.6324006817202803,0.0067474394473087725,0,r1
split,vendor,A,singleton,21644,305,0.941692847902421,0.93462696671112,0.9479913126669339,0.0034891443951785566,0,r1
split,vendor,B,singleton,17350,427,0.4244956772334294,0.4146696543794517,0.4392860851976539,0.00657386593295289,0,r1
split,vendor,C,singleton,58028,2130,0.37736954573654097,0.36759931827971976,0.3921612576824946,0.006747439447308776,0,r1
split,vendor,A,doubleton,21644,305,0.05830715209757901,0.05200868733306603,0.06537303328888001,0.0034891443951785587,0,r1
split,vendor,B,doubleton,17350,427,0.5755043227665706,0.5607139148023462,0.5853303456205483,0.00657386593295289,0,r1
split,vendor,C,doubleton,58028,2130,0.622630454263459,0.6078387423175055,0.6324006817202802,0.006747439447308774,0,r1
split,vendor,A,empty,21644,305,0.0,0.0,0.0,0.0,0,r1
split,vendor,B,empty,17350,427,0.0,0.0,0.0,0.0,0,r1
split,vendor,C,empty,58028,2130,0.0,0.0,0.0,0.0,0,r1
split,vendor,A,alert_rate,21644,305,0.10150619109221955,0.09261627702967683,0.11048028536495548,0.0046074182173312436,0,r1
split,vendor,B,alert_rate,17350,427,0.6604610951008646,0.6475630876833397,0.6673205979910346,0.005291892731318861,0,r1
split,vendor,C,alert_rate,58028,2130,0.7536361756393465,0.7423763356055558,0.7591193669684154,0.004746515368386505,0,r1
split,vendor_stage,A0,coverage,47,1,0.9361702127659575,0.7391304347826086,1.0,0.07456365857015265,1,r1
split,vendor_stage,A1,coverage,26,1,0.9230769230769231,0.7692307692307693,1.0,0.0644426524882348,0,r1
split,vendor_stage,A2,coverage,119,0,0.9747899159663865,0.936499493414387,1.0,0.015764378666463647,0,r1
split,vendor_stage,A3,coverage,3417,14,0.9625402399765877,0.9541020056409409,0.9710543492348538,0.004450180938452755,0,r1
split,vendor_stage,A4,coverage,18035,289,0.9454394233434987,0.9394883697401887,0.9517763717141444,0.0031357724524467487,0,r1
split,vendor_stage,B0,coverage,1848,21,0.9458874458874459,0.9347449091513595,0.9560373218113156,0.0055189260643903485,0,r1
split,vendor_stage,B1,coverage,2883,99,0.9503988900450919,0.9415944609431053,0.961664399397178,0.005058462514273151,0,r1
split,vendor_stage,B2,coverage,4176,103,0.9346264367816092,0.9260218655078698,0.9430494146774367,0.004370521841997417,0,r1
split,vendor_stage,B3,coverage,6897,180,0.9095258808177469,0.9007470707045548,0.9183960180123936,0.004460350093417887,0,r1
split,vendor_stage,B4,coverage,1546,24,0.8046571798188874,0.7858565435077344,0.8206227168061677,0.008996384181759038,0,r1
split,vendor_stage,C0,coverage,17811,283,0.8800741115041266,0.8737647498348916,0.8877023422491235,0.0036023226253255004,0,r1
split,vendor_stage,C1,coverage,16581,395,0.8988601411253845,0.8923038825095344,0.906233487570855,0.0035550678150113022,0,r1
split,vendor_stage,C2,coverage,14823,578,0.8908453079673481,0.8834967556698053,0.8975711165001338,0.003619834901643887,0,r1
split,vendor_stage,C3,coverage,8811,872,0.8037680172511633,0.7937963581477648,0.8133154563488838,0.004859980154934546,0,r1
split,vendor_stage,C4,coverage,2,2,1.0,1.0,1.0,0.0,129,r1
split,vendor_stage,A0,cov_healthy,47,1,0.9347826086956522,0.7142857142857143,1.0,0.08116406403446604,1,r1
split,vendor_stage,A1,cov_healthy,26,1,0.96,0.8619458128078817,1.0,0.040932519904779384,0,r1
split,vendor_stage,A2,cov_healthy,119,0,0.9747899159663865,0.936499493414387,1.0,0.015764378666463647,0,r1
split,vendor_stage,A3,cov_healthy,3417,14,0.9665001469291802,0.9581645822889459,0.9753136656709671,0.0043451597899139376,0,r1
split,vendor_stage,A4,cov_healthy,18035,289,0.956384537360532,0.9502679167332294,0.9623512643541625,0.003080000645620389,0,r1
split,vendor_stage,B0,cov_healthy,1848,21,0.9490968801313628,0.9383681385689102,0.9589714398626203,0.005423566513115034,0,r1
split,vendor_stage,B1,cov_healthy,2883,99,0.9497126436781609,0.9409987829103831,0.9612531004053442,0.005193249932233874,0,r1
split,vendor_stage,B2,cov_healthy,4176,103,0.9420574515099436,0.9337512228757053,0.950173656517929,0.004161664513495269,0,r1
split,vendor_stage,B3,cov_healthy,6897,180,0.9114187881494715,0.9028288424900706,0.9203680187107919,0.004442060655637308,0,r1
split,vendor_stage,B4,cov_healthy,1546,24,0.8074901445466491,0.789402944322468,0.824017966312415,0.009085672843888467,0,r1
split,vendor_stage,C0,cov_healthy,17811,283,0.8809904153354633,0.8746667393924182,0.8885449892433348,0.0036062319078659522,0,r1
split,vendor_stage,C1,cov_healthy,16581,395,0.899666378351662,0.8929153133769598,0.9070541713700636,0.003600441389102608,0,r1
split,vendor_stage,C2,cov_healthy,14823,578,0.8909090909090909,0.8834117433471504,0.8982410456712694,0.0037199632545677785,0,r1
split,vendor_stage,C3,cov_healthy,8811,872,0.789646051139942,0.7795328902354441,0.8000732180648435,0.005200708188392871,0,r1
split,vendor_stage,C4,cov_healthy,2,2,NaN,NaN,NaN,NaN,1000,r1
split,vendor_stage,A0,cov_failure,47,1,1.0,1.0,1.0,0.0,356,r1
split,vendor_stage,A1,cov_failure,26,1,0.0,0.0,0.0,0.0,370,r1
split,vendor_stage,A2,cov_failure,119,0,NaN,NaN,NaN,NaN,1000,r1
split,vendor_stage,A3,cov_failure,3417,14,0.0,0.0,0.0,0.0,0,r1
split,vendor_stage,A4,cov_failure,18035,289,0.27335640138408307,0.22384865058270292,0.32782816052189384,0.025846889220291915,0,r1
split,vendor_stage,B0,cov_failure,1848,21,0.6666666666666666,0.45,0.8800588235294117,0.10750216228100853,0,r1
split,vendor_stage,B1,cov_failure,2883,99,0.9696969696969697,0.9310144346431435,1.0,0.017610429235588497,0,r1
split,vendor_stage,B2,cov_failure,4176,103,0.6407766990291263,0.5544370346125522,0.7411764705882353,0.04793801228895834,0,r1
split,vendor_stage,B3,cov_failure,6897,180,0.8388888888888889,0.7789339114832535,0.8936203457446809,0.029303491744894442,0,r1
split,vendor_stage,B4,cov_failure,1546,24,0.625,0.4,0.8125,0.10175568282912889,0,r1
split,vendor_stage,C0,cov_failure,17811,283,0.823321554770318,0.7760352316602317,0.8664557189385956,0.023233997747338198,0,r1
split,vendor_stage,C1,cov_failure,16581,395,0.8658227848101265,0.8314308404506068,0.8979141479877149,0.016859603551301165,0,r1
split,vendor_stage,C2,cov_failure,14823,578,0.889273356401384,0.8627770590458471,0.9153173732107742,0.013194207098364332,0,r1
split,vendor_stage,C3,cov_failure,8811,872,0.9323394495412844,0.9149163271468229,0.9477304987885811,0.008409743019880806,0,r1
split,vendor_stage,C4,cov_failure,2,2,1.0,1.0,1.0,0.0,129,r1
split,vendor_stage,A0,set_size,47,1,1.0425531914893618,1.0,1.1,0.028963309572385656,1,r1
split,vendor_stage,A1,set_size,26,1,1.0384615384615385,1.0,1.1153846153846154,0.03564918253505568,0,r1
split,vendor_stage,A2,set_size,119,0,1.1176470588235294,1.0588235294117647,1.184984478170888,0.032228817345320376,0,r1
split,vendor_stage,A3,set_size,3417,14,1.0597014925373134,1.0512644214514848,1.0693778945957617,0.0046814737783903845,0,r1
split,vendor_stage,A4,set_size,18035,289,1.057721097865262,1.050862652935052,1.0654999649140722,0.003753371527785479,0,r1
split,vendor_stage,B0,set_size,1848,21,1.432900432900433,1.4093125964791278,1.4556317698538603,0.012028217476025067,0,r1
split,vendor_stage,B1,set_size,2883,99,1.6281651057925772,1.60014074341393,1.6486958367060407,0.012271791501190942,0,r1
split,vendor_stage,B2,set_size,4176,103,1.5541187739463602,1.5343416672094723,1.5701051574885843,0.009203535667310721,0,r1
split,vendor_stage,B3,set_size,6897,180,1.6157749746266492,1.5970525228074197,1.6285382839544902,0.00822575956750936,0,r1
split,vendor_stage,B4,set_size,1546,24,1.5258732212160413,1.4996626239246642,1.548976015696862,0.013004984539004314,0,r1
split,vendor_stage,C0,set_size,17811,283,1.5958677221941497,1.5794609537852895,1.6082449196573736,0.007681957736497418,0,r1
split,vendor_stage,C1,set_size,16581,395,1.6077438031481817,1.5907547043981605,1.6203499810480817,0.007810235591349649,0,r1
split,vendor_stage,C2,set_size,14823,578,1.6499359104094988,1.6333503039394766,1.6615291649553636,0.007630910160721577,0,r1
split,vendor_stage,C3,set_size,8811,872,1.6588355464759958,1.640779426509113,1.6720984452732701,0.007830949038397792,0,r1
split,vendor_stage,C4,set_size,2,2,1.5,1.0,2.0,0.38337009607133193,129,r1
split,vendor_stage,A0,singleton,47,1,0.9574468085106383,0.9,1.0,0.028963309572385697,1,r1
split,vendor_stage,A1,singleton,26,1,0.9615384615384616,0.8846153846153846,1.0,0.035649182535055834,0,r1
split,vendor_stage,A2,singleton,119,0,0.8823529411764706,0.8150155218291121,0.9411764705882353,0.032228817345320356,0,r1
split,vendor_stage,A3,singleton,3417,14,0.9402985074626866,0.9306221054042383,0.9487355785485152,0.00468147377839038,0,r1
split,vendor_stage,A4,singleton,18035,289,0.942278902134738,0.9345000350859278,0.949137347064948,0.003753371527785476,0,r1
split,vendor_stage,B0,singleton,1848,21,0.5670995670995671,0.5443682301461396,0.5906874035208723,0.012028217476025064,0,r1
split,vendor_stage,B1,singleton,2883,99,0.37183489420742283,0.3513041632939592,0.39985925658607,0.012271791501190924,0,r1
split,vendor_stage,B2,singleton,4176,103,0.44588122605363983,0.4298948425114158,0.46565833279052765,0.009203535667310725,0,r1
split,vendor_stage,B3,singleton,6897,180,0.38422502537335074,0.3714617160455098,0.40294747719258023,0.008225759567509363,0,r1
split,vendor_stage,B4,singleton,1546,24,0.4741267787839586,0.45102398430313817,0.5003373760753359,0.013004984539004307,0,r1
split,vendor_stage,C0,singleton,17811,283,0.4041322778058503,0.3917550803426265,0.4205390462147104,0.007681957736497421,0,r1
split,vendor_stage,C1,singleton,16581,395,0.39225619685181834,0.37965001895191824,0.40924529560183964,0.007810235591349651,0,r1
split,vendor_stage,C2,singleton,14823,578,0.3500640895905012,0.3384708350446363,0.36664969606052344,0.0076309101607215735,0,r1
split,vendor_stage,C3,singleton,8811,872,0.3411644535240041,0.32790155472672994,0.359220573490887,0.007830949038397785,0,r1
split,vendor_stage,C4,singleton,2,2,0.5,0.0,1.0,0.38337009607133193,129,r1
split,vendor_stage,A0,doubleton,47,1,0.0425531914893617,0.0,0.1,0.028963309572385694,1,r1
split,vendor_stage,A1,doubleton,26,1,0.038461538461538464,0.0,0.11538461538461539,0.03564918253505576,0,r1
split,vendor_stage,A2,doubleton,119,0,0.11764705882352941,0.058823529411764705,0.1849844781708879,0.03222881734532037,0,r1
split,vendor_stage,A3,doubleton,3417,14,0.05970149253731343,0.051264421451484764,0.0693778945957618,0.0046814737783903845,0,r1
split,vendor_stage,A4,doubleton,18035,289,0.05772109786526199,0.05086265293505198,0.0654999649140722,0.0037533715277854743,0,r1
split,vendor_stage,B0,doubleton,1848,21,0.4329004329004329,0.40931259647912765,0.45563176985386045,0.01202821747602507,0,r1
split,vendor_stage,B1,doubleton,2883,99,0.6281651057925772,0.6001407434139301,0.6486958367060408,0.01227179150119093,0,r1
split,vendor_stage,B2,doubleton,4176,103,0.5541187739463601,0.5343416672094723,0.5701051574885843,0.00920353566731072,0,r1
split,vendor_stage,B3,doubleton,6897,180,0.6157749746266493,0.5970525228074197,0.6285382839544902,0.008225759567509367,0,r1
split,vendor_stage,B4,doubleton,1546,24,0.5258732212160414,0.49966262392466404,0.5489760156968618,0.013004984539004305,0,r1
split,vendor_stage,C0,doubleton,17811,283,0.5958677221941496,0.5794609537852896,0.6082449196573735,0.00768195773649742,0,r1
split,vendor_stage,C1,doubleton,16581,395,0.6077438031481817,0.5907547043981604,0.6203499810480817,0.007810235591349648,0,r1
split,vendor_stage,C2,doubleton,14823,578,0.6499359104094987,0.6333503039394766,0.6615291649553637,0.0076309101607215735,0,r1
split,vendor_stage,C3,doubleton,8811,872,0.658835546475996,0.640779426509113,0.67209844527327,0.007830949038397782,0,r1
split,vendor_stage,C4,doubleton,2,2,0.5,0.0,1.0,0.38337009607133193,129,r1
split,vendor_stage,A0,empty,47,1,0.0,0.0,0.0,0.0,1,r1
split,vendor_stage,A1,empty,26,1,0.0,0.0,0.0,0.0,0,r1
split,vendor_stage,A2,empty,119,0,0.0,0.0,0.0,0.0,0,r1
split,vendor_stage,A3,empty,3417,14,0.0,0.0,0.0,0.0,0,r1
split,vendor_stage,A4,empty,18035,289,0.0,0.0,0.0,0.0,0,r1
split,vendor_stage,B0,empty,1848,21,0.0,0.0,0.0,0.0,0,r1
split,vendor_stage,B1,empty,2883,99,0.0,0.0,0.0,0.0,0,r1
split,vendor_stage,B2,empty,4176,103,0.0,0.0,0.0,0.0,0,r1
split,vendor_stage,B3,empty,6897,180,0.0,0.0,0.0,0.0,0,r1
split,vendor_stage,B4,empty,1546,24,0.0,0.0,0.0,0.0,0,r1
split,vendor_stage,C0,empty,17811,283,0.0,0.0,0.0,0.0,0,r1
split,vendor_stage,C1,empty,16581,395,0.0,0.0,0.0,0.0,0,r1
split,vendor_stage,C2,empty,14823,578,0.0,0.0,0.0,0.0,0,r1
split,vendor_stage,C3,empty,8811,872,0.0,0.0,0.0,0.0,0,r1
split,vendor_stage,C4,empty,2,2,0.0,0.0,0.0,0.0,129,r1
split,vendor_stage,A0,alert_rate,47,1,0.1276595744680851,0.0,0.43478260869565216,0.12162503484300649,1,r1
split,vendor_stage,A1,alert_rate,26,1,0.07692307692307693,0.0,0.15390624999999997,0.04451604305768701,0,r1
split,vendor_stage,A2,alert_rate,119,0,0.14285714285714285,0.07499067164179105,0.23078512396694215,0.040223955627550025,0,r1
split,vendor_stage,A3,alert_rate,3417,14,0.09306409130816505,0.0787000803964035,0.10664953460640655,0.007219221229114082,0,r1
split,vendor_stage,A4,alert_rate,18035,289,0.10280011089548101,0.09302004019079711,0.11229084761144753,0.005017244740201469,0,r1
split,vendor_stage,B0,alert_rate,1848,21,0.4843073593073593,0.46043621261792045,0.5115449414863456,0.013126658543946323,0,r1
split,vendor_stage,B1,alert_rate,2883,99,0.6906000693721818,0.6650106174842527,0.7055217927008173,0.010332057228103137,0,r1
split,vendor_stage,B2,alert_rate,4176,103,0.6149425287356322,0.5966905511408173,0.6290598086329391,0.008305849478980182,0,r1
split,vendor_stage,B3,alert_rate,6897,180,0.709873858199217,0.6936907961935127,0.7213438710470824,0.007090578091232654,0,r1
split,vendor_stage,B4,alert_rate,1546,24,0.7173350582147477,0.6945443207213415,0.7372660547733618,0.01135685545583083,0,r1
split,vendor_stage,C0,alert_rate,17811,283,0.7181517040031441,0.7046464184668767,0.7257823846651413,0.005919823723620987,0,r1
split,vendor_stage,C1,alert_rate,16581,395,0.7153971413063145,0.70181303609252,0.7237039263560167,0.005801055102224069,0,r1
split,vendor_stage,C2,alert_rate,14823,578,0.7644201578627808,0.7506697762553194,0.773185967655984,0.00588836596138329,0,r1
split,vendor_stage,C3,alert_rate,8811,872,0.8791283622744297,0.8673918563173476,0.8866211714435974,0.004969087710010384,0,r1
split,vendor_stage,C4,alert_rate,2,2,1.0,1.0,1.0,0.0,129,r1
mondrian_class,all,all,coverage,97022,2862,0.8994454865906701,0.8957235041996433,0.9035114008790412,0.0019926469277674525,0,r1
mondrian_class,all,all,cov_healthy,97022,2862,0.8995858113848768,0.8957973620928023,0.9038446503337737,0.002061475892661351,0,r1
mondrian_class,all,all,cov_failure,97022,2862,0.8948287910552062,0.8783587920274849,0.9083976354638736,0.007452936030906643,0,r1
mondrian_class,all,all,set_size,97022,2862,1.6139226154892705,1.5931062220469867,1.62617391384705,0.008319971094246119,0,r1
mondrian_class,all,all,singleton,97022,2862,0.38607738451072954,0.37382608615295004,0.4068937779530134,0.008319971094246117,0,r1
mondrian_class,all,all,doubleton,97022,2862,0.6139226154892705,0.5931062220469866,0.62617391384705,0.008319971094246124,0,r1
mondrian_class,all,all,empty,97022,2862,0.0,0.0,0.0,0.0,0,r1
mondrian_class,all,all,alert_rate,97022,2862,0.7199810352291233,0.6995014258600448,0.7320953187058424,0.008472047014849568,0,r1
mondrian_class,stage,0,coverage,19706,305,0.8858215771846139,0.8799309489724706,0.8916239531661091,0.003059622812143732,0,r1
mondrian_class,stage,1,coverage,19490,495,0.9060030785017958,0.8996391768858912,0.9123592286050386,0.0032389634714011326,0,r1
mondrian_class,stage,2,coverage,19118,681,0.9006172193744115,0.8948427374940822,0.9068817195701432,0.0031571069776022524,0,r1
mondrian_class,stage,3,coverage,19125,1066,0.8705882352941177,0.8646809169388724,0.8766036446886045,0.0031503689418756484,0,r1
mondrian_class,stage,4,coverage,19583,315,0.9336669560332942,0.9278995420606205,0.9397583163034193,0.0029800173938701875,0,r1
mondrian_class,stage,0,cov_healthy,19706,305,0.8849543837946497,0.8789824072627426,0.8908799497384586,0.00312305980665818,0,r1
mondrian_class,stage,1,cov_healthy,19490,495,0.9042906027902079,0.8976916661038663,0.9108669359786509,0.003322959176960279,0,r1
mondrian_class,stage,2,cov_healthy,19118,681,0.8991701469870369,0.8930672856373061,0.9058108496526371,0.003269693996075437,0,r1
mondrian_class,stage,3,cov_healthy,19125,1066,0.8652195581150672,0.8587726889325862,0.8714935866944155,0.0033494749376988178,0,r1
mondrian_class,stage,4,cov_healthy,19583,315,0.9422877309528752,0.936568969406697,0.9482892042202358,0.002980018842310962,0,r1
mondrian_class,stage,0,cov_failure,19706,305,0.940983606557377,0.91502920317063,0.9661045579477783,0.013162087463627304,0,r1
mondrian_class,stage,1,cov_failure,19490,495,0.9717171717171718,0.9474653653739257,0.9861660079051383,0.009733413979958742,0,r1
mondrian_class,stage,2,cov_failure,19118,681,0.9397944199706314,0.9191146690635017,0.9570846062951149,0.009733450040979846,0,r1
mondrian_class,stage,3,cov_failure,19125,1066,0.9615384615384616,0.9477172541842863,0.972197786360754,0.006471418196445282,0,r1
mondrian_class,stage,4,cov_failure,19583,315,0.40634920634920635,0.34322951712646993,0.48279657341140747,0.034142697743224204,0,r1
mondrian_class,stage,0,set_size,19706,305,1.7251091038262458,1.7123282836298004,1.7346290425541684,0.005744927589269298,0,r1
mondrian_class,stage,1,set_size,19490,495,1.7667008722421755,1.7422543333360492,1.7776434232327312,0.008127637772000476,0,r1
mondrian_class,stage,2,set_size,19118,681,1.7699027094884403,1.7459968999200017,1.7791731696302286,0.008827787199165651,0,r1
mondrian_class,stage,3,set_size,19125,1066,1.6373333333333333,1.6189917009948256,1.650451282123151,0.008093858935493924,0,r1
mondrian_class,stage,4,set_size,19583,315,1.1748455292856048,1.1522636195406641,1.200578126171294,0.012638529698491423,0,r1
mondrian_class,stage,0,singleton,19706,305,0.2748908961737542,0.26537095744583156,0.2876717163701998,0.005744927589269296,0,r1
mondrian_class,stage,1,singleton,19490,495,0.23329912775782452,0.22235657676726878,0.25774566666395093,0.008127637772000469,0,r1
mondrian_class,stage,2,singleton,19118,681,0.23009729051155978,0.2208268303697714,0.25400310007999827,0.008827787199165648,0,r1
mondrian_class,stage,3,singleton,19125,1066,0.3626666666666667,0.34954871787684916,0.3810082990051745,0.008093858935493917,0,r1
mondrian_class,stage,4,singleton,19583,315,0.8251544707143952,0.7994218738287059,0.8477363804593359,0.012638529698491432,0,r1
mondrian_class,stage,0,doubleton,19706,305,0.7251091038262458,0.7123282836298003,0.7346290425541684,0.005744927589269297,0,r1
mondrian_class,stage,1,doubleton,19490,495,0.7667008722421754,0.7422543333360491,0.7776434232327313,0.008127637772000469,0,r1
mondrian_class,stage,2,doubleton,19118,681,0.7699027094884402,0.7459968999200016,0.7791731696302285,0.008827787199165642,0,r1
mondrian_class,stage,3,doubleton,19125,1066,0.6373333333333333,0.6189917009948255,0.6504512821231507,0.00809385893549392,0,r1
mondrian_class,stage,4,doubleton,19583,315,0.17484552928560487,0.15226361954066422,0.20057812617129406,0.012638529698491434,0,r1
mondrian_class,stage,0,empty,19706,305,0.0,0.0,0.0,0.0,0,r1
mondrian_class,stage,1,empty,19490,495,0.0,0.0,0.0,0.0,0,r1
mondrian_class,stage,2,empty,19118,681,0.0,0.0,0.0,0.0,0,r1
mondrian_class,stage,3,empty,19125,1066,0.0,0.0,0.0,0.0,0,r1
mondrian_class,stage,4,empty,19583,315,0.0,0.0,0.0,0.0,0,r1
mondrian_class,stage,0,alert_rate,19706,305,0.8432457119658987,0.8305071624401243,0.8507281730433253,0.0052348745041315824,0,r1
mondrian_class,stage,1,alert_rate,19490,495,0.8702924576706003,0.8467374580478021,0.8783300120294554,0.007654457700833031,0,r1
mondrian_class,stage,2,alert_rate,19118,681,0.8757192174913694,0.8514622085795369,0.8826021592747699,0.008558623968678805,0,r1
mondrian_class,stage,3,alert_rate,19125,1066,0.7819084967320261,0.7622523833522536,0.7949657085470032,0.008220385532269784,0,r1
mondrian_class,stage,4,alert_rate,19583,315,0.23382525660011233,0.20958070041736304,0.2610327016612128,0.013570177584842181,0,r1
mondrian_class,vendor,A,coverage,21644,305,0.9475143226760303,0.9419954230063403,0.9528085520158038,0.0027906255092213328,0,r1
mondrian_class,vendor,B,coverage,17350,427,0.9175792507204611,0.9117607307900459,0.9224415268528148,0.002723763284618509,0,r1
mondrian_class,vendor,C,coverage,58028,2130,0.8760942993037844,0.8719530738194722,0.8813892421591408,0.0024771328999233003,0,r1
mondrian_class,vendor,A,cov_healthy,21644,305,0.9559960635456207,0.9504393432179673,0.9612866183325615,0.002788996031311909,0,r1
mondrian_class,vendor,B,cov_healthy,17350,427,0.9178632630148319,0.912036716574236,0.9229072341366461,0.0027816754039063384,0,r1
mondrian_class,vendor,C,cov_healthy,58028,2130,0.8725178002790798,0.8681049579553974,0.8779912066200136,0.0025803052527029286,0,r1
mondrian_class,vendor,A,cov_failure,21644,305,0.3540983606557377,0.2901983617089624,0.4323601986366861,0.03403899762963696,0,r1
mondrian_class,vendor,B,cov_failure,17350,427,0.9063231850117096,0.8717905405405405,0.9321286141575275,0.015812094412006827,0,r1
mondrian_class,vendor,C,cov_failure,58028,2130,0.9699530516431925,0.9587719520256308,0.9776139768646092,0.004723999765895776,0,r1
mondrian_class,vendor,A,set_size,21644,305,1.1350489743115875,1.1127365756877738,1.1606128879621445,0.012657243741278103,0,r1
mondrian_class,vendor,B,set_size,17350,427,1.7239769452449567,1.7055890757088807,1.732541722361183,0.0069529620647095286,0,r1
mondrian_class,vendor,C,set_size,58028,2130,1.759633280485283,1.740474540076298,1.7677514203683633,0.006627383923235454,0,r1
mondrian_class,vendor,A,singleton,21644,305,0.8649510256884125,0.8393871120378555,0.887263424312226,0.012657243741278105,0,r1
mondrian_class,vendor,B,singleton,17350,427,0.27602305475504324,0.2674582776388169,0.29441092429111937,0.006952962064709531,0,r1
mondrian_class,vendor,C,singleton,58028,2130,0.24036671951471703,0.23224857963163673,0.2595254599237022,0.00662738392323545,0,r1
mondrian_class,vendor,A,doubleton,21644,305,0.1350489743115875,0.11273657568777397,0.16061288796214446,0.012657243741278103,0,r1
mondrian_class,vendor,B,doubleton,17350,427,0.7239769452449568,0.7055890757088806,0.7325417223611831,0.006952962064709529,0,r1
mondrian_class,vendor,C,doubleton,58028,2130,0.759633280485283,0.7404745400762979,0.7677514203683633,0.006627383923235453,0,r1
mondrian_class,vendor,A,empty,21644,305,0.0,0.0,0.0,0.0,0,r1
mondrian_class,vendor,B,empty,17350,427,0.0,0.0,0.0,0.0,0,r1
mondrian_class,vendor,C,empty,58028,2130,0.0,0.0,0.0,0.0,0,r1
mondrian_class,vendor,A,alert_rate,21644,305,0.18028090925891702,0.15516892588295675,0.2070973983219772,0.013507245422344012,0,r1
mondrian_class,vendor,B,alert_rate,17350,427,0.810835734870317,0.7926016954668333,0.8188295641436452,0.006522813529206002,0,r1
mondrian_class,vendor,C,alert_rate,58028,2130,0.894120079961398,0.8751675924341011,0.8995858133695116,0.006338014198839955,0,r1
mondrian_class,vendor_stage,A0,coverage,47,1,0.9361702127659575,0.7391304347826086,1.0,0.07456365857015265,1,r1
mondrian_class,vendor_stage,A1,coverage,26,1,0.9230769230769231,0.7692307692307693,1.0,0.06449519578693362,0,r1
mondrian_class,vendor_stage,A2,coverage,119,0,0.9663865546218487,0.9285714285714286,0.9928120003996803,0.017353633831302732,0,r1
mondrian_class,vendor_stage,A3,coverage,3417,14,0.9622475856014048,0.9532525610290069,0.9704657648358415,0.00449265827585213,0,r1
mondrian_class,vendor_stage,A4,coverage,18035,289,0.9446631549764347,0.9386200317008315,0.9509704302171472,0.0030822087474058142,0,r1
mondrian_class,vendor_stage,B0,coverage,1848,21,0.946969696969697,0.9362126788649814,0.9574037026802984,0.005432443739309745,0,r1
mondrian_class,vendor_stage,B1,coverage,2883,99,0.9493583073187651,0.9395676274118461,0.9583494800340965,0.0047204945793278144,0,r1
mondrian_class,vendor_stage,B2,coverage,4176,103,0.9375,0.9288359530063824,0.9456613630791278,0.004349798343891474,0,r1
mondrian_class,vendor_stage,B3,coverage,6897,180,0.9095258808177469,0.9000611611412269,0.9177577207903502,0.004470689205061541,0,r1
mondrian_class,vendor_stage,B4,coverage,1546,24,0.8053040103492884,0.7863313941632125,0.8227654567910619,0.009124868984243901,0,r1
mondrian_class,vendor_stage,C0,coverage,17811,283,0.8793442254786368,0.8733705925809528,0.885956307001744,0.003287660854041709,0,r1
mondrian_class,vendor_stage,C1,coverage,16581,395,0.8984379711718232,0.891581157575649,0.9052634336494428,0.0035225528614206084,0,r1
mondrian_class,vendor_stage,C2,coverage,14823,578,0.88969844161101,0.8830294996374063,0.8973997787114163,0.0036260184517830914,0,r1
mondrian_class,vendor_stage,C3,coverage,8811,872,0.804562478719782,0.7964292503379683,0.8142074084528683,0.004562969971165778,0,r1
mondrian_class,vendor_stage,C4,coverage,2,2,1.0,1.0,1.0,0.0,129,r1
mondrian_class,vendor_stage,A0,cov_healthy,47,1,0.9347826086956522,0.7142857142857143,1.0,0.08116406403446604,1,r1
mondrian_class,vendor_stage,A1,cov_healthy,26,1,0.96,0.8619458128078817,1.0,0.040932519904779384,0,r1
mondrian_class,vendor_stage,A2,cov_healthy,119,0,0.9663865546218487,0.9285714285714286,0.9928120003996803,0.017353633831302732,0,r1
mondrian_class,vendor_stage,A3,cov_healthy,3417,14,0.9662062885689098,0.9572509025544074,0.9741932321556244,0.004381056311781715,0,r1
mondrian_class,vendor_stage,A4,cov_healthy,18035,289,0.954017806829708,0.9479864468719531,0.9598643809035201,0.003073026634201918,0,r1
mondrian_class,vendor_stage,B0,cov_healthy,1848,21,0.9474548440065681,0.9366058305581255,0.9575641505346698,0.005458167745368983,0,r1
mondrian_class,vendor_stage,B1,cov_healthy,2883,99,0.9479166666666666,0.9380362132788634,0.9576085087276445,0.004886109002667513,0,r1
mondrian_class,vendor_stage,B2,cov_healthy,4176,103,0.9405843358703658,0.9319118837694491,0.9489163743989592,0.004325834629057143,0,r1
mondrian_class,vendor_stage,B3,cov_healthy,6897,180,0.9090367723686169,0.8995127933061214,0.9174711908908489,0.0045773697096452666,0,r1
mondrian_class,vendor_stage,B4,cov_healthy,1546,24,0.8055190538764783,0.7869494443567097,0.822543869766556,0.009108128411340267,0,r1
mondrian_class,vendor_stage,C0,cov_healthy,17811,283,0.8783089913281606,0.8721938993942742,0.8850795567712014,0.0033608283066604632,0,r1
mondrian_class,vendor_stage,C1,cov_healthy,16581,395,0.8967008525886568,0.889647956372477,0.9036444251745636,0.0036154857178265555,0,r1
mondrian_class,vendor_stage,C2,cov_healthy,14823,578,0.8867672867672868,0.8798994406078057,0.8948283561124912,0.0037640309638597527,0,r1
mondrian_class,vendor_stage,C3,cov_healthy,8811,872,0.7848595541000126,0.7762409380625699,0.7953296154858548,0.005024474780666246,0,r1
mondrian_class,vendor_stage,C4,cov_healthy,2,2,NaN,NaN,NaN,NaN,1000,r1
mondrian_class,vendor_stage,A0,cov_failure,47,1,1.0,1.0,1.0,0.0,356,r1
mondrian_class,vendor_stage,A1,cov_failure,26,1,0.0,0.0,0.0,0.08880336309961462,370,r1
mondrian_class,vendor_stage,A2,cov_failure,119,0,NaN,NaN,NaN,NaN,1000,r1
mondrian_class,vendor_stage,A3,cov_failure,3417,14,0.0,0.0,0.0,0.0,0,r1
mondrian_class,vendor_stage,A4,cov_failure,18035,289,0.370242214532872,0.30544976076555025,0.4536797861011035,0.035806076311338086,0,r1
mondrian_class,vendor_stage,B0,cov_failure,1848,21,0.9047619047619048,0.75,1.0,0.06724510632618863,0,r1
mondrian_class,vendor_stage,B1,cov_failure,2883,99,0.98989898989899,0.9642857142857143,1.0,0.010431019985226213,0,r1
mondrian_class,vendor_stage,B2,cov_failure,4176,103,0.8155339805825242,0.7339296636085627,0.8857488479262672,0.03956990729550914,0,r1
mondrian_class,vendor_stage,B3,cov_failure,6897,180,0.9277777777777778,0.8756587837837838,0.9629852744310575,0.021742315072151793,0,r1
mondrian_class,vendor_stage,B4,cov_failure,1546,24,0.7916666666666666,0.6,0.9500595238095237,0.08656506271252283,0,r1
mondrian_class,vendor_stage,C0,cov_failure,17811,283,0.9434628975265018,0.9175609496433514,0.9700122950819672,0.01321784955935412,0,r1
mondrian_class,vendor_stage,C1,cov_failure,16581,395,0.9696202531645569,0.941737216828479,0.9855473199210142,0.011464965041869416,0,r1
mondrian_class,vendor_stage,C2,cov_failure,14823,578,0.9619377162629758,0.943875653567212,0.9775523014408404,0.008470531240559772,0,r1
mondrian_class,vendor_stage,C3,cov_failure,8811,872,0.9839449541284404,0.9735872574836386,0.9919910755148741,0.004608192567007735,0,r1
mondrian_class,vendor_stage,C4,cov_failure,2,2,1.0,1.0,1.0,0.0,129,r1
mondrian_class,vendor_stage,A0,set_size,47,1,1.2127659574468086,1.0925925925925926,1.3548387096774193,0.06794358616267254,1,r1
mondrian_class,vendor_stage,A1,set_size,26,1,1.1153846153846154,1.0,1.2258064516129032,0.05813086129058415,0,r1
mondrian_class,vendor_stage,A2,set_size,119,0,1.1932773109243697,1.1012509557386798,1.2912621359223302,0.049900119222726275,0,r1
mondrian_class,vendor_stage,A3,set_size,3417,14,1.1395961369622476,1.1133866119056834,1.1619613423802355,0.012933251193165353,0,r1
mondrian_class,vendor_stage,A4,set_size,18035,289,1.1336290546160244,1.1109216001494484,1.1601284759256498,0.013019639698185606,0,r1
mondrian_class,vendor_stage,B0,set_size,1848,21,1.6006493506493507,1.5700791424564216,1.6259316955596912,0.014501505879360962,0,r1
mondrian_class,vendor_stage,B1,set_size,2883,99,1.7554630593132154,1.7343369750145907,1.7726067282245896,0.010071117848316989,0,r1
mondrian_class,vendor_stage,B2,set_size,4176,103,1.7318007662835249,1.7096842162913923,1.7443918240691083,0.008773992751195205,0,r1
mondrian_class,vendor_stage,B3,set_size,6897,180,1.7545309554878934,1.7318734571119339,1.7662102727369757,0.008489427451393937,0,r1
mondrian_class,vendor_stage,B4,set_size,1546,24,1.6552393272962485,1.6297176392193304,1.6818196022727274,0.013066154022129683,0,r1
mondrian_class,vendor_stage,C0,set_size,17811,283,1.739374543821234,1.7265076931866876,1.7486925293177036,0.005792123562313612,0,r1
mondrian_class,vendor_stage,C1,set_size,16581,395,1.7696761353356252,1.7441827241809509,1.7810279789731678,0.008625951324852695,0,r1
mondrian_class,vendor_stage,C2,set_size,14823,578,1.7852661404573973,1.7599405516107989,1.7957244959022105,0.009456310587903126,0,r1
mondrian_class,vendor_stage,C3,set_size,8811,872,1.738622176824424,1.726985756751153,1.7501138563292975,0.0059952226730498595,0,r1
mondrian_class,vendor_stage,C4,set_size,2,2,1.5,1.0,2.0,0.38337009607133193,129,r1
mondrian_class,vendor_stage,A0,singleton,47,1,0.7872340425531915,0.6451612903225806,0.9074074074074074,0.06794358616267258,1,r1
mondrian_class,vendor_stage,A1,singleton,26,1,0.8846153846153846,0.7741935483870968,1.0,0.058130861290584146,0,r1
mondrian_class,vendor_stage,A2,singleton,119,0,0.8067226890756303,0.7087378640776699,0.8987490442613202,0.04990011922272626,0,r1
mondrian_class,vendor_stage,A3,singleton,3417,14,0.8604038630377524,0.8380386576197644,0.8866133880943167,0.01293325119316535,0,r1
mondrian_class,vendor_stage,A4,singleton,18035,289,0.8663709453839756,0.8398715240743504,0.8890783998505518,0.013019639698185618,0,r1
mondrian_class,vendor_stage,B0,singleton,1848,21,0.39935064935064934,0.37406830444030886,0.42992085754357845,0.014501505879360962,0,r1
mondrian_class,vendor_stage,B1,singleton,2883,99,0.2445369406867846,0.22739327177541055,0.26566302498540934,0.010071117848316989,0,r1
mondrian_class,vendor_stage,B2,singleton,4176,103,0.2681992337164751,0.2556081759308918,0.2903157837086076,0.008773992751195203,0,r1
mondrian_class,vendor_stage,B3,singleton,6897,180,0.24546904451210672,0.2337897272630244,0.26812654288806614,0.008489427451393933,0,r1
mondrian_class,vendor_stage,B4,singleton,1546,24,0.3447606727037516,0.31818039772727275,0.3702823607806696,0.013066154022129683,0,r1
mondrian_class,vendor_stage,C0,singleton,17811,283,0.2606254561787659,0.2513074706822964,0.2734923068133124,0.005792123562313618,0,r1
mondrian_class,vendor_stage,C1,singleton,16581,395,0.23032386466437488,0.2189720210268321,0.255817275819049,0.00862595132485269,0,r1
mondrian_class,vendor_stage,C2,singleton,14823,578,0.2147338595426027,0.2042755040977893,0.24005944838920112,0.009456310587903135,0,r1
mondrian_class,vendor_stage,C3,singleton,8811,872,0.261377823175576,0.24988614367070242,0.2730142432488468,0.005995222673049863,0,r1
mondrian_class,vendor_stage,C4,singleton,2,2,0.5,0.0,1.0,0.38337009607133193,129,r1
mondrian_class,vendor_stage,A0,doubleton,47,1,0.2127659574468085,0.09259259259259259,0.3548387096774194,0.06794358616267254,1,r1
mondrian_class,vendor_stage,A1,doubleton,26,1,0.11538461538461539,0.0,0.22580645161290322,0.058130861290584215,0,r1
mondrian_class,vendor_stage,A2,doubleton,119,0,0.19327731092436976,0.1012509557386798,0.2912621359223301,0.049900119222726275,0,r1
mondrian_class,vendor_stage,A3,doubleton,3417,14,0.1395961369622476,0.11338661190568339,0.16196134238023557,0.012933251193165357,0,r1
mondrian_class,vendor_stage,A4,doubleton,18035,289,0.1336290546160244,0.11092160014944823,0.16012847592564966,0.013019639698185616,0,r1
mondrian_class,vendor_stage,B0,doubleton,1848,21,0.6006493506493507,0.5700791424564216,0.6259316955596911,0.014501505879360964,0,r1
mondrian_class,vendor_stage,B1,doubleton,2883,99,0.7554630593132154,0.7343369750145906,0.7726067282245894,0.01007111784831699,0,r1
mondrian_class,vendor_stage,B2,doubleton,4176,103,0.7318007662835249,0.7096842162913923,0.7443918240691082,0.008773992751195203,0,r1
mondrian_class,vendor_stage,B3,doubleton,6897,180,0.7545309554878933,0.7318734571119339,0.7662102727369755,0.008489427451393937,0,r1
mondrian_class,vendor_stage,B4,doubleton,1546,24,0.6552393272962483,0.6297176392193303,0.6818196022727272,0.0130661540221297,0,r1
mondrian_class,vendor_stage,C0,doubleton,17811,283,0.739374543821234,0.7265076931866876,0.7486925293177036,0.0057921235623136155,0,r1
mondrian_class,vendor_stage,C1,doubleton,16581,395,0.7696761353356251,0.744182724180951,0.7810279789731679,0.008625951324852688,0,r1
mondrian_class,vendor_stage,C2,doubleton,14823,578,0.7852661404573973,0.7599405516107989,0.7957244959022107,0.00945631058790313,0,r1
mondrian_class,vendor_stage,C3,doubleton,8811,872,0.738622176824424,0.7269857567511532,0.7501138563292976,0.005995222673049857,0,r1
mondrian_class,vendor_stage,C4,doubleton,2,2,0.5,0.0,1.0,0.38337009607133193,129,r1
mondrian_class,vendor_stage,A0,empty,47,1,0.0,0.0,0.0,0.0,1,r1
mondrian_class,vendor_stage,A1,empty,26,1,0.0,0.0,0.0,0.0,0,r1
mondrian_class,vendor_stage,A2,empty,119,0,0.0,0.0,0.0,0.0,0,r1
mondrian_class,vendor_stage,A3,empty,3417,14,0.0,0.0,0.0,0.0,0,r1
mondrian_class,vendor_stage,A4,empty,18035,289,0.0,0.0,0.0,0.0,0,r1
mondrian_class,vendor_stage,B0,empty,1848,21,0.0,0.0,0.0,0.0,0,r1
mondrian_class,vendor_stage,B1,empty,2883,99,0.0,0.0,0.0,0.0,0,r1
mondrian_class,vendor_stage,B2,empty,4176,103,0.0,0.0,0.0,0.0,0,r1
mondrian_class,vendor_stage,B3,empty,6897,180,0.0,0.0,0.0,0.0,0,r1
mondrian_class,vendor_stage,B4,empty,1546,24,0.0,0.0,0.0,0.0,0,r1
mondrian_class,vendor_stage,C0,empty,17811,283,0.0,0.0,0.0,0.0,0,r1
mondrian_class,vendor_stage,C1,empty,16581,395,0.0,0.0,0.0,0.0,0,r1
mondrian_class,vendor_stage,C2,empty,14823,578,0.0,0.0,0.0,0.0,0,r1
mondrian_class,vendor_stage,C3,empty,8811,872,0.0,0.0,0.0,0.0,0,r1
mondrian_class,vendor_stage,C4,empty,2,2,0.0,0.0,0.0,0.0,129,r1
mondrian_class,vendor_stage,A0,alert_rate,47,1,0.2978723404255319,0.10344827586206896,0.6131404174573053,0.13426429148071065,1,r1
mondrian_class,vendor_stage,A1,alert_rate,26,1,0.15384615384615385,0.0,0.25,0.051880895400664734,0,r1
mondrian_class,vendor_stage,A2,alert_rate,119,0,0.226890756302521,0.125,0.34505012531328316,0.05839130490315092,0,r1
mondrian_class,vendor_stage,A3,alert_rate,3417,14,0.1732513901082821,0.1435996137440429,0.1995145445929812,0.014815129771914036,0,r1
mondrian_class,vendor_stage,A4,alert_rate,18035,289,0.18103687274743555,0.15559309531922577,0.20915288952763086,0.01397324284023453,0,r1
mondrian_class,vendor_stage,B0,alert_rate,1848,21,0.6536796536796536,0.6225687774782335,0.6800216385336828,0.014954852936452294,0,r1
mondrian_class,vendor_stage,B1,alert_rate,2883,99,0.8196323274366979,0.8005092995068881,0.8345842350845044,0.008682159156568262,0,r1
mondrian_class,vendor_stage,B2,alert_rate,4176,103,0.7940613026819924,0.7716697720824706,0.8050342772074688,0.00833046122150448,0,r1
mondrian_class,vendor_stage,B3,alert_rate,6897,180,0.8509496882702624,0.8300966639090794,0.8610886409842022,0.007816551541050019,0,r1
mondrian_class,vendor_stage,B4,alert_rate,1546,24,0.8486416558861578,0.8276121331974906,0.8674195537361087,0.010163299100432463,0,r1
mondrian_class,vendor_stage,C0,alert_rate,17811,283,0.8643534894166526,0.8519111270454308,0.871296448756823,0.0051172128814098135,0,r1
mondrian_class,vendor_stage,C1,alert_rate,16581,395,0.8802243531753211,0.8549531660016607,0.8885935595606885,0.008117349119856085,0,r1
mondrian_class,vendor_stage,C2,alert_rate,14823,578,0.9039330769749714,0.8787328340711509,0.9106732512076912,0.0089277658096714,0,r1
mondrian_class,vendor_stage,C3,alert_rate,8811,872,0.9639087504256043,0.9529786047118174,0.9690456771833944,0.003835965886287106,0,r1
mondrian_class,vendor_stage,C4,alert_rate,2,2,1.0,1.0,1.0,0.0,129,r1
mondrian_stage,all,all,coverage,97022,2862,0.9024138855105027,0.899048285819213,0.9060107739372351,0.0017568392126422173,0,r1
mondrian_stage,all,all,cov_healthy,97022,2862,0.9051401869158878,0.9018789648037087,0.908738584190284,0.0017847263390046012,0,r1
mondrian_stage,all,all,cov_failure,97022,2862,0.8127183787561146,0.7976874030589205,0.8272636596987801,0.007516024269900352,0,r1
mondrian_stage,all,all,set_size,97022,2862,1.492321329183072,1.4804759271211856,1.502491749914038,0.005615624183013959,0,r1
mondrian_stage,all,all,singleton,97022,2862,0.5076786708169281,0.497508250085962,0.5195240728788145,0.005615624183013957,0,r1
mondrian_stage,all,all,doubleton,97022,2862,0.49232132918307187,0.4804759271211855,0.502491749914038,0.005615624183013954,0,r1
mondrian_stage,all,all,empty,97022,2862,0.0,0.0,0.0,0.0,0,r1
mondrian_stage,all,all,alert_rate,97022,2862,0.5925254066088104,0.5811931442849558,0.6020227087546395,0.005146700403721581,0,r1
mondrian_stage,stage,0,coverage,19706,305,0.8962245001522379,0.888946088194467,0.9037918510568179,0.003817986094280599,0,r1
mondrian_stage,stage,1,coverage,19490,495,0.9021549512570549,0.8968796541167163,0.9105841644797961,0.0033718692822616654,0,r1
mondrian_stage,stage,2,coverage,19118,681,0.9037556229731143,0.8967193801676335,0.9110840856096497,0.0037478141146641652,0,r1
mondrian_stage,stage,3,coverage,19125,1066,0.9018039215686274,0.8947229037484317,0.9083923307298611,0.0035713630583792833,0,r1
mondrian_stage,stage,4,coverage,19583,315,0.908185671245468,0.9009733318934565,0.9152623339193677,0.003802793919898239,0,r1
mondrian_stage,stage,0,cov_healthy,19706,305,0.8974279676305346,0.8901586710373354,0.9050933763903466,0.003855642571371074,0,r1
mondrian_stage,stage,1,cov_healthy,19490,495,0.90260594893393,0.8974995028893611,0.9112338536557221,0.0034173703083362093,0,r1
mondrian_stage,stage,2,cov_healthy,19118,681,0.905624559310083,0.8984455339914187,0.9133041340481799,0.003823041623658671,0,r1
mondrian_stage,stage,3,cov_healthy,19125,1066,0.9007143252671798,0.8934907816999673,0.9072942354535859,0.0036190160043517014,0,r1
mondrian_stage,stage,4,cov_healthy,19583,315,0.9190886443844717,0.9116772145330133,0.9260780775249133,0.0038081144949694092,0,r1
mondrian_stage,stage,0,cov_failure,19706,305,0.819672131147541,0.7752962894018367,0.8602538639318215,0.022296184984966667,0,r1
mondrian_stage,stage,1,cov_failure,19490,495,0.8848484848484849,0.8554170969592656,0.9112450436161776,0.01439077407009465,0,r1
mondrian_stage,stage,2,cov_failure,19118,681,0.8531571218795888,0.8254426129426129,0.8788333948768995,0.013593038971285479,0,r1
mondrian_stage,stage,3,cov_failure,19125,1066,0.9202626641651032,0.9031863562207406,0.9378771832032702,0.009010254620457923,0,r1
mondrian_stage,stage,4,cov_failure,19583,315,0.24126984126984127,0.19509238728750924,0.28948321891685735,0.024662483863375342,0,r1
mondrian_stage,stage,0,set_size,19706,305,1.610118745559728,1.5857480678218265,1.6272207828727259,0.01279195416818238,0,r1
mondrian_stage,stage,1,set_size,19490,495,1.5940482298614673,1.5818315659227768,1.6151054989397928,0.008445790775063255,0,r1
mondrian_stage,stage,2,set_size,19118,681,1.632545245318548,1.6125220745100155,1.6443877724015532,0.007799627899196649,0,r1
mondrian_stage,stage,3,set_size,19125,1066,1.5985359477124184,1.5810233542081749,1.6179613052581368,0.009571977546100724,0,r1
mondrian_stage,stage,4,set_size,19583,315,1.0319154368584997,1.0277000502669769,1.0361594271737544,0.002439884765878792,0,r1
mondrian_stage,stage,0,singleton,19706,305,0.389881254440272,0.37277921712727424,0.4142519321781736,0.012791954168182367,0,r1
mondrian_stage,stage,1,singleton,19490,495,0.40595177013853256,0.38489450106020723,0.41816843407722304,0.008445790775063241,0,r1
mondrian_stage,stage,2,singleton,19118,681,0.36745475468145206,0.3556122275984468,0.3874779254899844,0.007799627899196654,0,r1
mondrian_stage,stage,3,singleton,19125,1066,0.4014640522875817,0.382038694741863,0.41897664579182525,0.009571977546100728,0,r1
mondrian_stage,stage,4,singleton,19583,315,0.9680845631415003,0.9638405728262456,0.9722999497330232,0.002439884765878793,0,r1
mondrian_stage,stage,0,doubleton,19706,305,0.610118745559728,0.5857480678218264,0.6272207828727258,0.012791954168182377,0,r1
mondrian_stage,stage,1,doubleton,19490,495,0.5940482298614674,0.5818315659227768,0.6151054989397927,0.008445790775063244,0,r1
mondrian_stage,stage,2,doubleton,19118,681,0.6325452453185479,0.6125220745100156,0.6443877724015531,0.007799627899196652,0,r1
mondrian_stage,stage,3,doubleton,19125,1066,0.5985359477124182,0.5810233542081747,0.617961305258137,0.009571977546100726,0,r1
mondrian_stage,stage,4,doubleton,19583,315,0.03191543685849972,0.027700050266976722,0.03615942717375436,0.0024398847658787925,0,r1
mondrian_stage,stage,0,empty,19706,305,0.0,0.0,0.0,0.0,0,r1
mondrian_stage,stage,1,empty,19490,495,0.0,0.0,0.0,0.0,0,r1
mondrian_stage,stage,2,empty,19118,681,0.0,0.0,0.0,0.0,0,r1
mondrian_stage,stage,3,empty,19125,1066,0.0,0.0,0.0,0.0,0,r1
mondrian_stage,stage,4,empty,19583,315,0.0,0.0,0.0,0.0,0,r1
mondrian_stage,stage,0,alert_rate,19706,305,0.715771846138232,0.6952240909239461,0.7274910955202839,0.010363227053207988,0,r1
mondrian_stage,stage,1,alert_rate,19490,495,0.6993329912775782,0.6887147656965512,0.714132386512087,0.006384058535657203,0,r1
mondrian_stage,stage,2,alert_rate,19118,681,0.7318234124908464,0.7166296223723194,0.739737697980661,0.005540671766533091,0,r1
mondrian_stage,stage,3,alert_rate,19125,1066,0.7064575163398693,0.6919276218364314,0.7231586917338935,0.00800371968484764,0,r1
mondrian_stage,stage,4,alert_rate,19583,315,0.11494663738957259,0.10562056861691961,0.12474439896311763,0.0047820654081032685,0,r1
mondrian_stage,vendor,A,coverage,21644,305,0.9323600073923489,0.9259275086153351,0.9384388825150737,0.003262344772402581,0,r1
mondrian_stage,vendor,B,coverage,17350,427,0.9218443804034582,0.9174167731747016,0.9268014835747086,0.0026518135174593786,0,r1
mondrian_stage,vendor,C,coverage,58028,2130,0.8854346177707314,0.8813559449040126,0.8905104507114999,0.002346759970947408,0,r1
mondrian_stage,vendor,A,cov_healthy,21644,305,0.9426402361872628,0.9361842076889348,0.9486055417919625,0.0032395103058846944,0,r1
mondrian_stage,vendor,B,cov_healthy,17350,427,0.9248951131596053,0.9203593937628746,0.9297931970176427,0.002691138823950405,0,r1
mondrian_stage,vendor,C,cov_healthy,58028,2130,0.8848438226770189,0.8807029086589083,0.8900688431925742,0.002394192175963243,0,r1
mondrian_stage,vendor,A,cov_failure,21644,305,0.21311475409836064,0.16810884767406506,0.26007613076578595,0.023181880104242752,0,r1
mondrian_stage,vendor,B,cov_failure,17350,427,0.8009367681498829,0.7614619255210705,0.8379346174792902,0.019765098127708203,0,r1
mondrian_stage,vendor,C,cov_failure,58028,2130,0.9009389671361502,0.8875346953048365,0.9140818040852225,0.0066973913609379996,0,r1
mondrian_stage,vendor,A,set_size,21644,305,1.01875808538163,1.0159814840131745,1.0227782276417723,0.0017528234138806142,0,r1
mondrian_stage,vendor,B,set_size,17350,427,1.5860518731988473,1.5758321871394505,1.5963308183761555,0.005464996101596221,0,r1
mondrian_stage,vendor,C,set_size,58028,2130,1.6409319638795064,1.6284547042063908,1.651524133396172,0.005975539377573862,0,r1
mondrian_stage,vendor,A,singleton,21644,305,0.98124191461837,0.9772217723582275,0.9840185159868255,0.0017528234138806113,0,r1
mondrian_stage,vendor,B,singleton,17350,427,0.4139481268011527,0.40366918162384446,0.4241678128605495,0.005464996101596217,0,r1
mondrian_stage,vendor,C,singleton,58028,2130,0.35906803612049354,0.34847586660382784,0.37154529579360906,0.00597553937757386,0,r1
mondrian_stage,vendor,A,doubleton,21644,305,0.018758085381630013,0.015981484013174486,0.02277822764177249,0.001752823413880612,0,r1
mondrian_stage,vendor,B,doubleton,17350,427,0.5860518731988472,0.5758321871394505,0.5963308183761555,0.005464996101596223,0,r1
mondrian_stage,vendor,C,doubleton,58028,2130,0.6409319638795065,0.6284547042063909,0.6515241333961721,0.005975539377573857,0,r1
mondrian_stage,vendor,A,empty,21644,305,0.0,0.0,0.0,0.0,0,r1
mondrian_stage,vendor,B,empty,17350,427,0.0,0.0,0.0,0.0,0,r1
mondrian_stage,vendor,C,empty,58028,2130,0.0,0.0,0.0,0.0,0,r1
mondrian_stage,vendor,A,alert_rate,21644,305,0.0782202919977823,0.07084676759712943,0.08687764420748337,0.003972052718365811,0,r1
mondrian_stage,vendor,B,alert_rate,17350,427,0.6658789625360231,0.6577790894710215,0.6741044483460816,0.004353184911785363,0,r1
mondrian_stage,vendor,C,alert_rate,58028,2130,0.7624250361894258,0.7527707717371838,0.7692086650729428,0.004469630599386104,0,r1
mondrian_stage,vendor_stage,A0,coverage,47,1,0.9574468085106383,0.8121975806451613,1.0,0.059246762149644,1,r1
mondrian_stage,vendor_stage,A1,coverage,26,1,0.9230769230769231,0.7692307692307693,1.0,0.0644426524882348,0,r1
mondrian_stage,vendor_stage,A2,coverage,119,0,0.9747899159663865,0.9444333333333333,1.0,0.014837066330711069,0,r1
mondrian_stage,vendor_stage,A3,coverage,3417,14,0.983611354989757,0.9764833034234677,0.9881164675817928,0.0029494584776278256,0,r1
mondrian_stage,vendor_stage,A4,coverage,18035,289,0.9223177155530912,0.9149758005750142,0.9295711698334835,0.003797698208914928,0,r1
mondrian_stage,vendor_stage,B0,coverage,1848,21,0.9475108225108225,0.9373214494789838,0.957966636150951,0.005330711560671476,0,r1
mondrian_stage,vendor_stage,B1,coverage,2883,99,0.9465834200485606,0.9385642153752487,0.9582759731354475,0.004895996165576222,0,r1
mondrian_stage,vendor_stage,B2,coverage,4176,103,0.9363026819923371,0.9280813008546969,0.9454977054162989,0.0045001277997831395,0,r1
mondrian_stage,vendor_stage,B3,coverage,6897,180,0.9357691750036248,0.9269989824633372,0.943123642460232,0.004203949289407141,0,r1
mondrian_stage,vendor_stage,B4,coverage,1546,24,0.7438551099611902,0.725462382445141,0.7610683190304022,0.01392579524946904,0,r1
mondrian_stage,vendor_stage,C0,coverage,17811,283,0.8907416764920555,0.8830529407816301,0.8988226072933395,0.0040993578700377845,0,r1
mondrian_stage,vendor_stage,C1,coverage,16581,395,0.8943972016163079,0.8885686650653823,0.9028756082033018,0.0036237647604882572,0,r1
mondrian_stage,vendor_stage,C2,coverage,14823,578,0.8940160561289887,0.8856228487493122,0.9020565973449121,0.004255568097780707,0,r1
mondrian_stage,vendor_stage,C3,coverage,8811,872,0.8434910906821019,0.833445690920275,0.8535432967236488,0.005093706935038088,0,r1
mondrian_stage,vendor_stage,C4,coverage,2,2,0.5,0.0,1.0,0.38337009607133193,129,r1
mondrian_stage,vendor_stage,A0,cov_healthy,47,1,0.9565217391304348,0.7996551724137931,1.0,0.06425086427938798,1,r1
mondrian_stage,vendor_stage,A1,cov_healthy,26,1,0.96,0.8619458128078817,1.0,0.040932519904779384,0,r1
mondrian_stage,vendor_stage,A2,cov_healthy,119,0,0.9747899159663865,0.9444333333333333,1.0,0.014837066330711069,0,r1
mondrian_stage,vendor_stage,A3,cov_healthy,3417,14,0.9876579488686453,0.9809588501678282,0.9914734543416385,0.002767527538361441,0,r1
mondrian_stage,vendor_stage,A4,cov_healthy,18035,289,0.9337315451369322,0.9261024544905804,0.9410770601178167,0.00379127943757677,0,r1
mondrian_stage,vendor_stage,B0,cov_healthy,1848,21,0.9507389162561576,0.9408017914959044,0.960598961746301,0.005202857664191767,0,r1
mondrian_stage,vendor_stage,B1,cov_healthy,2883,99,0.9457614942528736,0.9377012943751785,0.9576623603597813,0.0050299871540056135,0,r1
mondrian_stage,vendor_stage,B2,cov_healthy,4176,103,0.9435305671495212,0.9353090967232409,0.9523602826609275,0.0043102482437698845,0,r1
mondrian_stage,vendor_stage,B3,cov_healthy,6897,180,0.9379187137114784,0.9291432730083322,0.945582578933969,0.004205016510245137,0,r1
mondrian_stage,vendor_stage,B4,cov_healthy,1546,24,0.7483574244415243,0.7291040074606358,0.7661793782806071,0.014157287130667672,0,r1
mondrian_stage,vendor_stage,C0,cov_healthy,17811,283,0.8917161113646737,0.8839567337804062,0.9000366792447997,0.004137417134992567,0,r1
mondrian_stage,vendor_stage,C1,cov_healthy,16581,395,0.8950945261336958,0.8892626564134123,0.9036727957172227,0.003665309251815576,0,r1
mondrian_stage,vendor_stage,C2,cov_healthy,14823,578,0.8942084942084942,0.8856731880157318,0.902348464703317,0.004379076285432989,0,r1
mondrian_stage,vendor_stage,C3,cov_healthy,8811,872,0.8319687618087921,0.8217220440869546,0.8424394956260204,0.00530297252074216,0,r1
mondrian_stage,vendor_stage,C4,cov_healthy,2,2,NaN,NaN,NaN,NaN,1000,r1
mondrian_stage,vendor_stage,A0,cov_failure,47,1,1.0,1.0,1.0,0.0,356,r1
mondrian_stage,vendor_stage,A1,cov_failure,26,1,0.0,0.0,0.0,0.0,370,r1
mondrian_stage,vendor_stage,A2,cov_failure,119,0,NaN,NaN,NaN,NaN,1000,r1
mondrian_stage,vendor_stage,A3,cov_failure,3417,14,0.0,0.0,0.0,0.0,0,r1
mondrian_stage,vendor_stage,A4,cov_failure,18035,289,0.22145328719723184,0.17433481845436374,0.27177700348432055,0.024422415586993908,0,r1
mondrian_stage,vendor_stage,B0,cov_failure,1848,21,0.6666666666666666,0.45,0.8800588235294117,0.10750216228100853,0,r1
mondrian_stage,vendor_stage,B1,cov_failure,2883,99,0.9696969696969697,0.9310144346431435,1.0,0.017610429235588497,0,r1
mondrian_stage,vendor_stage,B2,cov_failure,4176,103,0.6504854368932039,0.56,0.7439218993253762,0.04722293865027089,0,r1
mondrian_stage,vendor_stage,B3,cov_failure,6897,180,0.8555555555555555,0.8010483870967742,0.9062645574534162,0.026910572976404885,0,r1
mondrian_stage,vendor_stage,B4,cov_failure,1546,24,0.4583333333333333,0.23076923076923078,0.6818181818181818,0.1097808897736082,0,r1
mondrian_stage,vendor_stage,C0,cov_failure,17811,283,0.8303886925795053,0.7878668575518969,0.8741358451434498,0.022591520333078565,0,r1
mondrian_stage,vendor_stage,C1,cov_failure,16581,395,0.8658227848101265,0.8311661771471036,0.8973007623007624,0.016986637033575742,0,r1
mondrian_stage,vendor_stage,C2,cov_failure,14823,578,0.889273356401384,0.8646958164812523,0.9159686867447708,0.013169828001177926,0,r1
mondrian_stage,vendor_stage,C3,cov_failure,8811,872,0.948394495412844,0.9322420006336132,0.9640298539611425,0.008313931558561756,0,r1
mondrian_stage,vendor_stage,C4,cov_failure,2,2,0.5,0.0,1.0,0.38337009607133193,129,r1
mondrian_stage,vendor_stage,A0,set_size,47,1,1.0638297872340425,1.0,1.21875,0.05911904862391548,1,r1
mondrian_stage,vendor_stage,A1,set_size,26,1,1.0384615384615385,1.0,1.1153846153846154,0.03564918253505568,0,r1
mondrian_stage,vendor_stage,A2,set_size,119,0,1.1260504201680672,1.0639822784810127,1.2029012749264465,0.035167849616124125,0,r1
mondrian_stage,vendor_stage,A3,set_size,3417,14,1.0939420544337137,1.0787529891808605,1.1150503273162304,0.009044435596022606,0,r1
mondrian_stage,vendor_stage,A4,set_size,18035,289,1.003659550873302,1.0025920011474607,1.0048339065014078,0.0005816202410179324,0,r1
mondrian_stage,vendor_stage,B0,set_size,1848,21,1.4458874458874458,1.4181093183022824,1.4695739380901331,0.01288951062759404,0,r1
mondrian_stage,vendor_stage,B1,set_size,2883,99,1.6097814776274715,1.5900562215050458,1.6384047443668408,0.0121623403719712,0,r1
mondrian_stage,vendor_stage,B2,set_size,4176,103,1.5593869731800767,1.538047278073419,1.5767010636488576,0.00962074945217104,0,r1
mondrian_stage,vendor_stage,B3,set_size,6897,180,1.680150790198637,1.6628782308864494,1.6999452711618395,0.009228316546790538,0,r1
mondrian_stage,vendor_stage,B4,set_size,1546,24,1.3615782664941785,1.3364185094344518,1.3872159536498399,0.017085595693678495,0,r1
mondrian_stage,vendor_stage,C0,set_size,17811,283,1.628600303183426,1.6028929771613982,1.6465869037305059,0.013542827047651402,0,r1
mondrian_stage,vendor_stage,C1,set_size,16581,395,1.5921838248597793,1.5790435547681938,1.6126239170189327,0.008639553534864439,0,r1
mondrian_stage,vendor_stage,C2,set_size,14823,578,1.657221884908588,1.6364690558828066,1.6700818231849652,0.008285834077668629,0,r1
mondrian_stage,vendor_stage,C3,set_size,8811,872,1.7303370786516854,1.7123090077954555,1.7507965752022716,0.009832379398374703,0,r1
mondrian_stage,vendor_stage,C4,set_size,2,2,1.0,1.0,1.0,0.0,129,r1
mondrian_stage,vendor_stage,A0,singleton,47,1,0.9361702127659575,0.78125,1.0,0.059119048623915565,1,r1
mondrian_stage,vendor_stage,A1,singleton,26,1,0.9615384615384616,0.8846153846153846,1.0,0.035649182535055834,0,r1
mondrian_stage,vendor_stage,A2,singleton,119,0,0.8739495798319328,0.7970987250735534,0.9360177215189874,0.03516784961612413,0,r1
mondrian_stage,vendor_stage,A3,singleton,3417,14,0.9060579455662863,0.8849496726837696,0.9212470108191394,0.009044435596022605,0,r1
mondrian_stage,vendor_stage,A4,singleton,18035,289,0.9963404491266981,0.9951660934985922,0.9974079988525393,0.0005816202410179337,0,r1
mondrian_stage,vendor_stage,B0,singleton,1848,21,0.5541125541125541,0.5304260619098667,0.5818906816977175,0.012889510627594044,0,r1
mondrian_stage,vendor_stage,B1,singleton,2883,99,0.39021852237252863,0.3615952556331591,0.4099437784949541,0.012162340371971206,0,r1
mondrian_stage,vendor_stage,B2,singleton,4176,103,0.44061302681992337,0.4232989363511425,0.461952721926581,0.009620749452171031,0,r1
mondrian_stage,vendor_stage,B3,singleton,6897,180,0.3198492098013629,0.3000547288381604,0.3371217691135505,0.009228316546790537,0,r1
mondrian_stage,vendor_stage,B4,singleton,1546,24,0.6384217335058214,0.6127840463501601,0.6635814905655479,0.0170855956936785,0,r1
mondrian_stage,vendor_stage,C0,singleton,17811,283,0.37139969681657403,0.35341309626949413,0.39710702283860166,0.0135428270476514,0,r1
mondrian_stage,vendor_stage,C1,singleton,16581,395,0.4078161751402207,0.38737608298106735,0.4209564452318063,0.008639553534864433,0,r1
mondrian_stage,vendor_stage,C2,singleton,14823,578,0.342778115091412,0.3299181768150347,0.36353094411719344,0.008285834077668634,0,r1
mondrian_stage,vendor_stage,C3,singleton,8811,872,0.2696629213483146,0.24920342479772845,0.2876909922045445,0.009832379398374703,0,r1
mondrian_stage,vendor_stage,C4,singleton,2,2,1.0,1.0,1.0,0.0,129,r1
mondrian_stage,vendor_stage,A0,doubleton,47,1,0.06382978723404255,0.0,0.21875,0.05911904862391536,1,r1
mondrian_stage,vendor_stage,A1,doubleton,26,1,0.038461538461538464,0.0,0.11538461538461539,0.03564918253505576,0,r1
mondrian_stage,vendor_stage,A2,doubleton,119,0,0.12605042016806722,0.06398227848101266,0.20290127492644655,0.03516784961612413,0,r1
mondrian_stage,vendor_stage,A3,doubleton,3417,14,0.09394205443371378,0.07875298918086063,0.11505032731623052,0.009044435596022598,0,r1
mondrian_stage,vendor_stage,A4,doubleton,18035,289,0.003659550873301913,0.0025920011474607004,0.004833906501407798,0.0005816202410179345,0,r1
mondrian_stage,vendor_stage,B0,doubleton,1848,21,0.4458874458874459,0.4181093183022824,0.4695739380901332,0.012889510627594044,0,r1
mondrian_stage,vendor_stage,B1,doubleton,2883,99,0.6097814776274714,0.5900562215050459,0.6384047443668409,0.012162340371971204,0,r1
mondrian_stage,vendor_stage,B2,doubleton,4176,103,0.5593869731800766,0.538047278073419,0.5767010636488574,0.00962074945217104,0,r1
mondrian_stage,vendor_stage,B3,doubleton,6897,180,0.6801507901986371,0.6628782308864494,0.6999452711618395,0.009228316546790545,0,r1
mondrian_stage,vendor_stage,B4,doubleton,1546,24,0.3615782664941785,0.33641850943445195,0.3872159536498398,0.0170855956936785,0,r1
mondrian_stage,vendor_stage,C0,doubleton,17811,283,0.628600303183426,0.6028929771613982,0.6465869037305059,0.013542827047651404,0,r1
mondrian_stage,vendor_stage,C1,doubleton,16581,395,0.5921838248597793,0.5790435547681937,0.6126239170189326,0.008639553534864427,0,r1
mondrian_stage,vendor_stage,C2,doubleton,14823,578,0.657221884908588,0.6364690558828066,0.6700818231849653,0.00828583407766864,0,r1
mondrian_stage,vendor_stage,C3,doubleton,8811,872,0.7303370786516854,0.7123090077954555,0.7507965752022716,0.009832379398374707,0,r1
mondrian_stage,vendor_stage,C4,doubleton,2,2,0.0,0.0,0.0,0.0,129,r1
mondrian_stage,vendor_stage,A0,empty,47,1,0.0,0.0,0.0,0.0,1,r1
mondrian_stage,vendor_stage,A1,empty,26,1,0.0,0.0,0.0,0.0,0,r1
mondrian_stage,vendor_stage,A2,empty,119,0,0.0,0.0,0.0,0.0,0,r1
mondrian_stage,vendor_stage,A3,empty,3417,14,0.0,0.0,0.0,0.0,0,r1
mondrian_stage,vendor_stage,A4,empty,18035,289,0.0,0.0,0.0,0.0,0,r1
mondrian_stage,vendor_stage,B0,empty,1848,21,0.0,0.0,0.0,0.0,0,r1
mondrian_stage,vendor_stage,B1,empty,2883,99,0.0,0.0,0.0,0.0,0,r1
mondrian_stage,vendor_stage,B2,empty,4176,103,0.0,0.0,0.0,0.0,0,r1
mondrian_stage,vendor_stage,B3,empty,6897,180,0.0,0.0,0.0,0.0,0,r1
mondrian_stage,vendor_stage,B4,empty,1546,24,0.0,0.0,0.0,0.0,0,r1
mondrian_stage,vendor_stage,C0,empty,17811,283,0.0,0.0,0.0,0.0,0,r1
mondrian_stage,vendor_stage,C1,empty,16581,395,0.0,0.0,0.0,0.0,0,r1
mondrian_stage,vendor_stage,C2,empty,14823,578,0.0,0.0,0.0,0.0,0,r1
mondrian_stage,vendor_stage,C3,empty,8811,872,0.0,0.0,0.0,0.0,0,r1
mondrian_stage,vendor_stage,C4,empty,2,2,0.0,0.0,0.0,0.0,129,r1
mondrian_stage,vendor_stage,A0,alert_rate,47,1,0.1276595744680851,0.0,0.43478260869565216,0.12162503484300649,1,r1
mondrian_stage,vendor_stage,A1,alert_rate,26,1,0.07692307692307693,0.0,0.15390624999999997,0.04451604305768701,0,r1
mondrian_stage,vendor_stage,A2,alert_rate,119,0,0.15126050420168066,0.07690217391304348,0.23742720109626583,0.041295657795451544,0,r1
mondrian_stage,vendor_stage,A3,alert_rate,3417,14,0.10623353819139596,0.09235179746078928,0.1284520312218344,0.009156664948740614,0,r1
mondrian_stage,vendor_stage,A4,alert_rate,18035,289,0.07230385361796507,0.06468632295113139,0.08042521668310156,0.004065615949501609,0,r1
mondrian_stage,vendor_stage,B0,alert_rate,1848,21,0.49512987012987014,0.4666307144922,0.5215646723218977,0.013837912531430843,0,r1
mondrian_stage,vendor_stage,B1,alert_rate,2883,99,0.6760319112036074,0.6579506804547443,0.6988659778478297,0.01020795869651431,0,r1
mondrian_stage,vendor_stage,B2,alert_rate,4176,103,0.6187739463601533,0.600979146525475,0.6340941555191271,0.00826468608572019,0,r1
mondrian_stage,vendor_stage,B3,alert_rate,6897,180,0.748006379585327,0.7345136999300912,0.7655261422790983,0.007528781922877408,0,r1
mondrian_stage,vendor_stage,B4,alert_rate,1546,24,0.6119016817593791,0.5865359042553192,0.6380231990766407,0.012997529857268653,0,r1
mondrian_stage,vendor_stage,C0,alert_rate,17811,283,0.7402167200044916,0.7191806050397896,0.7519162465905196,0.010868516213027452,0,r1
mondrian_stage,vendor_stage,C1,alert_rate,16581,395,0.7043604125203546,0.6928896022386655,0.7185851882439189,0.006585669007682718,0,r1
mondrian_stage,vendor_stage,C2,alert_rate,14823,578,0.7683329960196991,0.7542107753054281,0.7768635047313349,0.00571190453593669,0,r1
mondrian_stage,vendor_stage,C3,alert_rate,8811,872,0.9067075246850528,0.8969180919956408,0.9193499721967833,0.005896063188816094,0,r1
mondrian_stage,vendor_stage,C4,alert_rate,2,2,0.5,0.0,1.0,0.38337009607133193,129,r1
mondrian_both,all,all,coverage,97022,2862,0.9047226402259282,0.8963274187369445,0.9081180024324168,0.0030938151638405034,0,r1
mondrian_both,all,all,cov_healthy,97022,2862,0.9049490229396772,0.8962795978718167,0.9084921307468862,0.0031826146951513088,0,r1
mondrian_both,all,all,cov_failure,97022,2862,0.8972746331236897,0.8796224468363617,0.9126984126984127,0.008572186771575374,0,r1
mondrian_both,all,all,set_size,97022,2862,1.6451423388509823,1.6216816335114048,1.6709068080569522,0.01265636692122334,0,r1
mondrian_both,all,all,singleton,97022,2862,0.35485766114901773,0.3290931919430477,0.3783183664885953,0.012656366921223336,0,r1
mondrian_both,all,all,doubleton,97022,2862,0.6451423388509823,0.6216816335114047,0.6709068080569522,0.01265636692122333,0,r1
mondrian_both,all,all,empty,97022,2862,0.0,0.0,0.0,0.0,0,r1
mondrian_both,all,all,alert_rate,97022,2862,0.745552555090598,0.7236717328020588,0.771354836643489,0.012452691253822312,0,r1
mondrian_both,stage,0,coverage,19706,305,0.8968841977062824,0.8885387051627153,0.9041906063996777,0.003926404425606952,0,r1
mondrian_both,stage,1,coverage,19490,495,0.9021549512570549,0.8968674532939064,0.9104204608360648,0.003368923402738504,0,r1
mondrian_both,stage,2,coverage,19118,681,0.9041217700596297,0.8967005144126169,0.9109869294561148,0.003706903644235145,0,r1
mondrian_both,stage,3,coverage,19125,1066,0.9021699346405229,0.8950880549891022,0.9091539219162228,0.0036735930177462434,0,r1
mondrian_both,stage,4,coverage,19583,315,0.9182454169432671,0.8794842788830751,0.9249710929952101,0.013054597413942574,0,r1
mondrian_both,stage,0,cov_healthy,19706,305,0.8969640740168032,0.8887496007524656,0.9046461343477139,0.003955721770646655,0,r1
mondrian_both,stage,1,cov_healthy,19490,495,0.90260594893393,0.8972713989966475,0.9109550955118544,0.003424010444521901,0,r1
mondrian_both,stage,2,cov_healthy,19118,681,0.9038889190215328,0.8961533222894701,0.9112838581078802,0.0038392378730622836,0,r1
mondrian_both,stage,3,cov_healthy,19125,1066,0.9019879284567252,0.8947396745714261,0.9094594647076326,0.003823157083179225,0,r1
mondrian_both,stage,4,cov_healthy,19583,315,0.9190886443844717,0.8798660199516364,0.9258647441249622,0.013254429818021137,0,r1
mondrian_both,stage,0,cov_failure,19706,305,0.8918032786885246,0.8044699367088608,0.9470100793604819,0.03858837918136811,0,r1
mondrian_both,stage,1,cov_failure,19490,495,0.8848484848484849,0.8526090062162075,0.92277603481429,0.018382068001076758,0,r1
mondrian_both,stage,2,cov_failure,19118,681,0.9104258443465492,0.8771627295271787,0.9373066989728637,0.015643466294175536,0,r1
mondrian_both,stage,3,cov_failure,19125,1066,0.9052532833020638,0.8779141985603712,0.9230029543534974,0.01171350790880779,0,r1
mondrian_both,stage,4,cov_failure,19583,315,0.8666666666666667,0.8145865592322838,0.9250875142772537,0.029586377138800305,0,r1
mondrian_both,stage,0,set_size,19706,305,1.6648736425454176,1.6200291787167849,1.7293818807064112,0.029838962406484346,0,r1
mondrian_both,stage,1,set_size,19490,495,1.608004104669061,1.5663306085059268,1.672010588221356,0.029774273595694338,0,r1
mondrian_both,stage,2,set_size,19118,681,1.7131499110785646,1.6637982315750324,1.745117651461947,0.023123347991071488,0,r1
mondrian_both,stage,3,set_size,19125,1066,1.5754771241830066,1.5449489367338207,1.594938719144047,0.012330966567350901,0,r1
mondrian_both,stage,4,set_size,19583,315,1.6638921513557678,1.5917836819303648,1.7215126899320243,0.036850107177240056,0,r1
mondrian_both,stage,0,singleton,19706,305,0.33512635745458236,0.27061811929358887,0.3799708212832152,0.029838962406484353,0,r1
mondrian_both,stage,1,singleton,19490,495,0.3919958953309389,0.3279894117786439,0.4336693914940734,0.02977427359569434,0,r1
mondrian_both,stage,2,singleton,19118,681,0.2868500889214353,0.25488234853805286,0.3362017684249676,0.02312334799107147,0,r1
mondrian_both,stage,3,singleton,19125,1066,0.42452287581699344,0.40506128085595294,0.45505106326617933,0.012330966567350892,0,r1
mondrian_both,stage,4,singleton,19583,315,0.33610784864423227,0.2784873100679756,0.4082163180696353,0.03685010717724009,0,r1
mondrian_both,stage,0,doubleton,19706,305,0.6648736425454176,0.6200291787167849,0.7293818807064111,0.02983896240648434,0,r1
mondrian_both,stage,1,doubleton,19490,495,0.6080041046690611,0.5663306085059266,0.6720105882213561,0.02977427359569434,0,r1
mondrian_both,stage,2,doubleton,19118,681,0.7131499110785647,0.6637982315750324,0.7451176514619471,0.02312334799107148,0,r1
mondrian_both,stage,3,doubleton,19125,1066,0.5754771241830066,0.5449489367338206,0.594938719144047,0.012330966567350894,0,r1
mondrian_both,stage,4,doubleton,19583,315,0.6638921513557677,0.5917836819303647,0.7215126899320244,0.03685010717724006,0,r1
mondrian_both,stage,0,empty,19706,305,0.0,0.0,0.0,0.0,0,r1
mondrian_both,stage,1,empty,19490,495,0.0,0.0,0.0,0.0,0,r1
mondrian_both,stage,2,empty,19118,681,0.0,0.0,0.0,0.0,0,r1
mondrian_both,stage,3,empty,19125,1066,0.0,0.0,0.0,0.0,0,r1
mondrian_both,stage,4,empty,19583,315,0.0,0.0,0.0,0.0,0,r1
mondrian_both,stage,0,alert_rate,19706,305,0.7709834568151832,0.7283382069579002,0.8345327787084885,0.029662886218773235,0,r1
mondrian_both,stage,1,alert_rate,19490,495,0.7132888660851718,0.6709589628772489,0.7771280869715982,0.02973969604291023,0,r1
mondrian_both,stage,2,alert_rate,19118,681,0.8142588136834397,0.7644530325096224,0.845737529621283,0.023186454083503255,0,r1
mondrian_both,stage,3,alert_rate,19125,1066,0.6821437908496732,0.6531489269300399,0.7028755747510373,0.012182554220017947,0,r1
mondrian_both,stage,4,alert_rate,19583,315,0.7469233518868407,0.6986360112098299,0.8043182189727762,0.034724800876176416,0,r1
mondrian_both,vendor,A,coverage,21644,305,0.9408150064683053,0.9322935761247237,0.9465625086842402,0.003587939419131545,0,r1
mondrian_both,vendor,B,coverage,17350,427,0.9229971181556196,0.8877250987795949,0.9274952537631271,0.01232223711163649,0,r1
mondrian_both,vendor,C,coverage,58028,2130,0.8857965120286758,0.8811330938631035,0.8906732506766387,0.0023966359504923795,0,r1
mondrian_both,vendor,A,cov_healthy,21644,305,0.9425933736351282,0.9338112242107665,0.9483510876280935,0.003615951921431049,0,r1
mondrian_both,vendor,B,cov_healthy,17350,427,0.9249542043372925,0.8890907872692934,0.9295706334980919,0.012625971530952717,0,r1
mondrian_both,vendor,C,cov_healthy,58028,2130,0.8845218075780886,0.8798046631501227,0.8895343228142416,0.0024739452191139106,0,r1
mondrian_both,vendor,A,cov_failure,21644,305,0.8163934426229508,0.7580365143369175,0.879168353733869,0.0319546066975953,0,r1
mondrian_both,vendor,B,cov_failure,17350,427,0.8454332552693209,0.8036097449160102,0.8838003253464187,0.020287195043385466,0,r1
mondrian_both,vendor,C,cov_failure,58028,2130,0.9192488262910798,0.8996256981271693,0.9347468269100256,0.00882075880267739,0,r1
mondrian_both,vendor,A,set_size,21644,305,1.5631583810755867,1.5160837763271506,1.6160051174551955,0.03136436979743789,0,r1
mondrian_both,vendor,B,set_size,17350,427,1.6368876080691643,1.5928839502398404,1.656825359781821,0.016242512974715986,0,r1
mondrian_both,vendor,C,set_size,58028,2130,1.6781898393878818,1.6524047083936733,1.706288391681511,0.014155440498575311,0,r1
mondrian_both,vendor,A,singleton,21644,305,0.43684161892441326,0.38399488254480457,0.4839162236728494,0.0313643697974379,0,r1
mondrian_both,vendor,B,singleton,17350,427,0.3631123919308357,0.3431746402181791,0.4071160497601596,0.016242512974715986,0,r1
mondrian_both,vendor,C,singleton,58028,2130,0.3218101606121183,0.293711608318489,0.34759529160632674,0.014155440498575306,0,r1
mondrian_both,vendor,A,doubleton,21644,305,0.5631583810755868,0.5160837763271505,0.6160051174551955,0.03136436979743788,0,r1
mondrian_both,vendor,B,doubleton,17350,427,0.6368876080691642,0.5928839502398403,0.6568253597818209,0.016242512974715982,0,r1
mondrian_both,vendor,C,doubleton,58028,2130,0.6781898393878817,0.6524047083936733,0.706288391681511,0.014155440498575315,0,r1
mondrian_both,vendor,A,empty,21644,305,0.0,0.0,0.0,0.0,0,r1
mondrian_both,vendor,B,empty,17350,427,0.0,0.0,0.0,0.0,0,r1
mondrian_both,vendor,C,empty,58028,2130,0.0,0.0,0.0,0.0,0,r1
mondrian_both,vendor,A,alert_rate,21644,305,0.622666789872482,0.5774829105716746,0.6754946156931847,0.031377638808263955,0,r1
mondrian_both,vendor,B,alert_rate,17350,427,0.716657060518732,0.6950426593905245,0.7367841327153126,0.010880955811671863,0,r1
mondrian_both,vendor,C,alert_rate,58028,2130,0.8000275728958434,0.7747619159686163,0.826985233344227,0.014017428672223213,0,r1
mondrian_both,vendor_stage,A0,coverage,47,1,0.9361702127659575,0.7996551724137931,1.0,0.0624753154298948,1,r1
mondrian_both,vendor_stage,A1,coverage,26,1,0.9230769230769231,0.7692307692307693,1.0,0.0644426524882348,0,r1
mondrian_both,vendor_stage,A2,coverage,119,0,0.9747899159663865,0.9366084806712616,1.0,0.01624259983232842,0,r1
mondrian_both,vendor_stage,A3,coverage,3417,14,0.983611354989757,0.9770539043234169,0.9889909065075305,0.0029796361810991144,0,r1
mondrian_both,vendor_stage,A4,coverage,18035,289,0.9325200998059329,0.9223794392400124,0.9396011187221849,0.004243492585162099,0,r1
mondrian_both,vendor_stage,B0,coverage,1848,21,0.948051948051948,0.9379805228088159,0.958480911087336,0.005330077210165395,0,r1
mondrian_both,vendor_stage,B1,coverage,2883,99,0.9465834200485606,0.9386854449981371,0.9580486034644705,0.0048812568869622715,0,r1
mondrian_both,vendor_stage,B2,coverage,4176,103,0.9370210727969349,0.9289768228095434,0.9458908465142185,0.004368427946113264,0,r1
mondrian_both,vendor_stage,B3,coverage,6897,180,0.936349137306075,0.9281747859974252,0.9438449245352913,0.00415580286980274,0,r1
mondrian_both,vendor_stage,B4,coverage,1546,24,0.7516170763260026,0.3702037155441887,0.7693333333333333,0.13730237688231547,0,r1
mondrian_both,vendor_stage,C0,coverage,17811,283,0.8914715625175453,0.8825627508234084,0.8993210991762494,0.0042067477983799015,0,r1
mondrian_both,vendor_stage,C1,coverage,16581,395,0.8943972016163079,0.8884296898636921,0.9028645953479288,0.003627128410428854,0,r1
mondrian_both,vendor_stage,C2,coverage,14823,578,0.8942859070363625,0.8852431807542305,0.9018658788483735,0.004264968770702528,0,r1
mondrian_both,vendor_stage,C3,coverage,8811,872,0.8438315741686528,0.8330066207626005,0.8542227956108751,0.005280388150498565,0,r1
mondrian_both,vendor_stage,C4,coverage,2,2,1.0,1.0,1.0,0.0,129,r1
mondrian_both,vendor_stage,A0,cov_healthy,47,1,0.9347826086956522,0.7853174603174603,1.0,0.06762293272598975,1,r1
mondrian_both,vendor_stage,A1,cov_healthy,26,1,0.96,0.8619458128078817,1.0,0.040932519904779384,0,r1
mondrian_both,vendor_stage,A2,cov_healthy,119,0,0.9747899159663865,0.9366084806712616,1.0,0.01624259983232842,0,r1
mondrian_both,vendor_stage,A3,cov_healthy,3417,14,0.9876579488686453,0.9814592664395375,0.9923724911108568,0.002790638615005023,0,r1
mondrian_both,vendor_stage,A4,cov_healthy,18035,289,0.9337315451369322,0.9234087107291774,0.9406884332548429,0.0042881985803289715,0,r1
mondrian_both,vendor_stage,B0,cov_healthy,1848,21,0.9507389162561576,0.9406302274893326,0.9604437614353459,0.005209524171443359,0,r1
mondrian_both,vendor_stage,B1,cov_healthy,2883,99,0.9457614942528736,0.9377012943751785,0.9573866004270524,0.0050133881056469,0,r1
mondrian_both,vendor_stage,B2,cov_healthy,4176,103,0.9423029707832065,0.9337925098404001,0.9508566937382343,0.004276712710066673,0,r1
mondrian_both,vendor_stage,B3,cov_healthy,6897,180,0.9388119696292988,0.9305646157279868,0.9464980946343341,0.0041558174282207766,0,r1
mondrian_both,vendor_stage,B4,cov_healthy,1546,24,0.7483574244415243,0.3619266618413962,0.7657752856153925,0.1394594986532686,0,r1
mondrian_both,vendor_stage,C0,cov_healthy,17811,283,0.891259698767686,0.8824139276261209,0.8995779902943454,0.004247149327543392,0,r1
mondrian_both,vendor_stage,C1,cov_healthy,16581,395,0.8950945261336958,0.8891390500366856,0.9034800767451459,0.0036755292168214066,0,r1
mondrian_both,vendor_stage,C2,cov_healthy,14823,578,0.8923130923130923,0.8829795839753466,0.9005039035769011,0.004440334656412316,0,r1
mondrian_both,vendor_stage,C3,cov_healthy,8811,872,0.8341100894319183,0.8225347336600609,0.8452647209433526,0.0056797631470826455,0,r1
mondrian_both,vendor_stage,C4,cov_healthy,2,2,NaN,NaN,NaN,NaN,1000,r1
mondrian_both,vendor_stage,A0,cov_failure,47,1,1.0,1.0,1.0,0.0,356,r1
mondrian_both,vendor_stage,A1,cov_failure,26,1,0.0,0.0,0.0,0.0,370,r1
mondrian_both,vendor_stage,A2,cov_failure,119,0,NaN,NaN,NaN,NaN,1000,r1
mondrian_both,vendor_stage,A3,cov_failure,3417,14,0.0,0.0,0.0,0.0,0,r1
mondrian_both,vendor_stage,A4,cov_failure,18035,289,0.8581314878892734,0.8013534100326623,0.9210549896245991,0.0321300490318788,0,r1
mondrian_both,vendor_stage,B0,cov_failure,1848,21,0.7142857142857143,0.5,0.95,0.11514771085276487,0,r1
mondrian_both,vendor_stage,B1,cov_failure,2883,99,0.9696969696969697,0.9302267441860465,1.0,0.017844980915645025,0,r1
mondrian_both,vendor_stage,B2,cov_failure,4176,103,0.7281553398058253,0.6261661926046322,0.8235294117647058,0.051601519184763966,0,r1
mondrian_both,vendor_stage,B3,cov_failure,6897,180,0.8444444444444444,0.7764687614176106,0.8953829566546566,0.030171823007086287,0,r1
mondrian_both,vendor_stage,B4,cov_failure,1546,24,0.9583333333333334,0.85,1.0,0.043982895825041564,0,r1
mondrian_both,vendor_stage,C0,cov_failure,17811,283,0.9045936395759717,0.8136140769347266,0.9536696372605129,0.03798448333144137,0,r1
mondrian_both,vendor_stage,C1,cov_failure,16581,395,0.8658227848101265,0.8258597908214539,0.9139254117326799,0.022305665220739682,0,r1
mondrian_both,vendor_stage,C2,cov_failure,14823,578,0.9429065743944637,0.9131186401480111,0.9646555332328813,0.012883156375409977,0,r1
mondrian_both,vendor_stage,C3,cov_failure,8811,872,0.9323394495412844,0.9057114277648907,0.9505008703557926,0.010829468803219746,0,r1
mondrian_both,vendor_stage,C4,cov_failure,2,2,1.0,1.0,1.0,0.0,129,r1
mondrian_both,vendor_stage,A0,set_size,47,1,1.148936170212766,1.0140559573658166,1.355096774193548,0.08705593238650117,1,r1
mondrian_both,vendor_stage,A1,set_size,26,1,1.0384615384615385,1.0,1.1200303030303032,0.03825221984898753,0,r1
mondrian_both,vendor_stage,A2,set_size,119,0,1.184873949579832,1.0939544882550336,1.2676119215291752,0.04433502666365215,0,r1
mondrian_both,vendor_stage,A3,set_size,3417,14,1.0831138425519462,1.0655936413707585,1.0982886071448774,0.0081349032489028,0,r1
mondrian_both,vendor_stage,A4,set_size,18035,289,1.6584419184918215,1.604379574832162,1.7202656945046235,0.03728682878142779,0,r1
mondrian_both,vendor_stage,B0,set_size,1848,21,1.5054112554112553,1.440141765944319,1.597633966365785,0.039043959139166584,0,r1
mondrian_both,vendor_stage,B1,set_size,2883,99,1.6246964967048214,1.5764836869902186,1.6760138425763424,0.02633673141745223,0,r1
mondrian_both,vendor_stage,B2,set_size,4176,103,1.6501436781609196,1.60355361281597,1.7080251054939783,0.02868601999310229,0,r1
mondrian_both,vendor_stage,B3,set_size,6897,180,1.6488328258663187,1.6112719128176174,1.67616005081227,0.01558871497242441,0,r1
mondrian_both,vendor_stage,B4,set_size,1546,24,1.7276843467011642,1.3409104906738427,1.750158596973865,0.13915343548811668,0,r1
mondrian_both,vendor_stage,C0,set_size,17811,283,1.6827803043063276,1.6389092927985995,1.7447076325226578,0.029102456546622177,0,r1
mondrian_both,vendor_stage,C1,set_size,16581,395,1.6059948133405706,1.5647169458035397,1.6734966533582383,0.030720211772136973,0,r1
mondrian_both,vendor_stage,C2,set_size,14823,578,1.7351413344127369,1.6836875416927435,1.760935239424697,0.022275818619695364,0,r1
mondrian_both,vendor_stage,C3,set_size,8811,872,1.7090001134944954,1.6814331748199396,1.7283917125286432,0.011514184055014028,0,r1
mondrian_both,vendor_stage,C4,set_size,2,2,1.5,1.0,2.0,0.38337009607133193,129,r1
mondrian_both,vendor_stage,A0,singleton,47,1,0.851063829787234,0.6449032258064517,0.9859440426341834,0.08705593238650113,1,r1
mondrian_both,vendor_stage,A1,singleton,26,1,0.9615384615384616,0.879969696969697,1.0,0.03825221984898749,0,r1
mondrian_both,vendor_stage,A2,singleton,119,0,0.8151260504201681,0.732388078470825,0.9060455117449665,0.04433502666365217,0,r1
mondrian_both,vendor_stage,A3,singleton,3417,14,0.9168861574480538,0.9017113928551227,0.9344063586292415,0.008134903248902807,0,r1
mondrian_both,vendor_stage,A4,singleton,18035,289,0.34155808150817857,0.2797343054953764,0.3956204251678379,0.03728682878142779,0,r1
mondrian_both,vendor_stage,B0,singleton,1848,21,0.4945887445887446,0.402366033634215,0.5598582340556811,0.03904395913916657,0,r1
mondrian_both,vendor_stage,B1,singleton,2883,99,0.37530350329517864,0.32398615742365744,0.42351631300978154,0.02633673141745224,0,r1
mondrian_both,vendor_stage,B2,singleton,4176,103,0.34985632183908044,0.29197489450602176,0.39644638718402997,0.02868601999310229,0,r1
mondrian_both,vendor_stage,B3,singleton,6897,180,0.3511671741336813,0.32383994918772996,0.38872808718238266,0.01558871497242441,0,r1
mondrian_both,vendor_stage,B4,singleton,1546,24,0.2723156532988357,0.2498414030261348,0.6590895093261572,0.13915343548811654,0,r1
mondrian_both,vendor_stage,C0,singleton,17811,283,0.3172196956936725,0.2552923674773422,0.3610907072014005,0.02910245654662217,0,r1
mondrian_both,vendor_stage,C1,singleton,16581,395,0.39400518665942946,0.32650334664176156,0.4352830541964603,0.030720211772137,0,r1
mondrian_both,vendor_stage,C2,singleton,14823,578,0.26485866558726306,0.23906476057530296,0.31631245830725646,0.022275818619695353,0,r1
mondrian_both,vendor_stage,C3,singleton,8811,872,0.29099988650550446,0.2716082874713568,0.3185668251800606,0.011514184055014016,0,r1
mondrian_both,vendor_stage,C4,singleton,2,2,0.5,0.0,1.0,0.38337009607133193,129,r1
mondrian_both,vendor_stage,A0,doubleton,47,1,0.14893617021276595,0.014055957365816522,0.3550967741935482,0.08705593238650114,1,r1
mondrian_both,vendor_stage,A1,doubleton,26,1,0.038461538461538464,0.0,0.120030303030303,0.03825221984898769,0,r1
mondrian_both,vendor_stage,A2,doubleton,119,0,0.18487394957983194,0.09395448825503357,0.267611921529175,0.04433502666365215,0,r1
mondrian_both,vendor_stage,A3,doubleton,3417,14,0.08311384255194615,0.0655936413707585,0.09828860714487729,0.008134903248902805,0,r1
mondrian_both,vendor_stage,A4,doubleton,18035,289,0.6584419184918214,0.6043795748321621,0.7202656945046236,0.03728682878142779,0,r1
mondrian_both,vendor_stage,B0,doubleton,1848,21,0.5054112554112554,0.44014176594431886,0.5976339663657849,0.03904395913916656,0,r1
mondrian_both,vendor_stage,B1,doubleton,2883,99,0.6246964967048214,0.5764836869902185,0.6760138425763426,0.026336731417452224,0,r1
mondrian_both,vendor_stage,B2,doubleton,4176,103,0.6501436781609196,0.6035536128159701,0.7080251054939781,0.028686019993102326,0,r1
mondrian_both,vendor_stage,B3,doubleton,6897,180,0.6488328258663187,0.6112719128176173,0.6761600508122702,0.015588714972424419,0,r1
mondrian_both,vendor_stage,B4,doubleton,1546,24,0.7276843467011643,0.3409104906738428,0.7501585969738652,0.13915343548811657,0,r1
mondrian_both,vendor_stage,C0,doubleton,17811,283,0.6827803043063275,0.6389092927985994,0.7447076325226578,0.029102456546622166,0,r1
mondrian_both,vendor_stage,C1,doubleton,16581,395,0.6059948133405705,0.5647169458035397,0.6734966533582385,0.030720211772136973,0,r1
mondrian_both,vendor_stage,C2,doubleton,14823,578,0.735141334412737,0.6836875416927435,0.7609352394246971,0.022275818619695353,0,r1
mondrian_both,vendor_stage,C3,doubleton,8811,872,0.7090001134944955,0.6814331748199394,0.7283917125286431,0.01151418405501401,0,r1
mondrian_both,vendor_stage,C4,doubleton,2,2,0.5,0.0,1.0,0.38337009607133193,129,r1
mondrian_both,vendor_stage,A0,empty,47,1,0.0,0.0,0.0,0.0,1,r1
mondrian_both,vendor_stage,A1,empty,26,1,0.0,0.0,0.0,0.0,0,r1
mondrian_both,vendor_stage,A2,empty,119,0,0.0,0.0,0.0,0.0,0,r1
mondrian_both,vendor_stage,A3,empty,3417,14,0.0,0.0,0.0,0.0,0,r1
mondrian_both,vendor_stage,A4,empty,18035,289,0.0,0.0,0.0,0.0,0,r1
mondrian_both,vendor_stage,B0,empty,1848,21,0.0,0.0,0.0,0.0,0,r1
mondrian_both,vendor_stage,B1,empty,2883,99,0.0,0.0,0.0,0.0,0,r1
mondrian_both,vendor_stage,B2,empty,4176,103,0.0,0.0,0.0,0.0,0,r1
mondrian_both,vendor_stage,B3,empty,6897,180,0.0,0.0,0.0,0.0,0,r1
mondrian_both,vendor_stage,B4,empty,1546,24,0.0,0.0,0.0,0.0,0,r1
mondrian_both,vendor_stage,C0,empty,17811,283,0.0,0.0,0.0,0.0,0,r1
mondrian_both,vendor_stage,C1,empty,16581,395,0.0,0.0,0.0,0.0,0,r1
mondrian_both,vendor_stage,C2,empty,14823,578,0.0,0.0,0.0,0.0,0,r1
mondrian_both,vendor_stage,C3,empty,8811,872,0.0,0.0,0.0,0.0,0,r1
mondrian_both,vendor_stage,C4,empty,2,2,0.0,0.0,0.0,0.0,129,r1
mondrian_both,vendor_stage,A0,alert_rate,47,1,0.23404255319148937,0.015098164746052073,0.5431336405529951,0.1353297334246311,1,r1
mondrian_both,vendor_stage,A1,alert_rate,26,1,0.07692307692307693,0.0,0.16666666666666666,0.048473669215061896,0,r1
mondrian_both,vendor_stage,A2,alert_rate,119,0,0.21008403361344538,0.1110705596107056,0.3153947368421052,0.05235068166696707,0,r1
mondrian_both,vendor_stage,A3,alert_rate,3417,14,0.09540532630962834,0.07655730365115841,0.1125134078886277,0.008798919133944951,0,r1
mondrian_both,vendor_stage,A4,alert_rate,18035,289,0.7270862212364846,0.6759594794096778,0.7881734154889256,0.03721314820460296,0,r1
mondrian_both,vendor_stage,B0,alert_rate,1848,21,0.5546536796536796,0.4866554761469817,0.6472830326357952,0.039283642116303204,0,r1
mondrian_both,vendor_stage,B1,alert_rate,2883,99,0.6909469302809573,0.6446994744712361,0.7382859241301704,0.025937941096616454,0,r1
mondrian_both,vendor_stage,B2,alert_rate,4176,103,0.710727969348659,0.6626169960633085,0.769196223242691,0.02884246725848823,0,r1
mondrian_both,vendor_stage,B3,alert_rate,6897,180,0.715818471799333,0.6790233152808306,0.7422818298778041,0.01538490895487512,0,r1
mondrian_both,vendor_stage,B4,alert_rate,1546,24,0.9780077619663649,0.9648560364023623,0.9896127373150463,0.007041315681492917,0,r1
mondrian_both,vendor_stage,C0,alert_rate,17811,283,0.7948458817584638,0.7533960048611752,0.8559050845255118,0.028887732087192666,0,r1
mondrian_both,vendor_stage,C1,alert_rate,16581,395,0.7181714010011458,0.6759037185881857,0.7854923468165115,0.030666823319086697,0,r1
mondrian_both,vendor_stage,C2,alert_rate,14823,578,0.8482763273291506,0.7986969476825266,0.872976100914093,0.022172442568356095,0,r1
mondrian_both,vendor_stage,C3,alert_rate,8811,872,0.8833276586085574,0.8596810712522271,0.9002952878303242,0.009812015520572188,0,r1
mondrian_both,vendor_stage,C4,alert_rate,2,2,1.0,1.0,1.0,0.0,129,r1
-,all,all,auc,193148,2857,0.7038346664851517,0.6939052288906573,0.7124881083893511,0.004779753940692396,0,r2p7
split,all,all,coverage,193148,2857,0.9189844057406755,0.9172516633719987,0.9206358004976788,0.0008619522651529286,0,r2p7
split,all,all,cov_healthy,193148,2857,0.9202799922224383,0.9184991196453893,0.9220035039710254,0.0008745137748118584,0,r2p7
split,all,all,cov_failure,193148,2857,0.8326916345817291,0.8190508235304658,0.8460178218769174,0.007070660624845993,0,r2p7
split,all,all,set_size,193148,2857,1.5118406610474868,1.5060754874262565,1.5171086737111894,0.0028972337640142216,0,r2p7
split,all,all,singleton,193148,2857,0.4881593389525131,0.4828913262888105,0.4939245125737436,0.0028972337640142216,0,r2p7
split,all,all,doubleton,193148,2857,0.5118406610474869,0.5060754874262564,0.5171086737111895,0.002897233764014224,0,r2p7
split,all,all,empty,193148,2857,0.0,0.0,0.0,0.0,0,r2p7
split,all,all,alert_rate,193148,2857,0.5947252883798952,0.5884420089804825,0.6008527513644634,0.0032203556722789056,0,r2p7
split,stage,0,coverage,39021,366,0.9087414469132006,0.9052259715987832,0.9122178370514907,0.0017747010625083974,0,r2p7
split,stage,1,coverage,38682,601,0.9161884080450856,0.9130361841910763,0.9194780251261869,0.0016773827718776855,0,r2p7
split,stage,2,coverage,37787,902,0.9065551644745548,0.9031124033923977,0.9098928604962044,0.0017602931514587366,0,r2p7
split,stage,3,coverage,38255,710,0.8996993857012155,0.8962445292212197,0.9032957197388353,0.001852153940939852,0,r2p7
split,stage,4,coverage,39403,278,0.9625155445016876,0.9594282581925981,0.9653114781427381,0.0015277011562702,0,r2p7
split,stage,0,cov_healthy,39021,366,0.9089121717759668,0.9053575784504118,0.912366503667454,0.0017861332626008186,0,r2p7
split,stage,1,cov_healthy,38682,601,0.9167826475145086,0.9135577195134171,0.9200916587570636,0.0017009086160237575,0,r2p7
split,stage,2,cov_healthy,37787,902,0.9061407076047173,0.9026841932440616,0.909549464325268,0.0017792884809339868,0,r2p7
split,stage,3,cov_healthy,38255,710,0.9003862032227993,0.8968244858408058,0.9040259206547051,0.0018718206067619267,0,r2p7
split,stage,4,cov_healthy,39403,278,0.9673354632587859,0.9644246613142439,0.9701881063072288,0.0015144928923202826,0,r2p7
split,stage,0,cov_failure,39021,366,0.8907103825136612,0.8575086125900407,0.9235461327388098,0.01649478625301484,0,r2p7
split,stage,1,cov_failure,38682,601,0.8785357737104825,0.853282320017891,0.9045470805029628,0.013305862191001324,0,r2p7
split,stage,2,cov_failure,37787,902,0.9235033259423503,0.9060363205684959,0.9410438626317579,0.009190767831758807,0,r2p7
split,stage,3,cov_failure,38255,710,0.8633802816901408,0.8375,0.8867977827523719,0.012718645347872022,0,r2p7
split,stage,4,cov_failure,39403,278,0.2841726618705036,0.2343623991935484,0.33442677778386976,0.026073920965730076,0,r2p7
split,stage,0,set_size,39021,366,1.6775069834191845,1.6725612205141978,1.6821534457657719,0.0024697882279265805,0,r2p7
split,stage,1,set_size,38682,601,1.6885631559898662,1.6840902159757916,1.6934765429379315,0.002398676955994296,0,r2p7
split,stage,2,set_size,37787,902,1.6963770608939583,1.69146463822847,1.7010785648057696,0.002408133565206566,0,r2p7
split,stage,3,set_size,38255,710,1.4420860018298263,1.4322983672103242,1.4518572407860502,0.0050801193159566525,0,r2p7
split,stage,4,set_size,39403,278,1.0650458086947694,1.0610779025006056,1.0692777492973777,0.0020486251135177604,0,r2p7
split,stage,0,singleton,39021,366,0.3224930165808155,0.3178465542342283,0.3274387794858024,0.0024697882279265853,0,r2p7
split,stage,1,singleton,38682,601,0.31143684401013394,0.3065234570620684,0.3159097840242085,0.002398676955994295,0,r2p7
split,stage,2,singleton,37787,902,0.30362293910604177,0.2989214351942304,0.3085353617715301,0.0024081335652065684,0,r2p7
split,stage,3,singleton,38255,710,0.5579139981701738,0.54814275921395,0.5677016327896757,0.005080119315956659,0,r2p7
split,stage,4,singleton,39403,278,0.9349541913052306,0.9307222507026222,0.9389220974993944,0.0020486251135177643,0,r2p7
split,stage,0,doubleton,39021,366,0.6775069834191846,0.6725612205141975,0.6821534457657717,0.0024697882279265844,0,r2p7
split,stage,1,doubleton,38682,601,0.6885631559898661,0.6840902159757916,0.6934765429379316,0.0023986769559942948,0,r2p7
split,stage,2,doubleton,37787,902,0.6963770608939582,0.6914646382284698,0.7010785648057697,0.002408133565206568,0,r2p7
split,stage,3,doubleton,38255,710,0.44208600182982616,0.4322983672103243,0.45185724078605005,0.005080119315956657,0,r2p7
split,stage,4,doubleton,39403,278,0.06504580869476943,0.06107790250060566,0.06927774929737777,0.002048625113517764,0,r2p7
split,stage,0,empty,39021,366,0.0,0.0,0.0,0.0,0,r2p7
split,stage,1,empty,38682,601,0.0,0.0,0.0,0.0,0,r2p7
split,stage,2,empty,37787,902,0.0,0.0,0.0,0.0,0,r2p7
split,stage,3,empty,38255,710,0.0,0.0,0.0,0.0,0,r2p7
split,stage,4,empty,39403,278,0.0,0.0,0.0,0.0,0,r2p7
split,stage,0,alert_rate,39021,366,0.771148868557956,0.766950833972215,0.7748439143978701,0.002011571109821564,0,r2p7
split,stage,1,alert_rate,38682,601,0.7765110387260225,0.7725766338402331,0.7805237505654874,0.002060642021044935,0,r2p7
split,stage,2,alert_rate,37787,902,0.7941090851350994,0.7896349189941615,0.7986753031851902,0.002265274915644065,0,r2p7
split,stage,3,alert_rate,38255,710,0.5452620572474186,0.534087953054429,0.5559745193203006,0.005694704776834357,0,r2p7
split,stage,4,alert_rate,39403,278,0.098368144557521,0.09243787758190541,0.10453784065890064,0.0031001924766933613,0,r2p7
split,vendor,A,coverage,52647,304,0.9743005299447262,0.9718016327459081,0.9766249313187201,0.001212158203693783,0,r2p7
split,vendor,B,coverage,38621,426,0.9216229512441418,0.9189287513987365,0.924424182283836,0.0013328229274063498,0,r2p7
split,vendor,C,coverage,101880,2127,0.889399293286219,0.886975307119036,0.8919535032471655,0.0012506896419793732,0,r2p7
split,vendor,A,cov_healthy,52647,304,0.9785644689834362,0.9761002462259109,0.9809203819482807,0.0011993638051901146,0,r2p7
split,vendor,B,cov_healthy,38621,426,0.9224767639743422,0.9198477889016989,0.9252394085021689,0.0013390630733500488,0,r2p7
split,vendor,C,cov_healthy,101880,2127,0.8888554730183553,0.8863564841881322,0.8914543812482779,0.0012781941416612987,0,r2p7
split,vendor,A,cov_failure,52647,304,0.24013157894736842,0.19332866043613706,0.28531927693165476,0.023606882771788427,0,r2p7
split,vendor,B,cov_failure,38621,426,0.8450704225352113,0.8092801249280467,0.8797509151882856,0.01782164514545171,0,r2p7
split,vendor,C,cov_failure,101880,2127,0.9149036201222379,0.9030010825858336,0.9267840593141798,0.006162873649577324,0,r2p7
split,vendor,A,set_size,52647,304,1.0540201720895777,1.0508407145942946,1.057250932796659,0.0016912401030797373,0,r2p7
split,vendor,B,set_size,38621,426,1.6379948732554828,1.633564895675656,1.6421396024049473,0.002199456601104499,0,r2p7
split,vendor,C,set_size,101880,2127,1.700598743619945,1.6973090658807726,1.7034525894769894,0.0015958103305597127,0,r2p7
split,vendor,A,singleton,52647,304,0.9459798279104222,0.9427490672033411,0.9491592854057052,0.001691240103079736,0,r2p7
split,vendor,B,singleton,38621,426,0.36200512674451724,0.3578603975950527,0.3664351043243439,0.0021994566011045024,0,r2p7
split,vendor,C,singleton,101880,2127,0.299401256380055,0.29654741052301065,0.3026909341192274,0.0015958103305597105,0,r2p7
split,vendor,A,doubleton,52647,304,0.05402017208957775,0.050840714594294754,0.05725093279665902,0.0016912401030797365,0,r2p7
split,vendor,B,doubleton,38621,426,0.6379948732554828,0.6335648956756561,0.6421396024049473,0.002199456601104502,0,r2p7
split,vendor,C,doubleton,101880,2127,0.700598743619945,0.6973090658807726,0.7034525894769893,0.001595810330559706,0,r2p7
split,vendor,A,empty,52647,304,0.0,0.0,0.0,0.0,0,r2p7
split,vendor,B,empty,38621,426,0.0,0.0,0.0,0.0,0,r2p7
split,vendor,C,empty,101880,2127,0.0,0.0,0.0,0.0,0,r2p7
split,vendor,A,alert_rate,52647,304,0.07595874408798223,0.07086584825286238,0.08112730245160847,0.0025797487716430426,0,r2p7
split,vendor,B,alert_rate,38621,426,0.7178219103596489,0.7138840134133085,0.7214501274060695,0.0019382424465884905,0,r2p7
split,vendor,C,alert_rate,101880,2127,0.8161366313309776,0.8138600837752694,0.8184560399775194,0.0011548053698595513,0,r2p7
split,vendor_stage,A0,coverage,36,0,1.0,1.0,1.0,0.0,6,r2p7
split,vendor_stage,A1,coverage,46,0,0.9782608695652174,0.9272616407982261,1.0,0.02170358809449096,0,r2p7
split,vendor_stage,A2,coverage,582,2,0.9604810996563574,0.9412563898464621,0.9771568871017707,0.009099753220696854,0,r2p7
split,vendor_stage,A3,coverage,13742,31,0.9830446805414059,0.9798819783379623,0.9859236869057817,0.0015132277704265583,0,r2p7
split,vendor_stage,A4,coverage,38241,271,0.9713396616197275,0.9682854131737774,0.9741127374179721,0.001481707074413875,0,r2p7
split,vendor_stage,B0,coverage,4576,26,0.9495192307692307,0.9431715798051622,0.9564487350522235,0.0034022837163445526,0,r2p7
split,vendor_stage,B1,coverage,6323,128,0.9414834730349517,0.9358856189517366,0.9467555977625555,0.0027795403077267057,0,r2p7
split,vendor_stage,B2,coverage,11287,117,0.9502082041286436,0.9461346983768008,0.9542491976699601,0.0020860778690313673,0,r2p7
split,vendor_stage,B3,coverage,15273,148,0.9029005434426767,0.897830119130527,0.9081426502080631,0.0027170320658171706,0,r2p7
split,vendor_stage,B4,coverage,1162,7,0.6721170395869192,0.6361017535701347,0.7053981132516366,0.016650167055227687,0,r2p7
split,vendor_stage,C0,coverage,34409,340,0.9032229939841321,0.8994862153217988,0.907056760306405,0.0019593557422807276,0,r2p7
split,vendor_stage,C1,coverage,32313,473,0.9111503110203324,0.907353548734769,0.9148880491847191,0.001957112548025138,0,r2p7
split,vendor_stage,C2,coverage,25918,783,0.8863338220541709,0.8819082857669821,0.890820855094321,0.0023114970323465595,0,r2p7
split,vendor_stage,C3,coverage,9240,531,0.7704545454545455,0.7627873964127337,0.7781829603334655,0.0040444396729217465,0,r2p7
split,vendor_stage,C4,coverage,0,0,NaN,NaN,NaN,NaN,1000,r2p7
split,vendor_stage,A0,cov_healthy,36,0,1.0,1.0,1.0,0.0,6,r2p7
split,vendor_stage,A1,cov_healthy,46,0,0.9782608695652174,0.9272616407982261,1.0,0.02170358809449096,0,r2p7
split,vendor_stage,A2,cov_healthy,582,2,0.9637931034482758,0.9447341057635175,0.9794571462259095,0.008976956546491546,0,r2p7
split,vendor_stage,A3,cov_healthy,13742,31,0.9852673036248267,0.9823076645860508,0.988068945763911,0.0014704968067607807,0,r2p7
split,vendor_stage,A4,cov_healthy,38241,271,0.9763497498024757,0.9734440415837553,0.9791391678691143,0.0014689538474456643,0,r2p7
split,vendor_stage,B0,cov_healthy,4576,26,0.9507692307692308,0.9441764187057193,0.9575473444848639,0.003368961924285889,0,r2p7
split,vendor_stage,B1,cov_healthy,6323,128,0.9422114608555286,0.9364156147498978,0.9474964723214103,0.0028240373708351627,0,r2p7
split,vendor_stage,B2,cov_healthy,11287,117,0.9511190689346464,0.9469305727962586,0.9551724208967961,0.0020702433534341806,0,r2p7
split,vendor_stage,B3,cov_healthy,15273,148,0.9039338842975206,0.8988569020991524,0.9092940275009129,0.002739917921722446,0,r2p7
split,vendor_stage,B4,cov_healthy,1162,7,0.670995670995671,0.6354002321510993,0.704603106061734,0.01659992547717602,0,r2p7
split,vendor_stage,C0,cov_healthy,34409,340,0.9032258064516129,0.8993956877287431,0.9070717594203598,0.0019719032863635302,0,r2p7
split,vendor_stage,C1,cov_healthy,32313,473,0.9117462311557789,0.9078872944667867,0.9155126396331796,0.001980769134283222,0,r2p7
split,vendor_stage,C2,cov_healthy,25918,783,0.8848219614083946,0.8802692651894228,0.8893481104603975,0.002364540132140799,0,r2p7
split,vendor_stage,C3,cov_healthy,9240,531,0.760592490527041,0.7527667194814485,0.7685223355265008,0.004154392027638206,0,r2p7
split,vendor_stage,C4,cov_healthy,0,0,NaN,NaN,NaN,NaN,1000,r2p7
split,vendor_stage,A0,cov_failure,36,0,NaN,NaN,NaN,NaN,1000,r2p7
split,vendor_stage,A1,cov_failure,46,0,NaN,NaN,NaN,NaN,1000,r2p7
split,vendor_stage,A2,cov_failure,582,2,0.0,0.0,0.0,0.0,146,r2p7
split,vendor_stage,A3,cov_failure,13742,31,0.0,0.0,0.0,0.0,0,r2p7
split,vendor_stage,A4,cov_failure,38241,271,0.2693726937269373,0.21704615792731452,0.318205996131528,0.026225363110693532,0,r2p7
split,vendor_stage,B0,cov_failure,4576,26,0.7307692307692307,0.5554597701149425,0.8966379310344827,0.08841966595924775,0,r2p7
split,vendor_stage,B1,cov_failure,6323,128,0.90625,0.8551640711902114,0.9512321278385197,0.024738301316608712,0,r2p7
split,vendor_stage,B2,cov_failure,11287,117,0.8632478632478633,0.7981651376146789,0.923125,0.03235195867426155,0,r2p7
split,vendor_stage,B3,cov_failure,15273,148,0.7972972972972973,0.7291666666666666,0.8609424350483953,0.03336776018404214,0,r2p7
split,vendor_stage,B4,cov_failure,1162,7,0.8571428571428571,0.5,1.0,0.1501553640005118,2,r2p7
split,vendor_stage,C0,cov_failure,34409,340,0.9029411764705882,0.8694213280341554,0.9343397144711226,0.01614179769632593,0,r2p7
split,vendor_stage,C1,cov_failure,32313,473,0.8710359408033826,0.8410592695244313,0.8991863701499118,0.015363331851899044,0,r2p7
split,vendor_stage,C2,cov_failure,25918,783,0.9348659003831418,0.9175184294087202,0.9510309278350515,0.008864982363460007,0,r2p7
split,vendor_stage,C3,cov_failure,9240,531,0.9322033898305084,0.9099573653672205,0.9535337538192026,0.011296519099043303,0,r2p7
split,vendor_stage,C4,cov_failure,0,0,NaN,NaN,NaN,NaN,1000,r2p7
split,vendor_stage,A0,set_size,36,0,1.0277777777777777,1.0,1.0909090909090908,0.026158510374100826,6,r2p7
split,vendor_stage,A1,set_size,46,0,1.108695652173913,1.0,1.2308333333333334,0.05848048755616179,0,r2p7
split,vendor_stage,A2,set_size,582,2,1.0910652920962198,1.0661622031143114,1.1175594970812752,0.012669387017017853,0,r2p7
split,vendor_stage,A3,set_size,13742,31,1.0596710813564256,1.053966212745093,1.064740280917847,0.0027788664033816064,0,r2p7
split,vendor_stage,A4,set_size,38241,271,1.051384639523025,1.0479901917805203,1.0548574459736098,0.0018243261146560763,0,r2p7
split,vendor_stage,B0,set_size,4576,26,1.5579108391608392,1.544262344564291,1.570790722490128,0.0068115655002231245,0,r2p7
split,vendor_stage,B1,set_size,6323,128,1.6315040328957773,1.6208250896128296,1.6413631817372272,0.005378282185642736,0,r2p7
split,vendor_stage,B2,set_size,11287,117,1.6642154691237707,1.6572313589766057,1.671048551810812,0.0036161942453379063,0,r2p7
split,vendor_stage,B3,set_size,15273,148,1.6546847377725398,1.6477047771546631,1.6611267788115405,0.003450079880227061,0,r2p7
split,vendor_stage,B4,set_size,1162,7,1.5146299483648882,1.4840163997637477,1.542677102794706,0.014759551128268749,0,r2p7
split,vendor_stage,C0,set_size,34409,340,1.6940916620651574,1.688923604345957,1.698708318123048,0.0024994239264628003,0,r2p7
split,vendor_stage,C1,set_size,32313,473,1.70055395661189,1.6954853130403114,1.706055521934217,0.0027132976619334897,0,r2p7
split,vendor_stage,C2,set_size,25918,783,1.723975615402423,1.7182398401244139,1.7295058104114638,0.002935800593234435,0,r2p7
split,vendor_stage,C3,set_size,9240,531,1.6594155844155845,1.6492493954393688,1.6691475117414278,0.005126156023336627,0,r2p7
split,vendor_stage,C4,set_size,0,0,NaN,NaN,NaN,NaN,1000,r2p7
split,vendor_stage,A0,singleton,36,0,0.9722222222222222,0.9090909090909091,1.0,0.026158510374100993,6,r2p7
split,vendor_stage,A1,singleton,46,0,0.8913043478260869,0.7691666666666667,1.0,0.05848048755616182,0,r2p7
split,vendor_stage,A2,singleton,582,2,0.9089347079037801,0.8824405029187248,0.9338377968856885,0.012669387017017844,0,r2p7
split,vendor_stage,A3,singleton,13742,31,0.9403289186435745,0.935259719082153,0.946033787254907,0.0027788664033816107,0,r2p7
split,vendor_stage,A4,singleton,38241,271,0.9486153604769749,0.9451425540263901,0.9520098082194797,0.0018243261146560787,0,r2p7
split,vendor_stage,B0,singleton,4576,26,0.44208916083916083,0.429209277509872,0.4557376554357092,0.006811565500223122,0,r2p7
split,vendor_stage,B1,singleton,6323,128,0.36849596710422267,0.3586368182627729,0.37917491038717027,0.005378282185642737,0,r2p7
split,vendor_stage,B2,singleton,11287,117,0.3357845308762293,0.32895144818918803,0.3427686410233944,0.0036161942453379046,0,r2p7
split,vendor_stage,B3,singleton,15273,148,0.34531526222746023,0.3388732211884595,0.3522952228453369,0.003450079880227062,0,r2p7
split,vendor_stage,B4,singleton,1162,7,0.4853700516351119,0.4573228972052941,0.5159836002362524,0.014759551128268766,0,r2p7
split,vendor_stage,C0,singleton,34409,340,0.3059083379348426,0.301291681876952,0.31107639565404305,0.002499423926462799,0,r2p7
split,vendor_stage,C1,singleton,32313,473,0.29944604338811004,0.29394447806578305,0.3045146869596887,0.002713297661933487,0,r2p7
split,vendor_stage,C2,singleton,25918,783,0.276024384597577,0.27049418958853627,0.2817601598755863,0.002935800593234435,0,r2p7
split,vendor_stage,C3,singleton,9240,531,0.3405844155844156,0.3308524882585721,0.3507506045606312,0.005126156023336627,0,r2p7
split,vendor_stage,C4,singleton,0,0,NaN,NaN,NaN,NaN,1000,r2p7
split,vendor_stage,A0,doubleton,36,0,0.027777777777777776,0.0,0.09090909090909091,0.026158510374100934,6,r2p7
split,vendor_stage,A1,doubleton,46,0,0.10869565217391304,0.0,0.23083333333333328,0.05848048755616175,0,r2p7
split,vendor_stage,A2,doubleton,582,2,0.09106529209621993,0.06616220311431156,0.11755949708127525,0.012669387017017834,0,r2p7
split,vendor_stage,A3,doubleton,13742,31,0.05967108135642556,0.053966212745093035,0.06474028091784699,0.002778866403381611,0,r2p7
split,vendor_stage,A4,doubleton,38241,271,0.05138463952302503,0.04799019178052034,0.054857445973609795,0.0018243261146560765,0,r2p7
split,vendor_stage,B0,doubleton,4576,26,0.5579108391608392,0.5442623445642908,0.5707907224901281,0.006811565500223124,0,r2p7
split,vendor_stage,B1,doubleton,6323,128,0.6315040328957773,0.6208250896128297,0.6413631817372271,0.00537828218564274,0,r2p7
split,vendor_stage,B2,doubleton,11287,117,0.6642154691237707,0.6572313589766056,0.6710485518108119,0.0036161942453379046,0,r2p7
split,vendor_stage,B3,doubleton,15273,148,0.6546847377725398,0.6477047771546631,0.6611267788115405,0.0034500798802270644,0,r2p7
split,vendor_stage,B4,doubleton,1162,7,0.5146299483648882,0.4840163997637476,0.5426771027947058,0.014759551128268737,0,r2p7
split,vendor_stage,C0,doubleton,34409,340,0.6940916620651574,0.688923604345957,0.698708318123048,0.002499423926462797,0,r2p7
split,vendor_stage,C1,doubleton,32313,473,0.7005539566118899,0.6954853130403114,0.706055521934217,0.0027132976619334876,0,r2p7
split,vendor_stage,C2,doubleton,25918,783,0.7239756154024231,0.7182398401244138,0.7295058104114638,0.002935800593234435,0,r2p7
split,vendor_stage,C3,doubleton,9240,531,0.6594155844155845,0.6492493954393689,0.6691475117414278,0.0051261560233366275,0,r2p7
split,vendor_stage,C4,doubleton,0,0,NaN,NaN,NaN,NaN,1000,r2p7
split,vendor_stage,A0,empty,36,0,0.0,0.0,0.0,0.0,6,r2p7
split,vendor_stage,A1,empty,46,0,0.0,0.0,0.0,0.0,0,r2p7
split,vendor_stage,A2,empty,582,2,0.0,0.0,0.0,0.0,0,r2p7
split,vendor_stage,A3,empty,13742,31,0.0,0.0,0.0,0.0,0,r2p7
split,vendor_stage,A4,empty,38241,271,0.0,0.0,0.0,0.0,0,r2p7
split,vendor_stage,B0,empty,4576,26,0.0,0.0,0.0,0.0,0,r2p7
split,vendor_stage,B1,empty,6323,128,0.0,0.0,0.0,0.0,0,r2p7
split,vendor_stage,B2,empty,11287,117,0.0,0.0,0.0,0.0,0,r2p7
split,vendor_stage,B3,empty,15273,148,0.0,0.0,0.0,0.0,0,r2p7
split,vendor_stage,B4,empty,1162,7,0.0,0.0,0.0,0.0,0,r2p7
split,vendor_stage,C0,empty,34409,340,0.0,0.0,0.0,0.0,0,r2p7
split,vendor_stage,C1,empty,32313,473,0.0,0.0,0.0,0.0,0,r2p7
split,vendor_stage,C2,empty,25918,783,0.0,0.0,0.0,0.0,0,r2p7
split,vendor_stage,C3,empty,9240,531,0.0,0.0,0.0,0.0,0,r2p7
split,vendor_stage,C4,empty,0,0,NaN,NaN,NaN,NaN,1000,r2p7
split,vendor_stage,A0,alert_rate,36,0,0.027777777777777776,0.0,0.09090909090909091,0.026158510374100934,6,r2p7
split,vendor_stage,A1,alert_rate,46,0,0.13043478260869565,0.0,0.28578296703296696,0.07353866239486302,0,r2p7
split,vendor_stage,A2,alert_rate,582,2,0.12714776632302405,0.0954084753167322,0.16062340395498348,0.016586330673920936,0,r2p7
split,vendor_stage,A3,alert_rate,13742,31,0.07437054286130113,0.06683329771199349,0.08130761523037949,0.003605524834614328,0,r2p7
split,vendor_stage,A4,alert_rate,38241,271,0.07573023717999006,0.07038985240749021,0.08160828670180915,0.0029132244307012592,0,r2p7
split,vendor_stage,B0,alert_rate,4576,26,0.607736013986014,0.5925019260800395,0.6204297178603487,0.007237965278716874,0,r2p7
split,vendor_stage,B1,alert_rate,6323,128,0.6949232959038432,0.6846550692883894,0.7049912397087842,0.004999772074395238,0,r2p7
split,vendor_stage,B2,alert_rate,11287,117,0.7155134225214849,0.7092981772465129,0.7221750117274228,0.0033237902246566267,0,r2p7
split,vendor_stage,B3,alert_rate,15273,148,0.752438944542657,0.7467422171826918,0.7576562980844905,0.002888422368952042,0,r2p7
split,vendor_stage,B4,alert_rate,1162,7,0.8433734939759037,0.8220668814539895,0.8640152310156362,0.010830756899495374,0,r2p7
split,vendor_stage,C0,alert_rate,34409,340,0.7936586358220233,0.7896340214325803,0.7968508242857831,0.0018592191164000524,0,r2p7
split,vendor_stage,C1,alert_rate,32313,473,0.7933958468727756,0.7891835442202191,0.7978552254595961,0.0022342686382500814,0,r2p7
split,vendor_stage,C2,alert_rate,25918,783,0.8433135272783394,0.83870247533032,0.8482792758378249,0.0024106124938547586,0,r2p7
split,vendor_stage,C3,alert_rate,9240,531,0.9031385281385281,0.8964808789349542,0.9095207942573551,0.003387984316087021,0,r2p7
split,vendor_stage,C4,alert_rate,0,0,NaN,NaN,NaN,NaN,1000,r2p7
mondrian_class,all,all,coverage,193148,2857,0.9199836394888894,0.9181910958164983,0.9216279244567744,0.0008646644385310582,0,r2p7
mondrian_class,all,all,cov_healthy,193148,2857,0.9202799922224383,0.9184991196453893,0.9220035039710254,0.0008745137748118584,0,r2p7
mondrian_class,all,all,cov_failure,193148,2857,0.9002450122506125,0.8812941390022625,0.9158163379542852,0.009287687244994972,0,r2p7
mondrian_class,all,all,set_size,193148,2857,1.608269306438586,1.592548319879827,1.6218455037428334,0.007877875176706132,0,r2p7
mondrian_class,all,all,singleton,193148,2857,0.39173069356141405,0.3781544962571666,0.40745168012017297,0.007877875176706128,0,r2p7
mondrian_class,all,all,doubleton,193148,2857,0.6082693064385859,0.5925483198798269,0.6218455037428334,0.007877875176706132,0,r2p7
mondrian_class,all,all,empty,193148,2857,0.0,0.0,0.0,0.0,0,r2p7
mondrian_class,all,all,alert_rate,193148,2857,0.6911539337709942,0.6743949700622976,0.7052188889248494,0.008033046483596713,0,r2p7
mondrian_class,stage,0,coverage,39021,366,0.9092796186668717,0.9058407981764728,0.9126622697606894,0.001767393623439004,0,r2p7
mondrian_class,stage,1,coverage,38682,601,0.9176102580011375,0.914450499702443,0.920952646258904,0.0016659228595182311,0,r2p7
mondrian_class,stage,2,coverage,37787,902,0.9079048349961627,0.9044481695861869,0.9112069388599228,0.0017420957123537762,0,r2p7
mondrian_class,stage,3,coverage,38255,710,0.9007450006535094,0.8973356779482667,0.9043501733683081,0.00184471716005373,0,r2p7
mondrian_class,stage,4,coverage,39403,278,0.9631753927365937,0.960093799123301,0.9658751025889428,0.0015393399147759811,0,r2p7
mondrian_class,stage,0,cov_healthy,39021,366,0.9089121717759668,0.9053575784504118,0.912366503667454,0.0017861332626008186,0,r2p7
mondrian_class,stage,1,cov_healthy,38682,601,0.9167826475145086,0.9135577195134171,0.9200916587570636,0.0017009086160237575,0,r2p7
mondrian_class,stage,2,cov_healthy,37787,902,0.9061407076047173,0.9026841932440616,0.909549464325268,0.0017792884809339868,0,r2p7
mondrian_class,stage,3,cov_healthy,38255,710,0.9003862032227993,0.8968244858408058,0.9040259206547051,0.0018718206067619267,0,r2p7
mondrian_class,stage,4,cov_healthy,39403,278,0.9673354632587859,0.9644246613142439,0.9701881063072288,0.0015144928923202826,0,r2p7
mondrian_class,stage,0,cov_failure,39021,366,0.9480874316939891,0.9235461472903194,0.9717514124293786,0.012207310220580522,0,r2p7
mondrian_class,stage,1,cov_failure,38682,601,0.9700499168053245,0.9540940245062385,0.9888683483221299,0.009272077155991567,0,r2p7
mondrian_class,stage,2,cov_failure,37787,902,0.9800443458980045,0.9644106614139049,0.9892748796998303,0.006214406927946191,0,r2p7
mondrian_class,stage,3,cov_failure,38255,710,0.9197183098591549,0.8945017229879947,0.9395229639073551,0.012006977095167322,0,r2p7
mondrian_class,stage,4,cov_failure,39403,278,0.3776978417266187,0.2897271437814164,0.4516343677174046,0.04182829621467092,0,r2p7
mondrian_class,stage,0,set_size,39021,366,1.753158555649522,1.741159704550387,1.7625980058095088,0.005581376332682801,0,r2p7
mondrian_class,stage,1,set_size,38682,601,1.8276459335091257,1.8156034257747837,1.8399521443703124,0.006268678612747548,0,r2p7
mondrian_class,stage,2,set_size,37787,902,1.8121046920898722,1.7989839897456976,1.8217677962950405,0.005639694409966895,0,r2p7
mondrian_class,stage,3,set_size,38255,710,1.533864854267416,1.5142614265237246,1.549531689876049,0.009615239787793821,0,r2p7
mondrian_class,stage,4,set_size,39403,278,1.1261832855366343,1.102489204507636,1.149938415407042,0.012708673377735645,0,r2p7
mondrian_class,stage,0,singleton,39021,366,0.24684144435047795,0.23740199419049127,0.258840295449613,0.005581376332682797,0,r2p7
mondrian_class,stage,1,singleton,38682,601,0.1723540664908743,0.16004785562968774,0.18439657422521624,0.006268678612747544,0,r2p7
mondrian_class,stage,2,singleton,37787,902,0.18789530791012782,0.17823220370495954,0.20101601025430238,0.005639694409966893,0,r2p7
mondrian_class,stage,3,singleton,38255,710,0.46613514573258397,0.45046831012395083,0.4857385734762753,0.00961523978779382,0,r2p7
mondrian_class,stage,4,singleton,39403,278,0.8738167144633657,0.850061584592958,0.897510795492364,0.012708673377735655,0,r2p7
mondrian_class,stage,0,doubleton,39021,366,0.753158555649522,0.741159704550387,0.7625980058095088,0.005581376332682794,0,r2p7
mondrian_class,stage,1,doubleton,38682,601,0.8276459335091257,0.8156034257747837,0.8399521443703123,0.006268678612747549,0,r2p7
mondrian_class,stage,2,doubleton,37787,902,0.8121046920898721,0.7989839897456976,0.8217677962950404,0.005639694409966893,0,r2p7
mondrian_class,stage,3,doubleton,38255,710,0.533864854267416,0.5142614265237246,0.5495316898760492,0.009615239787793821,0,r2p7
mondrian_class,stage,4,doubleton,39403,278,0.12618328553663427,0.10248920450763599,0.14993841540704206,0.012708673377735642,0,r2p7
mondrian_class,stage,0,empty,39021,366,0.0,0.0,0.0,0.0,0,r2p7
mondrian_class,stage,1,empty,38682,601,0.0,0.0,0.0,0.0,0,r2p7
mondrian_class,stage,2,empty,37787,902,0.0,0.0,0.0,0.0,0,r2p7
mondrian_class,stage,3,empty,38255,710,0.0,0.0,0.0,0.0,0,r2p7
mondrian_class,stage,4,empty,39403,278,0.0,0.0,0.0,0.0,0,r2p7
mondrian_class,stage,0,alert_rate,39021,366,0.8468004407882935,0.8349998274714562,0.8552799518236878,0.005364910103710567,0,r2p7
mondrian_class,stage,1,alert_rate,38682,601,0.915593816245282,0.9034390283531236,0.9275010433929476,0.006140542811799506,0,r2p7
mondrian_class,stage,2,alert_rate,37787,902,0.9098367163310133,0.8964803941888244,0.9193816951953241,0.005527671793396812,0,r2p7
mondrian_class,stage,3,alert_rate,38255,710,0.6370409096850085,0.6160030323338314,0.65342080543805,0.009926507708833713,0,r2p7
mondrian_class,stage,4,alert_rate,39403,278,0.15950562139938584,0.13520831016773055,0.18392064473510428,0.01294665651577768,0,r2p7
mondrian_class,vendor,A,coverage,52647,304,0.9748513685490151,0.9722978147013955,0.9771421765828842,0.001218776566515434,0,r2p7
mondrian_class,vendor,B,coverage,38621,426,0.9225291939618342,0.9198216286515696,0.9252704699976223,0.0013284232928601853,0,r2p7
mondrian_class,vendor,C,coverage,101880,2127,0.8906654888103651,0.8882036078859551,0.8931973882637935,0.0012530947427910545,0,r2p7
mondrian_class,vendor,A,cov_healthy,52647,304,0.9785644689834362,0.9761002462259109,0.9809203819482807,0.0011993638051901146,0,r2p7
mondrian_class,vendor,B,cov_healthy,38621,426,0.9224767639743422,0.9198477889016989,0.9252394085021689,0.0013390630733500488,0,r2p7
mondrian_class,vendor,C,cov_healthy,101880,2127,0.8888554730183553,0.8863564841881322,0.8914543812482779,0.0012781941416612987,0,r2p7
mondrian_class,vendor,A,cov_failure,52647,304,0.3355263157894737,0.24918684598239585,0.4020742070419288,0.039457644433680494,0,r2p7
mondrian_class,vendor,B,cov_failure,38621,426,0.9272300469483568,0.8932972873900293,0.9502514025616597,0.014616304398538362,0,r2p7
mondrian_class,vendor,C,cov_failure,101880,2127,0.9755524212505877,0.9640956955215193,0.9858328673974155,0.005848332789842264,0,r2p7
mondrian_class,vendor,A,set_size,52647,304,1.1181073945334017,1.0943536464031514,1.1407883292208953,0.01231706276685135,0,r2p7
mondrian_class,vendor,B,set_size,38621,426,1.7544859014525775,1.7397629604462836,1.7669177193706989,0.00666407127654096,0,r2p7
mondrian_class,vendor,C,set_size,101880,2127,1.8061346682371417,1.7942767135984563,1.815503565606535,0.00541358529491875,0,r2p7
mondrian_class,vendor,A,singleton,52647,304,0.8818926054665983,0.8592116707791047,0.9056463535968486,0.012317062766851355,0,r2p7
mondrian_class,vendor,B,singleton,38621,426,0.2455140985474224,0.23308228062930106,0.26023703955371635,0.006664071276540953,0,r2p7
mondrian_class,vendor,C,singleton,101880,2127,0.19386533176285828,0.18449643439346494,0.20572328640154364,0.0054135852949187485,0,r2p7
mondrian_class,vendor,A,doubleton,52647,304,0.11810739453340172,0.09435364640315132,0.1407883292208953,0.012317062766851359,0,r2p7
mondrian_class,vendor,B,doubleton,38621,426,0.7544859014525777,0.7397629604462836,0.766917719370699,0.006664071276540958,0,r2p7
mondrian_class,vendor,C,doubleton,101880,2127,0.8061346682371417,0.7942767135984564,0.815503565606535,0.005413585294918744,0,r2p7
mondrian_class,vendor,A,empty,52647,304,0.0,0.0,0.0,0.0,0,r2p7
mondrian_class,vendor,B,empty,38621,426,0.0,0.0,0.0,0.0,0,r2p7
mondrian_class,vendor,C,empty,101880,2127,0.0,0.0,0.0,0.0,0,r2p7
mondrian_class,vendor,A,alert_rate,52647,304,0.14004596653180618,0.1158466537449225,0.16323367324662735,0.012521234568985407,0,r2p7
mondrian_class,vendor,B,alert_rate,38621,426,0.8343129385567437,0.8197214311682702,0.8464898621669503,0.0066207072973243205,0,r2p7
mondrian_class,vendor,C,alert_rate,101880,2127,0.9216725559481743,0.9099775790297389,0.9303515963641427,0.005291207924697667,0,r2p7
mondrian_class,vendor_stage,A0,coverage,36,0,1.0,1.0,1.0,0.0,6,r2p7
mondrian_class,vendor_stage,A1,coverage,46,0,0.9782608695652174,0.9272616407982261,1.0,0.02170358809449096,0,r2p7
mondrian_class,vendor_stage,A2,coverage,582,2,0.9604810996563574,0.9412563898464621,0.9771568871017707,0.009099753220696854,0,r2p7
mondrian_class,vendor_stage,A3,coverage,13742,31,0.9833357589870471,0.9801611437358551,0.9861599657984229,0.0014935143353303254,0,r2p7
mondrian_class,vendor_stage,A4,coverage,38241,271,0.9719934102141681,0.9689972980653314,0.9748266138065608,0.0014933955877669972,0,r2p7
mondrian_class,vendor_stage,B0,coverage,4576,26,0.9499562937062938,0.9435842531421922,0.9569400711639695,0.0033781072032862125,0,r2p7
mondrian_class,vendor_stage,B1,coverage,6323,128,0.9429068480151827,0.937256507880459,0.9479752586671385,0.0027454767233817466,0,r2p7
mondrian_class,vendor_stage,B2,coverage,11287,117,0.951271374147249,0.947003173929842,0.9553716608443968,0.0020705790787847837,0,r2p7
mondrian_class,vendor_stage,B3,coverage,15273,148,0.9036207686767498,0.8985718023126811,0.9088001178053919,0.002711022268969164,0,r2p7
mondrian_class,vendor_stage,B4,coverage,1162,7,0.6729776247848537,0.6365345220276615,0.7055639601501305,0.016601792740935793,0,r2p7
mondrian_class,vendor_stage,C0,coverage,34409,340,0.9037751750995379,0.8999739169284258,0.9075896911723017,0.0019516412900841423,0,r2p7
mondrian_class,vendor_stage,C1,coverage,32313,473,0.9125738866709993,0.908810301428481,0.916308496937626,0.0019420753688339815,0,r2p7
mondrian_class,vendor_stage,C2,coverage,25918,783,0.8878385677907246,0.8834794479164614,0.8921496331943249,0.0022947174397026267,0,r2p7
mondrian_class,vendor_stage,C3,coverage,9240,531,0.7731601731601732,0.7655984141618949,0.7810719809355088,0.004070984044981476,0,r2p7
mondrian_class,vendor_stage,C4,coverage,0,0,NaN,NaN,NaN,NaN,1000,r2p7
mondrian_class,vendor_stage,A0,cov_healthy,36,0,1.0,1.0,1.0,0.0,6,r2p7
mondrian_class,vendor_stage,A1,cov_healthy,46,0,0.9782608695652174,0.9272616407982261,1.0,0.02170358809449096,0,r2p7
mondrian_class,vendor_stage,A2,cov_healthy,582,2,0.9637931034482758,0.9447341057635175,0.9794571462259095,0.008976956546491546,0,r2p7
mondrian_class,vendor_stage,A3,cov_healthy,13742,31,0.9852673036248267,0.9823076645860508,0.988068945763911,0.0014704968067607807,0,r2p7
mondrian_class,vendor_stage,A4,cov_healthy,38241,271,0.9763497498024757,0.9734440415837553,0.9791391678691143,0.0014689538474456643,0,r2p7
mondrian_class,vendor_stage,B0,cov_healthy,4576,26,0.9507692307692308,0.9441764187057193,0.9575473444848639,0.003368961924285889,0,r2p7
mondrian_class,vendor_stage,B1,cov_healthy,6323,128,0.9422114608555286,0.9364156147498978,0.9474964723214103,0.0028240373708351627,0,r2p7
mondrian_class,vendor_stage,B2,cov_healthy,11287,117,0.9511190689346464,0.9469305727962586,0.9551724208967961,0.0020702433534341806,0,r2p7
mondrian_class,vendor_stage,B3,cov_healthy,15273,148,0.9039338842975206,0.8988569020991524,0.9092940275009129,0.002739917921722446,0,r2p7
mondrian_class,vendor_stage,B4,cov_healthy,1162,7,0.670995670995671,0.6354002321510993,0.704603106061734,0.01659992547717602,0,r2p7
mondrian_class,vendor_stage,C0,cov_healthy,34409,340,0.9032258064516129,0.8993956877287431,0.9070717594203598,0.0019719032863635302,0,r2p7
mondrian_class,vendor_stage,C1,cov_healthy,32313,473,0.9117462311557789,0.9078872944667867,0.9155126396331796,0.001980769134283222,0,r2p7
mondrian_class,vendor_stage,C2,cov_healthy,25918,783,0.8848219614083946,0.8802692651894228,0.8893481104603975,0.002364540132140799,0,r2p7
mondrian_class,vendor_stage,C3,cov_healthy,9240,531,0.760592490527041,0.7527667194814485,0.7685223355265008,0.004154392027638206,0,r2p7
mondrian_class,vendor_stage,C4,cov_healthy,0,0,NaN,NaN,NaN,NaN,1000,r2p7
mondrian_class,vendor_stage,A0,cov_failure,36,0,NaN,NaN,NaN,NaN,1000,r2p7
mondrian_class,vendor_stage,A1,cov_failure,46,0,NaN,NaN,NaN,NaN,1000,r2p7
mondrian_class,vendor_stage,A2,cov_failure,582,2,0.0,0.0,0.0,0.0,146,r2p7
mondrian_class,vendor_stage,A3,cov_failure,13742,31,0.12903225806451613,0.0,0.23345238095238086,0.06350849579177453,0,r2p7
mondrian_class,vendor_stage,A4,cov_failure,38241,271,0.36162361623616235,0.27435834033925127,0.43515628416893853,0.04155389395956476,0,r2p7
mondrian_class,vendor_stage,B0,cov_failure,4576,26,0.8076923076923077,0.66640625,0.9583333333333334,0.07804539760034913,0,r2p7
mondrian_class,vendor_stage,B1,cov_failure,6323,128,0.9765625,0.9488893783035489,1.0,0.013472728455380544,0,r2p7
mondrian_class,vendor_stage,B2,cov_failure,11287,117,0.9658119658119658,0.9223033407231863,0.9918049446887911,0.018197656305471228,0,r2p7
mondrian_class,vendor_stage,B3,cov_failure,15273,148,0.8716216216216216,0.8057264533201025,0.9208680424081788,0.029210370831154853,0,r2p7
mondrian_class,vendor_stage,B4,cov_failure,1162,7,1.0,0.6,1.0,0.1152155059365577,2,r2p7
mondrian_class,vendor_stage,C0,cov_failure,34409,340,0.9588235294117647,0.9363601576994435,0.9807722929936306,0.011383284419345737,0,r2p7
mondrian_class,vendor_stage,C1,cov_failure,32313,473,0.9682875264270613,0.948763675860128,0.989563210873275,0.01068764182887937,0,r2p7
mondrian_class,vendor_stage,C2,cov_failure,25918,783,0.9846743295019157,0.9706978269014612,0.9932982582675023,0.005759514947496427,0,r2p7
mondrian_class,vendor_stage,C3,cov_failure,9240,531,0.9792843691148776,0.9624737739312877,0.9928079916173633,0.008128020181580776,0,r2p7
mondrian_class,vendor_stage,C4,cov_failure,0,0,NaN,NaN,NaN,NaN,1000,r2p7
mondrian_class,vendor_stage,A0,set_size,36,0,1.1944444444444444,1.0,1.2777777777777777,0.06627360133684548,6,r2p7
mondrian_class,vendor_stage,A1,set_size,46,0,1.1304347826086956,1.0,1.2703316953316952,0.06475259181080895,0,r2p7
mondrian_class,vendor_stage,A2,set_size,582,2,1.1632302405498283,1.1231781625342419,1.203610600892154,0.020918949350696978,0,r2p7
mondrian_class,vendor_stage,A3,set_size,13742,31,1.1303303740358026,1.105743293092657,1.1497994277891104,0.011479840422507203,0,r2p7
mondrian_class,vendor_stage,A4,set_size,38241,271,1.1129416071755445,1.0888098689405699,1.1369322211768824,0.012817338836428912,0,r2p7
mondrian_class,vendor_stage,B0,set_size,4576,26,1.6322115384615385,1.6141293944337172,1.649524297654858,0.009263840370184096,0,r2p7
mondrian_class,vendor_stage,B1,set_size,6323,128,1.759924086667721,1.7465048921554944,1.7803189012614264,0.00852185949356231,0,r2p7
mondrian_class,vendor_stage,B2,set_size,11287,117,1.7794808186409143,1.764444944692668,1.7901374644808272,0.006270914612291117,0,r2p7
mondrian_class,vendor_stage,B3,set_size,15273,148,1.785045505139789,1.767608583963225,1.7980322926763843,0.007989508306048429,0,r2p7
mondrian_class,vendor_stage,B4,set_size,1162,7,1.5619621342512908,1.526012608127022,1.592564376604277,0.017235620601682353,0,r2p7
mondrian_class,vendor_stage,C0,set_size,34409,340,1.7698276613676653,1.7581264125695466,1.7789372021835943,0.005450841582351233,0,r2p7
mondrian_class,vendor_stage,C1,set_size,32313,473,1.8418902608857117,1.8295677438593376,1.8537391412873185,0.006203114856981802,0,r2p7
mondrian_class,vendor_stage,C2,set_size,25918,783,1.840882784165445,1.8284153109296735,1.8512394483074621,0.005713879717771141,0,r2p7
mondrian_class,vendor_stage,C3,set_size,9240,531,1.7188311688311688,1.7047248141399902,1.7312895909447072,0.006759386637610616,0,r2p7
mondrian_class,vendor_stage,C4,set_size,0,0,NaN,NaN,NaN,NaN,1000,r2p7
mondrian_class,vendor_stage,A0,singleton,36,0,0.8055555555555556,0.7222222222222222,1.0,0.06627360133684558,6,r2p7
mondrian_class,vendor_stage,A1,singleton,46,0,0.8695652173913043,0.7296683046683047,1.0,0.06475259181080893,0,r2p7
mondrian_class,vendor_stage,A2,singleton,582,2,0.8367697594501718,0.7963893991078457,0.8768218374657583,0.02091894935069697,0,r2p7
mondrian_class,vendor_stage,A3,singleton,13742,31,0.8696696259641974,0.8502005722108896,0.8942567069073429,0.011479840422507189,0,r2p7
mondrian_class,vendor_stage,A4,singleton,38241,271,0.8870583928244554,0.8630677788231176,0.9111901310594301,0.012817338836428913,0,r2p7
mondrian_class,vendor_stage,B0,singleton,4576,26,0.36778846153846156,0.35047570234514186,0.3858706055662827,0.009263840370184094,0,r2p7
mondrian_class,vendor_stage,B1,singleton,6323,128,0.24007591333227898,0.21968109873857358,0.2534951078445054,0.0085218594935623,0,r2p7
mondrian_class,vendor_stage,B2,singleton,11287,117,0.2205191813590857,0.20986253551917272,0.235555055307332,0.006270914612291115,0,r2p7
mondrian_class,vendor_stage,B3,singleton,15273,148,0.21495449486021084,0.20196770732361566,0.23239141603677507,0.007989508306048427,0,r2p7
mondrian_class,vendor_stage,B4,singleton,1162,7,0.4380378657487091,0.40743562339572315,0.473987391872978,0.017235620601682343,0,r2p7
mondrian_class,vendor_stage,C0,singleton,34409,340,0.23017233863233455,0.22106279781640562,0.24187358743045337,0.005450841582351232,0,r2p7
mondrian_class,vendor_stage,C1,singleton,32313,473,0.15810973911428836,0.14626085871268155,0.17043225614066249,0.006203114856981807,0,r2p7
mondrian_class,vendor_stage,C2,singleton,25918,783,0.15911721583455513,0.14876055169253788,0.1715846890703266,0.005713879717771148,0,r2p7
mondrian_class,vendor_stage,C3,singleton,9240,531,0.2811688311688312,0.2687104090552928,0.29527518586000984,0.006759386637610622,0,r2p7
mondrian_class,vendor_stage,C4,singleton,0,0,NaN,NaN,NaN,NaN,1000,r2p7
mondrian_class,vendor_stage,A0,doubleton,36,0,0.19444444444444445,0.0,0.2777777777777778,0.06627360133684558,6,r2p7
mondrian_class,vendor_stage,A1,doubleton,46,0,0.13043478260869565,0.0,0.27033169533169527,0.06475259181080893,0,r2p7
mondrian_class,vendor_stage,A2,doubleton,582,2,0.16323024054982818,0.12317816253424177,0.2036106008921543,0.020918949350696985,0,r2p7
mondrian_class,vendor_stage,A3,doubleton,13742,31,0.13033037403580264,0.1057432930926571,0.14979942778911035,0.01147984042250719,0,r2p7
mondrian_class,vendor_stage,A4,doubleton,38241,271,0.11294160717554458,0.08880986894056986,0.13693222117688242,0.01281733883642891,0,r2p7
mondrian_class,vendor_stage,B0,doubleton,4576,26,0.6322115384615384,0.6141293944337173,0.6495242976548582,0.0092638403701841,0,r2p7
mondrian_class,vendor_stage,B1,doubleton,6323,128,0.759924086667721,0.7465048921554945,0.7803189012614264,0.008521859493562302,0,r2p7
mondrian_class,vendor_stage,B2,doubleton,11287,117,0.7794808186409143,0.764444944692668,0.7901374644808273,0.0062709146122911195,0,r2p7
mondrian_class,vendor_stage,B3,doubleton,15273,148,0.7850455051397892,0.767608583963225,0.7980322926763843,0.007989508306048422,0,r2p7
mondrian_class,vendor_stage,B4,doubleton,1162,7,0.5619621342512908,0.526012608127022,0.5925643766042769,0.017235620601682353,0,r2p7
mondrian_class,vendor_stage,C0,doubleton,34409,340,0.7698276613676655,0.7581264125695467,0.7789372021835944,0.005450841582351234,0,r2p7
mondrian_class,vendor_stage,C1,doubleton,32313,473,0.8418902608857116,0.8295677438593375,0.8537391412873184,0.006203114856981803,0,r2p7
mondrian_class,vendor_stage,C2,doubleton,25918,783,0.8408827841654448,0.8284153109296734,0.8512394483074621,0.005713879717771145,0,r2p7
mondrian_class,vendor_stage,C3,doubleton,9240,531,0.7188311688311688,0.7047248141399901,0.7312895909447072,0.006759386637610621,0,r2p7
mondrian_class,vendor_stage,C4,doubleton,0,0,NaN,NaN,NaN,NaN,1000,r2p7
mondrian_class,vendor_stage,A0,empty,36,0,0.0,0.0,0.0,0.0,6,r2p7
mondrian_class,vendor_stage,A1,empty,46,0,0.0,0.0,0.0,0.0,0,r2p7
mondrian_class,vendor_stage,A2,empty,582,2,0.0,0.0,0.0,0.0,0,r2p7
mondrian_class,vendor_stage,A3,empty,13742,31,0.0,0.0,0.0,0.0,0,r2p7
mondrian_class,vendor_stage,A4,empty,38241,271,0.0,0.0,0.0,0.0,0,r2p7
mondrian_class,vendor_stage,B0,empty,4576,26,0.0,0.0,0.0,0.0,0,r2p7
mondrian_class,vendor_stage,B1,empty,6323,128,0.0,0.0,0.0,0.0,0,r2p7
mondrian_class,vendor_stage,B2,empty,11287,117,0.0,0.0,0.0,0.0,0,r2p7
mondrian_class,vendor_stage,B3,empty,15273,148,0.0,0.0,0.0,0.0,0,r2p7
mondrian_class,vendor_stage,B4,empty,1162,7,0.0,0.0,0.0,0.0,0,r2p7
mondrian_class,vendor_stage,C0,empty,34409,340,0.0,0.0,0.0,0.0,0,r2p7
mondrian_class,vendor_stage,C1,empty,32313,473,0.0,0.0,0.0,0.0,0,r2p7
mondrian_class,vendor_stage,C2,empty,25918,783,0.0,0.0,0.0,0.0,0,r2p7
mondrian_class,vendor_stage,C3,empty,9240,531,0.0,0.0,0.0,0.0,0,r2p7
mondrian_class,vendor_stage,C4,empty,0,0,NaN,NaN,NaN,NaN,1000,r2p7
mondrian_class,vendor_stage,A0,alert_rate,36,0,0.19444444444444445,0.0,0.2777777777777778,0.06627360133684558,6,r2p7
mondrian_class,vendor_stage,A1,alert_rate,46,0,0.15217391304347827,0.0,0.31747835497835497,0.07775265559468227,0,r2p7
mondrian_class,vendor_stage,A2,alert_rate,582,2,0.19931271477663232,0.15411793372319688,0.24676281165642866,0.02400564959378878,0,r2p7
mondrian_class,vendor_stage,A3,alert_rate,13742,31,0.14502983554067822,0.12046557195531256,0.1652928135017506,0.01181679701059412,0,r2p7
mondrian_class,vendor_stage,A4,alert_rate,38241,271,0.1372872048325096,0.11277249110803059,0.1625811932410244,0.01305004983116416,0,r2p7
mondrian_class,vendor_stage,B0,alert_rate,4576,26,0.6820367132867133,0.6630166989968209,0.7002458001590003,0.009713816820889223,0,r2p7
mondrian_class,vendor_stage,B1,alert_rate,6323,128,0.8233433496757868,0.8106113090997522,0.8424813519772844,0.008240934116277738,0,r2p7
mondrian_class,vendor_stage,B2,alert_rate,11287,117,0.8307787720386285,0.8153785429074523,0.8400043509290538,0.006043178284214076,0,r2p7
mondrian_class,vendor_stage,B3,alert_rate,15273,148,0.8827997119099064,0.8658039490362505,0.8958163052006223,0.007694776255956267,0,r2p7
mondrian_class,vendor_stage,B4,alert_rate,1162,7,0.8907056798623064,0.862326858108108,0.911567598520549,0.012812430487317518,0,r2p7
mondrian_class,vendor_stage,C0,alert_rate,34409,340,0.8693946351245314,0.8580894392189959,0.8775057989362312,0.005123335273155357,0,r2p7
mondrian_class,vendor_stage,C1,alert_rate,32313,473,0.9347321511465974,0.9225033626618543,0.9457337153110159,0.005960771465520324,0,r2p7
mondrian_class,vendor_stage,C2,alert_rate,25918,783,0.9602206960413612,0.9479756840176216,0.9692575487333748,0.005350679402217366,0,r2p7
mondrian_class,vendor_stage,C3,alert_rate,9240,531,0.9625541125541126,0.9508804213387151,0.9721407541009911,0.005328494206749129,0,r2p7
mondrian_class,vendor_stage,C4,alert_rate,0,0,NaN,NaN,NaN,NaN,1000,r2p7
mondrian_stage,all,all,coverage,193148,2857,0.905932238490691,0.9037710050686787,0.908679089572451,0.0012595545437834696,0,r2p7
mondrian_stage,all,all,cov_healthy,193148,2857,0.9072630865358845,0.9050481796110097,0.9099792696745365,0.0012768429426588074,0,r2p7
mondrian_stage,all,all,cov_failure,193148,2857,0.8172908645432272,0.8027365939859009,0.8316363420365034,0.0073299943949595246,0,r2p7
mondrian_stage,all,all,set_size,193148,2857,1.485612069501108,1.4791321101325166,1.492385275817775,0.003475406558563583,0,r2p7
mondrian_stage,all,all,singleton,193148,2857,0.4880765009215731,0.48167996647754424,0.493710298083206,0.0030783613438073397,0,r2p7
mondrian_stage,all,all,doubleton,193148,2857,0.4987677842897674,0.4929006912056149,0.5054354688602701,0.0030805384983373803,0,r2p7
mondrian_stage,all,all,empty,193148,2857,0.013155714788659473,0.011092805073424344,0.015492494391581528,0.0011347520502022913,0,r2p7
mondrian_stage,all,all,alert_rate,193148,2857,0.5815488640835007,0.5749192784334372,0.5880883016802185,0.0033810053764928073,0,r2p7
mondrian_stage,stage,0,coverage,39021,366,0.9087414469132006,0.9052259715987832,0.9122178370514907,0.0017747010625083974,0,r2p7
mondrian_stage,stage,1,coverage,38682,601,0.9161884080450856,0.9130361841910763,0.9194780251261869,0.0016773827718776855,0,r2p7
mondrian_stage,stage,2,coverage,37787,902,0.9065551644745548,0.9035685328464373,0.9117410481725071,0.0021447124148422187,0,r2p7
mondrian_stage,stage,3,coverage,38255,710,0.900562018036858,0.8966106564679331,0.9057070061380256,0.0023365106284549447,0,r2p7
mondrian_stage,stage,4,coverage,39403,278,0.8976981448113088,0.8885433963824974,0.9060089474433238,0.00452178671004566,0,r2p7
mondrian_stage,stage,0,cov_healthy,39021,366,0.9089121717759668,0.9053575784504118,0.912366503667454,0.0017861332626008186,0,r2p7
mondrian_stage,stage,1,cov_healthy,38682,601,0.9167826475145086,0.9135577195134171,0.9200916587570636,0.0017009086160237575,0,r2p7
mondrian_stage,stage,2,cov_healthy,37787,902,0.9061407076047173,0.9030467873856792,0.9114441416462427,0.002163739683154193,0,r2p7
mondrian_stage,stage,3,cov_healthy,38255,710,0.9012651484884805,0.8972755011634086,0.906423050150282,0.002361116985504575,0,r2p7
mondrian_stage,stage,4,cov_healthy,39403,278,0.9031821086261981,0.8937662617071402,0.9116596735094539,0.0045419894149139614,0,r2p7
mondrian_stage,stage,0,cov_failure,39021,366,0.8907103825136612,0.8575086125900407,0.9235461327388098,0.01649478625301484,0,r2p7
mondrian_stage,stage,1,cov_failure,38682,601,0.8785357737104825,0.853282320017891,0.9045470805029628,0.013305862191001324,0,r2p7
mondrian_stage,stage,2,cov_failure,37787,902,0.9235033259423503,0.9063448570203937,0.9412417164618487,0.009198057283960217,0,r2p7
mondrian_stage,stage,3,cov_failure,38255,710,0.8633802816901408,0.8377948959049101,0.8873244333875296,0.012724612240251384,0,r2p7
mondrian_stage,stage,4,cov_failure,39403,278,0.12589928057553956,0.08948729260989687,0.1610575596294106,0.018927311832433746,0,r2p7
mondrian_stage,stage,0,set_size,39021,366,1.6775069834191845,1.6725612205141978,1.6821534457657719,0.0024697882279265805,0,r2p7
mondrian_stage,stage,1,set_size,38682,601,1.6885631559898662,1.6840902159757916,1.6934765429379315,0.002398676955994296,0,r2p7
mondrian_stage,stage,2,set_size,37787,902,1.6963770608939583,1.6918207095647748,1.7045103575762095,0.003210659928249994,0,r2p7
mondrian_stage,stage,3,set_size,38255,710,1.4430793360345053,1.4328918393223122,1.454794772192375,0.005590327855169006,0,r2p7
mondrian_stage,stage,4,set_size,39403,278,0.9355125244270741,0.9241717633071244,0.9451899135829751,0.005467091081642107,0,r2p7
mondrian_stage,stage,0,singleton,39021,366,0.3224930165808155,0.3178465542342283,0.3274387794858024,0.0024697882279265853,0,r2p7
mondrian_stage,stage,1,singleton,38682,601,0.31143684401013394,0.3065234570620684,0.3159097840242085,0.002398676955994295,0,r2p7
mondrian_stage,stage,2,singleton,37787,902,0.30362293910604177,0.2954896424237905,0.3081792904352252,0.0032106599282499945,0,r2p7
mondrian_stage,stage,3,singleton,38255,710,0.5569206639654947,0.5452052278076249,0.5671081606776878,0.005590327855169006,0,r2p7
mondrian_stage,stage,4,singleton,39403,278,0.9355125244270741,0.9241717633071244,0.9451899135829751,0.005467091081642107,0,r2p7
mondrian_stage,stage,0,doubleton,39021,366,0.6775069834191846,0.6725612205141975,0.6821534457657717,0.0024697882279265844,0,r2p7
mondrian_stage,stage,1,doubleton,38682,601,0.6885631559898661,0.6840902159757916,0.6934765429379316,0.0023986769559942948,0,r2p7
mondrian_stage,stage,2,doubleton,37787,902,0.6963770608939582,0.6918207095647748,0.7045103575762095,0.0032106599282499945,0,r2p7
mondrian_stage,stage,3,doubleton,38255,710,0.4430793360345053,0.43289183932231223,0.4547947721923751,0.005590327855169008,0,r2p7
mondrian_stage,stage,4,doubleton,39403,278,0.0,0.0,0.0,0.0,0,r2p7
mondrian_stage,stage,0,empty,39021,366,0.0,0.0,0.0,0.0,0,r2p7
mondrian_stage,stage,1,empty,38682,601,0.0,0.0,0.0,0.0,0,r2p7
mondrian_stage,stage,2,empty,37787,902,0.0,0.0,0.0,0.0,0,r2p7
mondrian_stage,stage,3,empty,38255,710,0.0,0.0,0.0,0.0,0,r2p7
mondrian_stage,stage,4,empty,39403,278,0.06448747557292592,0.05481008641702493,0.07582823669287563,0.005467091081642106,0,r2p7
mondrian_stage,stage,0,alert_rate,39021,366,0.771148868557956,0.766950833972215,0.7748439143978701,0.002011571109821564,0,r2p7
mondrian_stage,stage,1,alert_rate,38682,601,0.7765110387260225,0.7725766338402331,0.7805237505654874,0.002060642021044935,0,r2p7
mondrian_stage,stage,2,alert_rate,37787,902,0.7941090851350994,0.7898586688623361,0.799213599159917,0.002420099089281788,0,r2p7
mondrian_stage,stage,3,alert_rate,38255,710,0.5453927591164554,0.5343166511780136,0.5567331652671815,0.0057762014262661915,0,r2p7
mondrian_stage,stage,4,alert_rate,39403,278,0.03365225998020455,0.028596024940655895,0.03761096439039051,0.002304786784106248,0,r2p7
mondrian_stage,vendor,A,coverage,52647,304,0.9372613824149524,0.9306987699263957,0.9434511113814984,0.003264953102404919,0,r2p7
mondrian_stage,vendor,B,coverage,38621,426,0.9064757515341395,0.9034085075533875,0.9101227580915386,0.001772439562435319,0,r2p7
mondrian_stage,vendor,C,coverage,101880,2127,0.8895367098547311,0.8872231314521851,0.8923586198079876,0.0013145909142612067,0,r2p7
mondrian_stage,vendor,A,cov_healthy,52647,304,0.9420743939017634,0.9355128826660437,0.9481896908213223,0.0032784087148422145,0,r2p7
mondrian_stage,vendor,B,cov_healthy,38621,426,0.9072653488676529,0.9042019974067115,0.9109367645606018,0.0017709714172084322,0,r2p7
mondrian_stage,vendor,C,cov_healthy,101880,2127,0.8889958196745963,0.8866166550515163,0.891894713628767,0.0013434046362006996,0,r2p7
mondrian_stage,vendor,A,cov_failure,52647,304,0.10855263157894737,0.07475889838934181,0.14145663875598086,0.017018162219927045,0,r2p7
mondrian_stage,vendor,B,cov_failure,38621,426,0.8356807511737089,0.8009145148669796,0.8710478507704785,0.018198359440453907,0,r2p7
mondrian_stage,vendor,C,cov_failure,101880,2127,0.9149036201222379,0.9030010825858336,0.9268175882888494,0.006174924114978404,0,r2p7
mondrian_stage,vendor,A,set_size,52647,304,0.9796949493798317,0.9719730696925096,0.9866507566964065,0.0038045197822293006,0,r2p7
mondrian_stage,vendor,B,set_size,38621,426,1.607700473835478,1.6016503833431341,1.6139845548565575,0.0032293710548241357,0,r2p7
mondrian_stage,vendor,C,set_size,101880,2127,1.7007656065959953,1.6977719665891728,1.70462084018461,0.0017405445259119695,0,r2p7
mondrian_stage,vendor,A,singleton,52647,304,0.945998822345053,0.9376931507911273,0.9533530612662853,0.00398884155066691,0,r2p7
mondrian_stage,vendor,B,singleton,38621,426,0.36200512674451724,0.35609332886301953,0.36602800556918086,0.0024912537513147527,0,r2p7
mondrian_stage,vendor,C,singleton,101880,2127,0.2992343934040047,0.29537915981539,0.3022280334108273,0.0017405445259119667,0,r2p7
mondrian_stage,vendor,A,doubleton,52647,304,0.016848063517389406,0.015140727487510816,0.018720809142453172,0.0009029225931832319,0,r2p7
mondrian_stage,vendor,B,doubleton,38621,426,0.6228476735454804,0.6184318299131736,0.6286782915111435,0.0026291779464059518,0,r2p7
mondrian_stage,vendor,C,doubleton,101880,2127,0.7007656065959953,0.6977719665891726,0.70462084018461,0.0017405445259119667,0,r2p7
mondrian_stage,vendor,A,empty,52647,304,0.037153114137557695,0.03023911158605252,0.04522650634784924,0.0037917469108011024,0,r2p7
mondrian_stage,vendor,B,empty,38621,426,0.01514719971000233,0.013147712880289457,0.01769074136271461,0.0011853331420830489,0,r2p7
mondrian_stage,vendor,C,empty,101880,2127,0.0,0.0,0.0,0.0,0,r2p7
mondrian_stage,vendor,A,alert_rate,52647,304,0.03867266890800995,0.034667213614059215,0.04223429662959773,0.001999430873115721,0,r2p7
mondrian_stage,vendor,B,alert_rate,38621,426,0.7026747106496466,0.697900486093136,0.7069006292961787,0.0023155276722817294,0,r2p7
mondrian_stage,vendor,C,alert_rate,101880,2127,0.8161660777385159,0.8140330965754429,0.8185785075746161,0.0011890019374911054,0,r2p7
mondrian_stage,vendor_stage,A0,coverage,36,0,1.0,1.0,1.0,0.0,6,r2p7
mondrian_stage,vendor_stage,A1,coverage,46,0,0.9782608695652174,0.9272616407982261,1.0,0.02170358809449096,0,r2p7
mondrian_stage,vendor_stage,A2,coverage,582,2,0.9604810996563574,0.9412563898464621,0.9771568871017707,0.00909301654673201,0,r2p7
mondrian_stage,vendor_stage,A3,coverage,13742,31,0.9834812982098675,0.9803088444392959,0.9863297389690397,0.0015521700886120442,0,r2p7
mondrian_stage,vendor_stage,A4,coverage,38241,271,0.920190371590701,0.911721003928217,0.9285068699944338,0.004413375470985677,0,r2p7
mondrian_stage,vendor_stage,B0,coverage,4576,26,0.9495192307692307,0.9431715798051622,0.9564487350522235,0.0034022837163445526,0,r2p7
mondrian_stage,vendor_stage,B1,coverage,6323,128,0.9414834730349517,0.9358856189517366,0.9467555977625555,0.0027795403077267057,0,r2p7
mondrian_stage,vendor_stage,B2,coverage,11287,117,0.9502082041286436,0.9462650468688131,0.95637697736404,0.0025014750346524363,0,r2p7
mondrian_stage,vendor_stage,B3,coverage,15273,148,0.9037517187193086,0.8984956797122161,0.9102854417588905,0.0031039801373837243,0,r2p7
mondrian_stage,vendor_stage,B4,coverage,1162,7,0.15748709122203097,0.13719959744094254,0.18124589015664816,0.01174604490822337,0,r2p7
mondrian_stage,vendor_stage,C0,coverage,34409,340,0.9032229939841321,0.8994862153217988,0.907056760306405,0.0019593557422807276,0,r2p7
mondrian_stage,vendor_stage,C1,coverage,32313,473,0.9111503110203324,0.907353548734769,0.9148880491847191,0.001957112548025138,0,r2p7
mondrian_stage,vendor_stage,C2,coverage,25918,783,0.8863338220541709,0.8824909524348493,0.8926497989285828,0.002630963151240403,0,r2p7
mondrian_stage,vendor_stage,C3,coverage,9240,531,0.771969696969697,0.7637072888926545,0.7821882844079378,0.004851101076018023,0,r2p7
mondrian_stage,vendor_stage,C4,coverage,0,0,NaN,NaN,NaN,NaN,1000,r2p7
mondrian_stage,vendor_stage,A0,cov_healthy,36,0,1.0,1.0,1.0,0.0,6,r2p7
mondrian_stage,vendor_stage,A1,cov_healthy,46,0,0.9782608695652174,0.9272616407982261,1.0,0.02170358809449096,0,r2p7
mondrian_stage,vendor_stage,A2,cov_healthy,582,2,0.9637931034482758,0.9447341057635175,0.9794571462259095,0.008969092436153884,0,r2p7
mondrian_stage,vendor_stage,A3,cov_healthy,13742,31,0.9857049084676537,0.9826613797718465,0.9884891996467756,0.001505344445158121,0,r2p7
mondrian_stage,vendor_stage,A4,cov_healthy,38241,271,0.9258888596260205,0.9172045579690163,0.9342426475563866,0.004431931412296594,0,r2p7
mondrian_stage,vendor_stage,B0,cov_healthy,4576,26,0.9507692307692308,0.9441764187057193,0.9575473444848639,0.003368961924285889,0,r2p7
mondrian_stage,vendor_stage,B1,cov_healthy,6323,128,0.9422114608555286,0.9364156147498978,0.9474964723214103,0.0028240373708351627,0,r2p7
mondrian_stage,vendor_stage,B2,cov_healthy,11287,117,0.9511190689346464,0.9472382800109947,0.9572480860626577,0.002476522902965692,0,r2p7
mondrian_stage,vendor_stage,B3,cov_healthy,15273,148,0.9047933884297521,0.8994820452402942,0.9113341579227159,0.0031197255732654575,0,r2p7
mondrian_stage,vendor_stage,B4,cov_healthy,1162,7,0.15670995670995672,0.13611834642233858,0.18067927170868348,0.011741348302394889,0,r2p7
mondrian_stage,vendor_stage,C0,cov_healthy,34409,340,0.9032258064516129,0.8993956877287431,0.9070717594203598,0.0019719032863635302,0,r2p7
mondrian_stage,vendor_stage,C1,cov_healthy,32313,473,0.9117462311557789,0.9078872944667867,0.9155126396331796,0.001980769134283222,0,r2p7
mondrian_stage,vendor_stage,C2,cov_healthy,25918,783,0.8848219614083946,0.8807082831586837,0.8911792114103676,0.0026865603664887896,0,r2p7
mondrian_stage,vendor_stage,C3,cov_healthy,9240,531,0.7622000229647491,0.753950103994732,0.772965588993672,0.0050414895756793875,0,r2p7
mondrian_stage,vendor_stage,C4,cov_healthy,0,0,NaN,NaN,NaN,NaN,1000,r2p7
mondrian_stage,vendor_stage,A0,cov_failure,36,0,NaN,NaN,NaN,NaN,1000,r2p7
mondrian_stage,vendor_stage,A1,cov_failure,46,0,NaN,NaN,NaN,NaN,1000,r2p7
mondrian_stage,vendor_stage,A2,cov_failure,582,2,0.0,0.0,0.0,0.0,146,r2p7
mondrian_stage,vendor_stage,A3,cov_failure,13742,31,0.0,0.0,0.0,0.0,0,r2p7
mondrian_stage,vendor_stage,A4,cov_failure,38241,271,0.12177121771217712,0.08551994084047328,0.15942310945694466,0.019042208123850022,0,r2p7
mondrian_stage,vendor_stage,B0,cov_failure,4576,26,0.7307692307692307,0.5554597701149425,0.8966379310344827,0.08841966595924775,0,r2p7
mondrian_stage,vendor_stage,B1,cov_failure,6323,128,0.90625,0.8551640711902114,0.9512321278385197,0.024738301316608712,0,r2p7
mondrian_stage,vendor_stage,B2,cov_failure,11287,117,0.8632478632478633,0.7999612403100775,0.9252509518864659,0.032244374082113725,0,r2p7
mondrian_stage,vendor_stage,B3,cov_failure,15273,148,0.7972972972972973,0.7302605472013367,0.8618421052631579,0.0335066335369441,0,r2p7
mondrian_stage,vendor_stage,B4,cov_failure,1162,7,0.2857142857142857,0.0,0.6666666666666666,0.1862799071639529,2,r2p7
mondrian_stage,vendor_stage,C0,cov_failure,34409,340,0.9029411764705882,0.8694213280341554,0.9343397144711226,0.01614179769632593,0,r2p7
mondrian_stage,vendor_stage,C1,cov_failure,32313,473,0.8710359408033826,0.8410592695244313,0.8991863701499118,0.015363331851899044,0,r2p7
mondrian_stage,vendor_stage,C2,cov_failure,25918,783,0.9348659003831418,0.9177324888029046,0.9516139292456702,0.008887149727953696,0,r2p7
mondrian_stage,vendor_stage,C3,cov_failure,9240,531,0.9322033898305084,0.9099573653672205,0.9535337538192026,0.011296519099043303,0,r2p7
mondrian_stage,vendor_stage,C4,cov_failure,0,0,NaN,NaN,NaN,NaN,1000,r2p7
mondrian_stage,vendor_stage,A0,set_size,36,0,1.0277777777777777,1.0,1.0909090909090908,0.026158510374100826,6,r2p7
mondrian_stage,vendor_stage,A1,set_size,46,0,1.108695652173913,1.0,1.2308333333333334,0.05848048755616179,0,r2p7
mondrian_stage,vendor_stage,A2,set_size,582,2,1.0910652920962198,1.066998874071989,1.1186482631313979,0.012777230095329252,0,r2p7
mondrian_stage,vendor_stage,A3,set_size,13742,31,1.0602532382477077,1.054378632561962,1.0666399279401433,0.0030626247988451974,0,r2p7
mondrian_stage,vendor_stage,A4,set_size,38241,271,0.9488507099709735,0.9381095036842872,0.9584352010126013,0.005222916487477473,0,r2p7
mondrian_stage,vendor_stage,B0,set_size,4576,26,1.5579108391608392,1.544262344564291,1.570790722490128,0.0068115655002231245,0,r2p7
mondrian_stage,vendor_stage,B1,set_size,6323,128,1.6315040328957773,1.6208250896128296,1.6413631817372272,0.005378282185642736,0,r2p7
mondrian_stage,vendor_stage,B2,set_size,11287,117,1.6642154691237707,1.6572868817666677,1.6728359669104114,0.004067154061049508,0,r2p7
mondrian_stage,vendor_stage,B3,set_size,15273,148,1.6555359130491718,1.648862797110832,1.665512347797974,0.004145147287053464,0,r2p7
mondrian_stage,vendor_stage,B4,set_size,1162,7,0.4965576592082616,0.4540252402663994,0.5270407997925983,0.018833021531538874,0,r2p7
mondrian_stage,vendor_stage,C0,set_size,34409,340,1.6940916620651574,1.688923604345957,1.698708318123048,0.0024994239264628003,0,r2p7
mondrian_stage,vendor_stage,C1,set_size,32313,473,1.70055395661189,1.6954853130403114,1.706055521934217,0.0027132976619334897,0,r2p7
mondrian_stage,vendor_stage,C2,set_size,25918,783,1.723975615402423,1.7189792633103298,1.7330020084524596,0.00370230636169855,0,r2p7
mondrian_stage,vendor_stage,C3,set_size,9240,531,1.6612554112554112,1.6507230968887787,1.6762432041481163,0.006571692291591225,0,r2p7
mondrian_stage,vendor_stage,C4,set_size,0,0,NaN,NaN,NaN,NaN,1000,r2p7
mondrian_stage,vendor_stage,A0,singleton,36,0,0.9722222222222222,0.9090909090909091,1.0,0.026158510374100993,6,r2p7
mondrian_stage,vendor_stage,A1,singleton,46,0,0.8913043478260869,0.7691666666666667,1.0,0.05848048755616182,0,r2p7
mondrian_stage,vendor_stage,A2,singleton,582,2,0.9089347079037801,0.8813517368686021,0.933001125928011,0.012777230095329245,0,r2p7
mondrian_stage,vendor_stage,A3,singleton,13742,31,0.9397467617522922,0.9333600720598568,0.9456213674380379,0.0030626247988452047,0,r2p7
mondrian_stage,vendor_stage,A4,singleton,38241,271,0.9488507099709735,0.9381095036842872,0.9584352010126013,0.005222916487477473,0,r2p7
mondrian_stage,vendor_stage,B0,singleton,4576,26,0.44208916083916083,0.429209277509872,0.4557376554357092,0.006811565500223122,0,r2p7
mondrian_stage,vendor_stage,B1,singleton,6323,128,0.36849596710422267,0.3586368182627729,0.37917491038717027,0.005378282185642737,0,r2p7
mondrian_stage,vendor_stage,B2,singleton,11287,117,0.3357845308762293,0.3271640330895886,0.3427131182333322,0.004067154061049506,0,r2p7
mondrian_stage,vendor_stage,B3,singleton,15273,148,0.34446408695082825,0.33448765220202614,0.35113720288916794,0.004145147287053463,0,r2p7
mondrian_stage,vendor_stage,B4,singleton,1162,7,0.4965576592082616,0.4540252402663994,0.5270407997925983,0.018833021531538874,0,r2p7
mondrian_stage,vendor_stage,C0,singleton,34409,340,0.3059083379348426,0.301291681876952,0.31107639565404305,0.002499423926462799,0,r2p7
mondrian_stage,vendor_stage,C1,singleton,32313,473,0.29944604338811004,0.29394447806578305,0.3045146869596887,0.002713297661933487,0,r2p7
mondrian_stage,vendor_stage,C2,singleton,25918,783,0.276024384597577,0.2669979915475405,0.28102073668967037,0.0037023063616985472,0,r2p7
mondrian_stage,vendor_stage,C3,singleton,9240,531,0.33874458874458874,0.3237567958518836,0.34927690311122134,0.006571692291591221,0,r2p7
mondrian_stage,vendor_stage,C4,singleton,0,0,NaN,NaN,NaN,NaN,1000,r2p7
mondrian_stage,vendor_stage,A0,doubleton,36,0,0.027777777777777776,0.0,0.09090909090909091,0.026158510374100934,6,r2p7
mondrian_stage,vendor_stage,A1,doubleton,46,0,0.10869565217391304,0.0,0.23083333333333328,0.05848048755616175,0,r2p7
mondrian_stage,vendor_stage,A2,doubleton,582,2,0.09106529209621993,0.06699887407198903,0.11864826313139788,0.012777230095329242,0,r2p7
mondrian_stage,vendor_stage,A3,doubleton,13742,31,0.06025323824770776,0.05437863256196198,0.06663992794014317,0.0030626247988451987,0,r2p7
mondrian_stage,vendor_stage,A4,doubleton,38241,271,0.0,0.0,0.0,0.0,0,r2p7
mondrian_stage,vendor_stage,B0,doubleton,4576,26,0.5579108391608392,0.5442623445642908,0.5707907224901281,0.006811565500223124,0,r2p7
mondrian_stage,vendor_stage,B1,doubleton,6323,128,0.6315040328957773,0.6208250896128297,0.6413631817372271,0.00537828218564274,0,r2p7
mondrian_stage,vendor_stage,B2,doubleton,11287,117,0.6642154691237707,0.6572868817666677,0.6728359669104115,0.004067154061049509,0,r2p7
mondrian_stage,vendor_stage,B3,doubleton,15273,148,0.6555359130491717,0.6488627971108321,0.6655123477979739,0.004145147287053463,0,r2p7
mondrian_stage,vendor_stage,B4,doubleton,1162,7,0.0,0.0,0.0,0.0,0,r2p7
mondrian_stage,vendor_stage,C0,doubleton,34409,340,0.6940916620651574,0.688923604345957,0.698708318123048,0.002499423926462797,0,r2p7
mondrian_stage,vendor_stage,C1,doubleton,32313,473,0.7005539566118899,0.6954853130403114,0.706055521934217,0.0027132976619334876,0,r2p7
mondrian_stage,vendor_stage,C2,doubleton,25918,783,0.7239756154024231,0.7189792633103296,0.7330020084524594,0.0037023063616985494,0,r2p7
mondrian_stage,vendor_stage,C3,doubleton,9240,531,0.6612554112554112,0.6507230968887786,0.6762432041481165,0.00657169229159122,0,r2p7
mondrian_stage,vendor_stage,C4,doubleton,0,0,NaN,NaN,NaN,NaN,1000,r2p7
mondrian_stage,vendor_stage,A0,empty,36,0,0.0,0.0,0.0,0.0,6,r2p7
mondrian_stage,vendor_stage,A1,empty,46,0,0.0,0.0,0.0,0.0,0,r2p7
mondrian_stage,vendor_stage,A2,empty,582,2,0.0,0.0,0.0,0.0,0,r2p7
mondrian_stage,vendor_stage,A3,empty,13742,31,0.0,0.0,0.0,0.0,0,r2p7
mondrian_stage,vendor_stage,A4,empty,38241,271,0.05114929002902644,0.04156479898739871,0.061890496315712716,0.005222916487477477,0,r2p7
mondrian_stage,vendor_stage,B0,empty,4576,26,0.0,0.0,0.0,0.0,0,r2p7
mondrian_stage,vendor_stage,B1,empty,6323,128,0.0,0.0,0.0,0.0,0,r2p7
mondrian_stage,vendor_stage,B2,empty,11287,117,0.0,0.0,0.0,0.0,0,r2p7
mondrian_stage,vendor_stage,B3,empty,15273,148,0.0,0.0,0.0,0.0,0,r2p7
mondrian_stage,vendor_stage,B4,empty,1162,7,0.5034423407917383,0.4729592002074016,0.5459747597336005,0.01883302153153887,0,r2p7
mondrian_stage,vendor_stage,C0,empty,34409,340,0.0,0.0,0.0,0.0,0,r2p7
mondrian_stage,vendor_stage,C1,empty,32313,473,0.0,0.0,0.0,0.0,0,r2p7
mondrian_stage,vendor_stage,C2,empty,25918,783,0.0,0.0,0.0,0.0,0,r2p7
mondrian_stage,vendor_stage,C3,empty,9240,531,0.0,0.0,0.0,0.0,0,r2p7
mondrian_stage,vendor_stage,C4,empty,0,0,NaN,NaN,NaN,NaN,1000,r2p7
mondrian_stage,vendor_stage,A0,alert_rate,36,0,0.027777777777777776,0.0,0.09090909090909091,0.026158510374100934,6,r2p7
mondrian_stage,vendor_stage,A1,alert_rate,46,0,0.13043478260869565,0.0,0.28578296703296696,0.07353866239486302,0,r2p7
mondrian_stage,vendor_stage,A2,alert_rate,582,2,0.12714776632302405,0.0954084753167322,0.16108575207901896,0.016677767373651706,0,r2p7
mondrian_stage,vendor_stage,A3,alert_rate,13742,31,0.07451608208412167,0.06722499078104348,0.0821357353932105,0.0037259382796473064,0,r2p7
mondrian_stage,vendor_stage,A4,alert_rate,38241,271,0.024345597656965038,0.01960023577671171,0.0282246592786474,0.0021354584804904597,0,r2p7
mondrian_stage,vendor_stage,B0,alert_rate,4576,26,0.607736013986014,0.5925019260800395,0.6204297178603487,0.007237965278716874,0,r2p7
mondrian_stage,vendor_stage,B1,alert_rate,6323,128,0.6949232959038432,0.6846550692883894,0.7049912397087842,0.004999772074395238,0,r2p7
mondrian_stage,vendor_stage,B2,alert_rate,11287,117,0.7155134225214849,0.7093937669295567,0.7226102383659926,0.0033619432158931476,0,r2p7
mondrian_stage,vendor_stage,B3,alert_rate,15273,148,0.752438944542657,0.7468824656965626,0.7587074811236711,0.0030086249621923368,0,r2p7
mondrian_stage,vendor_stage,B4,alert_rate,1162,7,0.3399311531841652,0.29639777491341823,0.3681794528694618,0.018457908262167488,0,r2p7
mondrian_stage,vendor_stage,C0,alert_rate,34409,340,0.7936586358220233,0.7896340214325803,0.7968508242857831,0.0018592191164000524,0,r2p7
mondrian_stage,vendor_stage,C1,alert_rate,32313,473,0.7933958468727756,0.7891835442202191,0.7978552254595961,0.0022342686382500814,0,r2p7
mondrian_stage,vendor_stage,C2,alert_rate,25918,783,0.8433135272783394,0.8388680319802246,0.8487198004710907,0.0025806971753578115,0,r2p7
mondrian_stage,vendor_stage,C3,alert_rate,9240,531,0.9034632034632034,0.896893636059853,0.9109775447522804,0.0036131414107284225,0,r2p7
mondrian_stage,vendor_stage,C4,alert_rate,0,0,NaN,NaN,NaN,NaN,1000,r2p7
mondrian_both,all,all,coverage,193148,2857,0.9060461407832335,0.9039579625582836,0.9088247314286749,0.0012584247519083775,0,r2p7
mondrian_both,all,all,cov_healthy,193148,2857,0.9060754318386051,0.9038931495269118,0.908902575388421,0.0012808517169937827,0,r2p7
mondrian_both,all,all,cov_failure,193148,2857,0.904095204760238,0.887675803475471,0.9205605511741075,0.008366984576673023,0,r2p7
mondrian_both,all,all,set_size,193148,2857,1.6515004038354009,1.6326317071603553,1.6749922720606378,0.010723369034061327,0,r2p7
mondrian_both,all,all,singleton,193148,2857,0.3484995961645992,0.3250077279393623,0.36736829283964473,0.010723369034061327,0,r2p7
mondrian_both,all,all,doubleton,193148,2857,0.6515004038354009,0.6326317071603552,0.6749922720606377,0.010723369034061325,0,r2p7
mondrian_both,all,all,empty,193148,2857,0.0,0.0,0.0,0.0,0,r2p7
mondrian_both,all,all,alert_rate,193148,2857,0.7486228177356224,0.7294394462360386,0.7720375968346378,0.010801366502153902,0,r2p7
mondrian_both,stage,0,coverage,39021,366,0.9089977191768535,0.9055603179462661,0.9124519347439781,0.0017673262317120858,0,r2p7
mondrian_both,stage,1,coverage,38682,601,0.9165244816710615,0.9134204644520453,0.9199251409955395,0.0016924769053775796,0,r2p7
mondrian_both,stage,2,coverage,37787,902,0.9064228438351815,0.9034520663261865,0.9118942824102902,0.0021820245653091886,0,r2p7
mondrian_both,stage,3,coverage,38255,710,0.9003267546725918,0.8970689600447668,0.905525112885754,0.0021959062844734037,0,r2p7
mondrian_both,stage,4,coverage,39403,278,0.8980280689287617,0.8885406279193773,0.906578921269737,0.004559090199116682,0,r2p7
mondrian_both,stage,0,cov_healthy,39021,366,0.9089121717759668,0.9053575784504118,0.912366503667454,0.0017861332626008186,0,r2p7
mondrian_both,stage,1,cov_healthy,38682,601,0.9167826475145086,0.9135577195134171,0.9200916587570636,0.0017009086160237575,0,r2p7
mondrian_both,stage,2,cov_healthy,37787,902,0.9061407076047173,0.9030689074953347,0.9115818115450715,0.002205044140214573,0,r2p7
mondrian_both,stage,3,cov_healthy,38255,710,0.9003862032227993,0.8972194462720806,0.9058271541285191,0.0022115404951984666,0,r2p7
mondrian_both,stage,4,cov_healthy,39403,278,0.8982492012779553,0.8884646656534612,0.9067977757626104,0.004603319571322122,0,r2p7
mondrian_both,stage,0,cov_failure,39021,366,0.9180327868852459,0.8823326851401717,0.9517045454545454,0.017316790224672127,0,r2p7
mondrian_both,stage,1,cov_failure,38682,601,0.9001663893510815,0.8585685805422647,0.9385449601703393,0.02014279964001469,0,r2p7
mondrian_both,stage,2,cov_failure,37787,902,0.917960088691796,0.8935098507097405,0.9413729542340874,0.012295834383184639,0,r2p7
mondrian_both,stage,3,cov_failure,38255,710,0.8971830985915493,0.859663567390498,0.9313454157782516,0.018102362316658994,0,r2p7
mondrian_both,stage,4,cov_failure,39403,278,0.8669064748201439,0.8098852621432014,0.9163949275362319,0.02705946566934847,0,r2p7
mondrian_both,stage,0,set_size,39021,366,1.7194074985264345,1.690918737651238,1.736206227715603,0.01310667109265926,0,r2p7
mondrian_both,stage,1,set_size,38682,601,1.7045654309497957,1.6713740179905865,1.760728916745749,0.025527353543836763,0,r2p7
mondrian_both,stage,2,set_size,37787,902,1.6886759996824305,1.6490336610316125,1.713166371118538,0.014440211248249624,0,r2p7
mondrian_both,stage,3,set_size,38255,710,1.485818847209515,1.447295678831768,1.544676022239065,0.02785395692316067,0,r2p7
mondrian_both,stage,4,set_size,39403,278,1.6573611146359415,1.5905175313883801,1.7256691046386663,0.030128622213392405,0,r2p7
mondrian_both,stage,0,singleton,39021,366,0.2805925014735655,0.26379377228439693,0.3090812623487618,0.013106671092659259,0,r2p7
mondrian_both,stage,1,singleton,38682,601,0.2954345690502042,0.2392710832542509,0.3286259820094135,0.02552735354383676,0,r2p7
mondrian_both,stage,2,singleton,37787,902,0.3113240003175695,0.28683362888146186,0.35096633896838736,0.014440211248249617,0,r2p7
mondrian_both,stage,3,singleton,38255,710,0.5141811527904849,0.455323977760935,0.552704321168232,0.02785395692316066,0,r2p7
mondrian_both,stage,4,singleton,39403,278,0.34263888536405857,0.27433089536133376,0.40948246861161974,0.03012862221339237,0,r2p7
mondrian_both,stage,0,doubleton,39021,366,0.7194074985264345,0.6909187376512382,0.7362062277156031,0.01310667109265925,0,r2p7
mondrian_both,stage,1,doubleton,38682,601,0.7045654309497957,0.6713740179905865,0.7607289167457492,0.02552735354383676,0,r2p7
mondrian_both,stage,2,doubleton,37787,902,0.6886759996824304,0.6490336610316125,0.7131663711185382,0.014440211248249624,0,r2p7
mondrian_both,stage,3,doubleton,38255,710,0.48581884720951507,0.44729567883176796,0.5446760222390651,0.027853956923160658,0,r2p7
mondrian_both,stage,4,doubleton,39403,278,0.6573611146359414,0.5905175313883803,0.7256691046386663,0.03012862221339239,0,r2p7
mondrian_both,stage,0,empty,39021,366,0.0,0.0,0.0,0.0,0,r2p7
mondrian_both,stage,1,empty,38682,601,0.0,0.0,0.0,0.0,0,r2p7
mondrian_both,stage,2,empty,37787,902,0.0,0.0,0.0,0.0,0,r2p7
mondrian_both,stage,3,empty,38255,710,0.0,0.0,0.0,0.0,0,r2p7
mondrian_both,stage,4,empty,39403,278,0.0,0.0,0.0,0.0,0,r2p7
mondrian_both,stage,0,alert_rate,39021,366,0.813049383665206,0.7850537393570178,0.8299124758534384,0.013125734661466437,0,r2p7
mondrian_both,stage,1,alert_rate,38682,601,0.7925133136859521,0.7597300987644762,0.847430246850867,0.02546081838881535,0,r2p7
mondrian_both,stage,2,alert_rate,37787,902,0.7864080239235716,0.7452463120301287,0.8094714055975161,0.01434250690623092,0,r2p7
mondrian_both,stage,3,alert_rate,38255,710,0.5889949026271075,0.5493370209109117,0.6476810030659181,0.02798328587435025,0,r2p7
mondrian_both,stage,4,alert_rate,39403,278,0.7604750907291323,0.6921420103147674,0.8321944699263049,0.030428683369561043,0,r2p7
mondrian_both,vendor,A,coverage,52647,304,0.9373753490227363,0.9306212192948166,0.9435505831261936,0.0033339786273432434,0,r2p7
mondrian_both,vendor,B,coverage,38621,426,0.9063980735869087,0.9035382390770729,0.9103122036878647,0.0017335835838155676,0,r2p7
mondrian_both,vendor,C,coverage,101880,2127,0.8897232037691402,0.887519548014019,0.8927122551431186,0.0013097283710432242,0,r2p7
mondrian_both,vendor,A,cov_healthy,52647,304,0.9383107578854861,0.9315530802906101,0.9445667581403409,0.0033685573965303813,0,r2p7
mondrian_both,vendor,B,cov_healthy,38621,426,0.9068726273072392,0.9038995048683098,0.9107317370259195,0.00174230111098343,0,r2p7
mondrian_both,vendor,C,cov_healthy,101880,2127,0.8888554730183553,0.8866184134507075,0.891877885810796,0.0013417882710236766,0,r2p7
mondrian_both,vendor,A,cov_failure,52647,304,0.7763157894736842,0.7124945175438596,0.8311799883964833,0.029179926303905836,0,r2p7
mondrian_both,vendor,B,cov_failure,38621,426,0.863849765258216,0.8325037031933583,0.902152411611256,0.018274178713004064,0,r2p7
mondrian_both,vendor,C,cov_failure,101880,2127,0.9304184297132111,0.9134806627284255,0.9469158928187026,0.008547120357468626,0,r2p7
mondrian_both,vendor,A,set_size,52647,304,1.5137424734552776,1.4635877970347935,1.562322991661769,0.02348138878781469,0,r2p7
mondrian_both,vendor,B,set_size,38621,426,1.653478677403485,1.6299793564877163,1.6924550464043238,0.018668178096500017,0,r2p7
mondrian_both,vendor,C,set_size,101880,2127,1.7219375736160187,1.7055103143849382,1.7445974543401834,0.010272783991239837,0,r2p7
mondrian_both,vendor,A,singleton,52647,304,0.4862575265447224,0.437677008338231,0.5364122029652064,0.023481388787814698,0,r2p7
mondrian_both,vendor,B,singleton,38621,426,0.34652132259651486,0.30754495359567624,0.3700206435122837,0.01866817809650002,0,r2p7
mondrian_both,vendor,C,singleton,101880,2127,0.27806242638398115,0.2554025456598166,0.2944896856150619,0.010272783991239837,0,r2p7
mondrian_both,vendor,A,doubleton,52647,304,0.5137424734552776,0.4635877970347935,0.562322991661769,0.023481388787814694,0,r2p7
mondrian_both,vendor,B,doubleton,38621,426,0.6534786774034852,0.6299793564877163,0.6924550464043238,0.018668178096500003,0,r2p7
mondrian_both,vendor,C,doubleton,101880,2127,0.7219375736160188,0.705510314384938,0.7445974543401833,0.010272783991239843,0,r2p7
mondrian_both,vendor,A,empty,52647,304,0.0,0.0,0.0,0.0,0,r2p7
mondrian_both,vendor,B,empty,38621,426,0.0,0.0,0.0,0.0,0,r2p7
mondrian_both,vendor,C,empty,101880,2127,0.0,0.0,0.0,0.0,0,r2p7
mondrian_both,vendor,A,alert_rate,52647,304,0.5765190799095865,0.5252406805444588,0.6275093864116519,0.023762354886582935,0,r2p7
mondrian_both,vendor,B,alert_rate,38621,426,0.7488413039538075,0.724772691547082,0.7869842272220651,0.018648397289196955,0,r2p7
mondrian_both,vendor,C,alert_rate,101880,2127,0.8374754613270514,0.8208137518403562,0.8596814376791827,0.010266379972972958,0,r2p7
mondrian_both,vendor_stage,A0,coverage,36,0,1.0,1.0,1.0,0.0,6,r2p7
mondrian_both,vendor_stage,A1,coverage,46,0,0.9782608695652174,0.9272616407982261,1.0,0.02170358809449096,0,r2p7
mondrian_both,vendor_stage,A2,coverage,582,2,0.9604810996563574,0.9412563898464621,0.9771568871017707,0.00909301654673201,0,r2p7
mondrian_both,vendor_stage,A3,coverage,13742,31,0.9831902197642265,0.9803019817965102,0.986319813315561,0.0015219500941552086,0,r2p7
mondrian_both,vendor_stage,A4,coverage,38241,271,0.9204518710284773,0.9113662293064421,0.9289298670073715,0.004505300109135433,0,r2p7
mondrian_both,vendor_stage,B0,coverage,4576,26,0.9497377622377622,0.943371435906907,0.9566941149743753,0.0033905778998648624,0,r2p7
mondrian_both,vendor_stage,B1,coverage,6323,128,0.9414834730349517,0.9360847965745355,0.946957345666789,0.002798876862367207,0,r2p7
mondrian_both,vendor_stage,B2,coverage,11287,117,0.9502082041286436,0.9464212899731994,0.9566263918519858,0.0025555822782696025,0,r2p7
mondrian_both,vendor_stage,B3,coverage,15273,148,0.9032933935703529,0.8986996410765292,0.9101165664212575,0.0029900896757093062,0,r2p7
mondrian_both,vendor_stage,B4,coverage,1162,7,0.16006884681583478,0.137101551110469,0.1814947403075862,0.01116193366449153,0,r2p7
mondrian_both,vendor_stage,C0,coverage,34409,340,0.9034845534598506,0.899744143130056,0.9074284086298253,0.0019511299126565528,0,r2p7
mondrian_both,vendor_stage,C1,coverage,32313,473,0.9115526258781296,0.9077381612273648,0.9153329434002783,0.0019659020359391907,0,r2p7
mondrian_both,vendor_stage,C2,coverage,25918,783,0.8861409059340999,0.8821911489565263,0.8925327978303654,0.002667380907381371,0,r2p7
mondrian_both,vendor_stage,C3,coverage,9240,531,0.7721861471861472,0.7649693432082102,0.7823489996006079,0.004632193004092653,0,r2p7
mondrian_both,vendor_stage,C4,coverage,0,0,NaN,NaN,NaN,NaN,1000,r2p7
mondrian_both,vendor_stage,A0,cov_healthy,36,0,1.0,1.0,1.0,0.0,6,r2p7
mondrian_both,vendor_stage,A1,cov_healthy,46,0,0.9782608695652174,0.9272616407982261,1.0,0.02170358809449096,0,r2p7
mondrian_both,vendor_stage,A2,cov_healthy,582,2,0.9637931034482758,0.9447341057635175,0.9794571462259095,0.008969092436153884,0,r2p7
mondrian_both,vendor_stage,A3,cov_healthy,13742,31,0.9852673036248267,0.9825837043919933,0.9884154956368592,0.0014953560752022186,0,r2p7
mondrian_both,vendor_stage,A4,cov_healthy,38241,271,0.9208585725572821,0.9116255461221928,0.9293962137944871,0.004551745249340692,0,r2p7
mondrian_both,vendor_stage,B0,cov_healthy,4576,26,0.9507692307692308,0.9441764187057193,0.9575473444848639,0.003368961924285889,0,r2p7
mondrian_both,vendor_stage,B1,cov_healthy,6323,128,0.9422114608555286,0.9364156147498978,0.9474964723214103,0.0028240373708351627,0,r2p7
mondrian_both,vendor_stage,B2,cov_healthy,11287,117,0.9511190689346464,0.9473277373131994,0.9574775817325213,0.002546826216724365,0,r2p7
mondrian_both,vendor_stage,B3,cov_healthy,15273,148,0.9039338842975206,0.8993449316094396,0.9107036505360816,0.003017093213258474,0,r2p7
mondrian_both,vendor_stage,B4,cov_healthy,1162,7,0.15497835497835497,0.1336282811356125,0.17605288871488434,0.011009780152375201,0,r2p7
mondrian_both,vendor_stage,C0,cov_healthy,34409,340,0.9032258064516129,0.8993956877287431,0.9070717594203598,0.0019719032863635302,0,r2p7
mondrian_both,vendor_stage,C1,cov_healthy,32313,473,0.9117462311557789,0.9078872944667867,0.9155126396331796,0.001980769134283222,0,r2p7
mondrian_both,vendor_stage,C2,cov_healthy,25918,783,0.8848219614083946,0.8807082831586837,0.8913012331965245,0.0027204482140785425,0,r2p7
mondrian_both,vendor_stage,C3,cov_healthy,9240,531,0.760592490527041,0.753470044068565,0.7714839812856241,0.004704028867530436,0,r2p7
mondrian_both,vendor_stage,C4,cov_healthy,0,0,NaN,NaN,NaN,NaN,1000,r2p7
mondrian_both,vendor_stage,A0,cov_failure,36,0,NaN,NaN,NaN,NaN,1000,r2p7
mondrian_both,vendor_stage,A1,cov_failure,46,0,NaN,NaN,NaN,NaN,1000,r2p7
mondrian_both,vendor_stage,A2,cov_failure,582,2,0.0,0.0,0.0,0.0,146,r2p7
mondrian_both,vendor_stage,A3,cov_failure,13742,31,0.06451612903225806,0.0,0.17397698209718665,0.04950180037610372,0,r2p7
mondrian_both,vendor_stage,A4,cov_failure,38241,271,0.8634686346863468,0.8038287401574803,0.9149716953919377,0.027821448510380608,0,r2p7
mondrian_both,vendor_stage,B0,cov_failure,4576,26,0.7692307692307693,0.6,0.9259259259259259,0.08245986427993564,0,r2p7
mondrian_both,vendor_stage,B1,cov_failure,6323,128,0.90625,0.860437863372093,0.9606299212598425,0.02607285027929834,0,r2p7
mondrian_both,vendor_stage,B2,cov_failure,11287,117,0.8632478632478633,0.7948717948717948,0.9238392857142858,0.033304322342252814,0,r2p7
mondrian_both,vendor_stage,B3,cov_failure,15273,148,0.8378378378378378,0.7697592215245145,0.9075239580164284,0.035811481281976525,0,r2p7
mondrian_both,vendor_stage,B4,cov_failure,1162,7,1.0,1.0,1.0,0.0,2,r2p7
mondrian_both,vendor_stage,C0,cov_failure,34409,340,0.9294117647058824,0.8955104216526696,0.9629759675405742,0.0176003643338179,0,r2p7
mondrian_both,vendor_stage,C1,cov_failure,32313,473,0.8985200845665962,0.8496731246850479,0.9401741293532339,0.022781807793633303,0,r2p7
mondrian_both,vendor_stage,C2,cov_failure,25918,783,0.9284802043422733,0.9037485982849605,0.9519957760712621,0.012348294600739213,0,r2p7
mondrian_both,vendor_stage,C3,cov_failure,9240,531,0.9623352165725048,0.927201126157569,0.9887866101518257,0.015183493997672954,0,r2p7
mondrian_both,vendor_stage,C4,cov_failure,0,0,NaN,NaN,NaN,NaN,1000,r2p7
mondrian_both,vendor_stage,A0,set_size,36,0,1.0277777777777777,1.0,1.1,0.02959216644242912,6,r2p7
mondrian_both,vendor_stage,A1,set_size,46,0,1.1304347826086956,1.0,1.2609267734553775,0.06377175528210736,0,r2p7
mondrian_both,vendor_stage,A2,set_size,582,2,1.0807560137457044,1.0524857945772343,1.119151710761482,0.017082747941836885,0,r2p7
mondrian_both,vendor_stage,A3,set_size,13742,31,1.0922718672682288,1.0651614771933045,1.1446676376101266,0.01878994178671852,0,r2p7
mondrian_both,vendor_stage,A4,set_size,38241,271,1.672707303679297,1.6046071936932682,1.7436450836498416,0.031054116283202888,0,r2p7
mondrian_both,vendor_stage,B0,set_size,4576,26,1.5909090909090908,1.565006947199689,1.6212000036438163,0.014606551271204398,0,r2p7
mondrian_both,vendor_stage,B1,set_size,6323,128,1.6471611576783172,1.6133435488600472,1.705689811698434,0.02540068952343128,0,r2p7
mondrian_both,vendor_stage,B2,set_size,11287,117,1.6568618764950829,1.60448601692335,1.6806670191628308,0.016360367102678824,0,r2p7
mondrian_both,vendor_stage,B3,set_size,15273,148,1.7104694559025733,1.6613524875774723,1.793237252602434,0.043671296382137764,0,r2p7
mondrian_both,vendor_stage,B4,set_size,1162,7,1.1523235800344234,1.1311321060741222,1.1726500461680518,0.010643587985037554,0,r2p7
mondrian_both,vendor_stage,C0,set_size,34409,340,1.7372199133947515,1.7076922429467396,1.7530664458062049,0.01314867341255494,0,r2p7
mondrian_both,vendor_stage,C1,set_size,32313,473,1.7166156036270233,1.6829857666172447,1.7723049864764313,0.025724256038774783,0,r2p7
mondrian_both,vendor_stage,C2,set_size,25918,783,1.7161818041515549,1.6823030812732092,1.7420866746123018,0.014120946950488286,0,r2p7
mondrian_both,vendor_stage,C3,set_size,9240,531,1.6997835497835498,1.6662574222229802,1.7270630047596651,0.01633556263741683,0,r2p7
mondrian_both,vendor_stage,C4,set_size,0,0,NaN,NaN,NaN,NaN,1000,r2p7
mondrian_both,vendor_stage,A0,singleton,36,0,0.9722222222222222,0.9,1.0,0.029592166442429076,6,r2p7
mondrian_both,vendor_stage,A1,singleton,46,0,0.8695652173913043,0.7390732265446224,1.0,0.06377175528210743,0,r2p7
mondrian_both,vendor_stage,A2,singleton,582,2,0.9192439862542955,0.8808482892385182,0.9475142054227657,0.01708274794183689,0,r2p7
mondrian_both,vendor_stage,A3,singleton,13742,31,0.9077281327317712,0.8553323623898734,0.9348385228066955,0.01878994178671851,0,r2p7
mondrian_both,vendor_stage,A4,singleton,38241,271,0.3272926963207029,0.2563549163501584,0.3953928063067319,0.03105411628320288,0,r2p7
mondrian_both,vendor_stage,B0,singleton,4576,26,0.4090909090909091,0.3787999963561838,0.43499305280031103,0.014606551271204403,0,r2p7
mondrian_both,vendor_stage,B1,singleton,6323,128,0.3528388423216827,0.2943101883015659,0.3866564511399527,0.025400689523431292,0,r2p7
mondrian_both,vendor_stage,B2,singleton,11287,117,0.3431381235049172,0.31933298083716916,0.3955139830766501,0.01636036710267883,0,r2p7
mondrian_both,vendor_stage,B3,singleton,15273,148,0.28953054409742685,0.20676274739756573,0.3386475124225278,0.043671296382137764,0,r2p7
mondrian_both,vendor_stage,B4,singleton,1162,7,0.8476764199655766,0.8273499538319482,0.8688678939258778,0.010643587985037548,0,r2p7
mondrian_both,vendor_stage,C0,singleton,34409,340,0.26278008660524865,0.2469335541937951,0.29230775705326045,0.013148673412554943,0,r2p7
mondrian_both,vendor_stage,C1,singleton,32313,473,0.2833843963729768,0.2276950135235686,0.31701423338275536,0.02572425603877479,0,r2p7
mondrian_both,vendor_stage,C2,singleton,25918,783,0.2838181958484451,0.257913325387698,0.31769691872679084,0.014120946950488291,0,r2p7
mondrian_both,vendor_stage,C3,singleton,9240,531,0.3002164502164502,0.2729369952403349,0.3337425777770197,0.016335562637416826,0,r2p7
mondrian_both,vendor_stage,C4,singleton,0,0,NaN,NaN,NaN,NaN,1000,r2p7
mondrian_both,vendor_stage,A0,doubleton,36,0,0.027777777777777776,0.0,0.1,0.029592166442429294,6,r2p7
mondrian_both,vendor_stage,A1,doubleton,46,0,0.13043478260869565,0.0,0.2609267734553775,0.06377175528210743,0,r2p7
mondrian_both,vendor_stage,A2,doubleton,582,2,0.08075601374570447,0.05248579457723427,0.11915171076148179,0.017082747941836892,0,r2p7
mondrian_both,vendor_stage,A3,doubleton,13742,31,0.0922718672682288,0.06516147719330449,0.1446676376101265,0.01878994178671852,0,r2p7
mondrian_both,vendor_stage,A4,doubleton,38241,271,0.6727073036792971,0.604607193693268,0.7436450836498416,0.0310541162832029,0,r2p7
mondrian_both,vendor_stage,B0,doubleton,4576,26,0.5909090909090909,0.565006947199689,0.6212000036438161,0.014606551271204408,0,r2p7
mondrian_both,vendor_stage,B1,doubleton,6323,128,0.6471611576783173,0.6133435488600473,0.705689811698434,0.025400689523431292,0,r2p7
mondrian_both,vendor_stage,B2,doubleton,11287,117,0.6568618764950829,0.60448601692335,0.6806670191628308,0.016360367102678835,0,r2p7
mondrian_both,vendor_stage,B3,doubleton,15273,148,0.7104694559025732,0.6613524875774723,0.7932372526024343,0.0436712963821378,0,r2p7
mondrian_both,vendor_stage,B4,doubleton,1162,7,0.1523235800344234,0.13113210607412212,0.1726500461680517,0.01064358798503756,0,r2p7
mondrian_both,vendor_stage,C0,doubleton,34409,340,0.7372199133947513,0.7076922429467396,0.753066445806205,0.013148673412554938,0,r2p7
mondrian_both,vendor_stage,C1,doubleton,32313,473,0.7166156036270231,0.6829857666172446,0.7723049864764313,0.02572425603877478,0,r2p7
mondrian_both,vendor_stage,C2,doubleton,25918,783,0.7161818041515549,0.6823030812732093,0.742086674612302,0.014120946950488291,0,r2p7
mondrian_both,vendor_stage,C3,doubleton,9240,531,0.6997835497835497,0.6662574222229803,0.727063004759665,0.016335562637416836,0,r2p7
mondrian_both,vendor_stage,C4,doubleton,0,0,NaN,NaN,NaN,NaN,1000,r2p7
mondrian_both,vendor_stage,A0,empty,36,0,0.0,0.0,0.0,0.0,6,r2p7
mondrian_both,vendor_stage,A1,empty,46,0,0.0,0.0,0.0,0.0,0,r2p7
mondrian_both,vendor_stage,A2,empty,582,2,0.0,0.0,0.0,0.0,0,r2p7
mondrian_both,vendor_stage,A3,empty,13742,31,0.0,0.0,0.0,0.0,0,r2p7
mondrian_both,vendor_stage,A4,empty,38241,271,0.0,0.0,0.0,0.0,0,r2p7
mondrian_both,vendor_stage,B0,empty,4576,26,0.0,0.0,0.0,0.0,0,r2p7
mondrian_both,vendor_stage,B1,empty,6323,128,0.0,0.0,0.0,0.0,0,r2p7
mondrian_both,vendor_stage,B2,empty,11287,117,0.0,0.0,0.0,0.0,0,r2p7
mondrian_both,vendor_stage,B3,empty,15273,148,0.0,0.0,0.0,0.0,0,r2p7
mondrian_both,vendor_stage,B4,empty,1162,7,0.0,0.0,0.0,0.0,0,r2p7
mondrian_both,vendor_stage,C0,empty,34409,340,0.0,0.0,0.0,0.0,0,r2p7
mondrian_both,vendor_stage,C1,empty,32313,473,0.0,0.0,0.0,0.0,0,r2p7
mondrian_both,vendor_stage,C2,empty,25918,783,0.0,0.0,0.0,0.0,0,r2p7
mondrian_both,vendor_stage,C3,empty,9240,531,0.0,0.0,0.0,0.0,0,r2p7
mondrian_both,vendor_stage,C4,empty,0,0,NaN,NaN,NaN,NaN,1000,r2p7
mondrian_both,vendor_stage,A0,alert_rate,36,0,0.027777777777777776,0.0,0.1,0.029592166442429294,6,r2p7
mondrian_both,vendor_stage,A1,alert_rate,46,0,0.15217391304347827,0.0,0.3078947368421051,0.0775082433372372,0,r2p7
mondrian_both,vendor_stage,A2,alert_rate,582,2,0.11683848797250859,0.08019602893900633,0.16095175912358242,0.020191811159711828,0,r2p7
mondrian_both,vendor_stage,A3,alert_rate,13742,31,0.10697132877310435,0.07966341795191434,0.1596524314828382,0.019038251332176327,0,r2p7
mondrian_both,vendor_stage,A4,alert_rate,38241,271,0.7532752804581471,0.6834972602174496,0.8270066651677438,0.031338270252078776,0,r2p7
mondrian_both,vendor_stage,B0,alert_rate,4576,26,0.6407342657342657,0.6144925975930539,0.6711272222090339,0.014861207720993521,0,r2p7
mondrian_both,vendor_stage,B1,alert_rate,6323,128,0.710580420686383,0.675179677283581,0.7688825772547805,0.025130624474754094,0,r2p7
mondrian_both,vendor_stage,B2,alert_rate,11287,117,0.708159829892797,0.6537576611021356,0.7314390501645969,0.016283379912876293,0,r2p7
mondrian_both,vendor_stage,B3,alert_rate,15273,148,0.8082236626726904,0.7584688198196612,0.8894932279184025,0.04366709222714534,0,r2p7
mondrian_both,vendor_stage,B4,alert_rate,1162,7,0.9974182444061962,0.9939743321110529,1.0,0.0015075353469588863,0,r2p7
mondrian_both,vendor_stage,C0,alert_rate,34409,340,0.8367868871516173,0.8075158224305661,0.8526306167092886,0.013130288648581628,0,r2p7
mondrian_both,vendor_stage,C1,alert_rate,32313,473,0.8094574938879089,0.7756193637821532,0.864568048750152,0.025672219715792415,0,r2p7
mondrian_both,vendor_stage,C2,alert_rate,25918,783,0.8355197160274712,0.798955722692551,0.859232147421624,0.013924632425845641,0,r2p7
mondrian_both,vendor_stage,C3,alert_rate,9240,531,0.9435064935064935,0.9088096379956556,0.9693380303220168,0.01555917681835272,0,r2p7
mondrian_both,vendor_stage,C4,alert_rate,0,0,NaN,NaN,NaN,NaN,1000,r2p7
-,all,all,auc,326953,2875,0.7131803084442634,0.7040663696743327,0.7220360660837766,0.004722709070743885,0,r5
split,all,all,coverage,326953,2875,0.9287634614149435,0.896540215332142,0.9298875681240049,0.014724273283377868,0,r5
split,all,all,cov_healthy,326953,2875,0.9295169681373002,0.8969816675973944,0.930656737571829,0.014855184798274067,0,r5
split,all,all,cov_failure,326953,2875,0.8438260869565217,0.8300161886298681,0.85724422522079,0.006828971272868804,0,r5
split,all,all,set_size,326953,2875,1.4983009790398008,1.4629708030307684,1.5027258446406793,0.015354352106281496,0,r5
split,all,all,singleton,326953,2875,0.5016990209601991,0.49727415535932085,0.5370291969692317,0.015354352106281494,0,r5
split,all,all,doubleton,326953,2875,0.4983009790398008,0.4629708030307684,0.502725844640679,0.015354352106281492,0,r5
split,all,all,empty,326953,2875,0.0,0.0,0.0,0.0,0,r5
split,all,all,alert_rate,326953,2875,0.5706875300119589,0.565328658307688,0.5755062921999095,0.0026299863976632725,0,r5
split,stage,0,coverage,66445,436,0.9206110316803371,0.8699855968607448,0.923013941954255,0.023044682466402757,0,r5
split,stage,1,coverage,64391,646,0.9264959388734451,0.8965761339462499,0.9288171171690478,0.013229614501858335,0,r5
split,stage,2,coverage,63812,931,0.9077289538017927,0.8506231619439634,0.9102511378258874,0.025908686551352474,0,r5
split,stage,3,coverage,65244,592,0.9095089203604929,0.8819955804320548,0.9119673507311661,0.011850895148740279,0,r5
split,stage,4,coverage,67061,270,0.9777665110869208,0.9758085614116878,0.9794348119045617,0.0009205818499826331,0,r5
split,stage,0,cov_healthy,66445,436,0.9208289778666545,0.8699342867271911,0.9232734974772281,0.023194258348707728,0,r5
split,stage,1,cov_healthy,64391,646,0.9266766020864382,0.8964032513925861,0.9289771285068459,0.013357721327354643,0,r5
split,stage,2,cov_healthy,63812,931,0.9074283169796918,0.849589407173696,0.9099723250408749,0.02628729360077489,0,r5
split,stage,3,cov_healthy,65244,592,0.9101033224030193,0.8823429393706055,0.9125679242755987,0.011968240907476713,0,r5
split,stage,4,cov_healthy,67061,270,0.9804015511071851,0.9784164791386685,0.9820728382017488,0.0008993377420058445,0,r5
split,stage,0,cov_failure,66445,436,0.8876146788990825,0.8574483082706766,0.9162729385298786,0.015047745179585122,0,r5
split,stage,1,cov_failure,64391,646,0.9086687306501547,0.8837849935460589,0.9297784744711638,0.011896360732657799,0,r5
split,stage,2,cov_failure,63812,931,0.9280343716433942,0.9122391311338349,0.9436008676789588,0.008134018769508556,0,r5
split,stage,3,cov_failure,65244,592,0.8445945945945946,0.8140309258547829,0.8729110607562668,0.014962633290280778,0,r5
split,stage,4,cov_failure,67061,270,0.32592592592592595,0.27234320557491287,0.3802888179278098,0.027497612513112047,0,r5
split,stage,0,set_size,66445,436,1.6708706448942734,1.6177462680781638,1.674216184012137,0.02359315600014388,0,r5
split,stage,1,set_size,64391,646,1.683620381730366,1.6509085733946784,1.687240981786834,0.014128512820874807,0,r5
split,stage,2,set_size,63812,931,1.6990221274995299,1.639763746264302,1.7024807966694941,0.026665914676555578,0,r5
split,stage,3,set_size,65244,592,1.3871467108086568,1.3565233088150257,1.3942040520362613,0.012699250347928084,0,r5
split,stage,4,set_size,67061,270,1.0665215251785687,1.0628452347117998,1.0696182701529582,0.0017265159527728286,0,r5
split,stage,0,singleton,66445,436,0.32912935510572655,0.32578381598786305,0.38225373192183626,0.02359315600014389,0,r5
split,stage,1,singleton,64391,646,0.31637961826963396,0.3127590182131661,0.34909142660532155,0.0141285128208748,0,r5
split,stage,2,singleton,63812,931,0.30097787250047014,0.2975192033305058,0.36023625373569806,0.026665914676555616,0,r5
split,stage,3,singleton,65244,592,0.6128532891913433,0.6057959479637388,0.6434766911849741,0.012699250347928091,0,r5
split,stage,4,singleton,67061,270,0.9334784748214312,0.9303817298470416,0.9371547652882,0.001726515952772829,0,r5
split,stage,0,doubleton,66445,436,0.6708706448942735,0.6177462680781638,0.674216184012137,0.023593156000143875,0,r5
split,stage,1,doubleton,64391,646,0.6836203817303661,0.6509085733946786,0.6872409817868339,0.0141285128208748,0,r5
split,stage,2,doubleton,63812,931,0.6990221274995299,0.6397637462643019,0.7024807966694943,0.02666591467655559,0,r5
split,stage,3,doubleton,65244,592,0.38714671080865676,0.35652330881502586,0.3942040520362612,0.01269925034792809,0,r5
split,stage,4,doubleton,67061,270,0.06652152517856877,0.06284523471180001,0.06961827015295834,0.0017265159527728305,0,r5
split,stage,0,empty,66445,436,0.0,0.0,0.0,0.0,0,r5
split,stage,1,empty,64391,646,0.0,0.0,0.0,0.0,0,r5
split,stage,2,empty,63812,931,0.0,0.0,0.0,0.0,0,r5
split,stage,3,empty,65244,592,0.0,0.0,0.0,0.0,0,r5
split,stage,4,empty,67061,270,0.0,0.0,0.0,0.0,0,r5
split,stage,0,alert_rate,66445,436,0.7518850176837987,0.7482506174428731,0.7551131152154782,0.0017274899474931118,0,r5
split,stage,1,alert_rate,64391,646,0.7598732742153407,0.7557480147989907,0.7631978262937692,0.0019093232554546894,0,r5
split,stage,2,alert_rate,63812,931,0.7934401053093462,0.7895933818754702,0.7966800928322301,0.0018407234908185582,0,r5
split,stage,3,alert_rate,65244,592,0.4791091901170989,0.46912472616093964,0.4876631940951034,0.004562442322455639,0,r5
split,stage,4,alert_rate,67061,270,0.08663753895706894,0.08223164160916278,0.09079582908403325,0.0022255718536190665,0,r5
split,vendor,A,coverage,95809,310,0.9826529866713983,0.9812183764262439,0.9840693572508405,0.0007157469035236155,0,r5
split,vendor,B,coverage,67438,428,0.9320412823630594,0.8743626243477072,0.9337607305101084,0.026299781343647473,0,r5
split,vendor,C,coverage,163706,2137,0.8958743112653171,0.8553450486999087,0.8975804285495809,0.018557641855647584,0,r5
split,vendor,A,cov_healthy,95809,310,0.9849213080765243,0.9835341364054703,0.9863558281150937,0.0006975342247913922,0,r5
split,vendor,B,cov_healthy,67438,428,0.9325921504253096,0.8746506171837186,0.9342743048826203,0.026466349627251733,0,r5
split,vendor,C,cov_healthy,163706,2137,0.8954935662162915,0.8543746632339617,0.897267287934618,0.018800293407798895,0,r5
split,vendor,A,cov_failure,95809,310,0.2838709677419355,0.2358445499339022,0.3302109892911779,0.02505157127080452,0,r5
split,vendor,B,cov_failure,67438,428,0.8457943925233645,0.811880550168419,0.8809088824338785,0.017614058177956304,0,r5
split,vendor,C,cov_failure,163706,2137,0.9246607393542349,0.913798562915337,0.9355142545246466,0.005685505714896688,0,r5
split,vendor,A,set_size,95809,310,1.0604640482626893,1.057387076470806,1.0632193404413424,0.0014694699784084488,0,r5
split,vendor,B,set_size,67438,428,1.6348053026483584,1.5743711021232567,1.637967651431709,0.027040643616946993,0,r5
split,vendor,C,set_size,163706,2137,1.6983128290960625,1.655478021723716,1.7004970085524302,0.01926305638670396,0,r5
split,vendor,A,singleton,95809,310,0.9395359517373106,0.9367806595586576,0.9426129235291939,0.0014694699784084493,0,r5
split,vendor,B,singleton,67438,428,0.3651946973516415,0.36203234856829103,0.4256288978767432,0.027040643616946997,0,r5
split,vendor,C,singleton,163706,2137,0.30168717090393754,0.29950299144756976,0.3445219782762842,0.01926305638670394,0,r5
split,vendor,A,doubleton,95809,310,0.06046404826268931,0.057387076470806105,0.06321934044134234,0.0014694699784084495,0,r5
split,vendor,B,doubleton,67438,428,0.6348053026483584,0.5743711021232569,0.637967651431709,0.027040643616946983,0,r5
split,vendor,C,doubleton,163706,2137,0.6983128290960624,0.6554780217237158,0.7004970085524302,0.019263056386703944,0,r5
split,vendor,A,empty,95809,310,0.0,0.0,0.0,0.0,0,r5
split,vendor,B,empty,67438,428,0.0,0.0,0.0,0.0,0,r5
split,vendor,C,empty,163706,2137,0.0,0.0,0.0,0.0,0,r5
split,vendor,A,alert_rate,95809,310,0.07592188625285724,0.0720124232679156,0.07952464519275582,0.0019140823167865311,0,r5
split,vendor,B,alert_rate,67438,428,0.7034906136006406,0.7000992939181557,0.7062994421634222,0.0016317762753036394,0,r5
split,vendor,C,alert_rate,163706,2137,0.8055416417235777,0.802901007328031,0.8072534547103085,0.0011110931584238613,0,r5
split,vendor_stage,A0,coverage,85,1,0.9882352941176471,0.9523809523809523,1.0,0.014103555979388336,0,r5
split,vendor_stage,A1,coverage,104,0,1.0,1.0,1.0,0.0,0,r5
split,vendor_stage,A2,coverage,1388,1,0.9805475504322767,0.9713500026893945,0.9884384680619692,0.004390185217503534,0,r5
split,vendor_stage,A3,coverage,28477,43,0.9861291568634336,0.9841296420517088,0.9879046052319516,0.0009540896958241614,0,r5
split,vendor_stage,A4,coverage,65755,265,0.9811573264390541,0.9795259176957611,0.9828436262164103,0.0008748477445082106,0,r5
split,vendor_stage,B0,coverage,8307,30,0.9640062597809077,0.8940126259801174,0.9676128104534835,0.030641205416007664,0,r5
split,vendor_stage,B1,coverage,11450,142,0.954235807860262,0.9147438646209272,0.9581071484462456,0.01717498066782278,0,r5
split,vendor_stage,B2,coverage,20958,130,0.9576772592804657,0.8745458129935497,0.9603087913879009,0.037827562603677214,0,r5
split,vendor_stage,B3,coverage,25417,121,0.8968800409174962,0.8505660190607776,0.9005379390648833,0.020431198336504232,0,r5
split,vendor_stage,B4,coverage,1306,5,0.8070444104134763,0.7659996363527304,0.8254678610639784,0.016175166488088127,0,r5
split,vendor_stage,C0,coverage,58053,405,0.9143024477632509,0.8656685030179636,0.9169768673362827,0.02201480381061403,0,r5
split,vendor_stage,C1,coverage,52837,504,0.9203399133183185,0.8919297453161176,0.923025143218395,0.012445239865429478,0,r5
split,vendor_stage,C2,coverage,41466,800,0.880046302995225,0.8334812074247351,0.8833704314783529,0.020777171604087513,0,r5
split,vendor_stage,C3,coverage,11350,428,0.7455506607929515,0.6938513454191352,0.7520065254002348,0.02215197433195739,0,r5
split,vendor_stage,C4,coverage,0,0,NaN,NaN,NaN,NaN,1000,r5
split,vendor_stage,A0,cov_healthy,85,1,1.0,1.0,1.0,0.0033674045378200477,0,r5
split,vendor_stage,A1,cov_healthy,104,0,1.0,1.0,1.0,0.0,0,r5
split,vendor_stage,A2,cov_healthy,1388,1,0.9812545061283345,0.9722198025551684,0.9893550460943574,0.004359800661874626,0,r5
split,vendor_stage,A3,cov_healthy,28477,43,0.9874797777308856,0.9856132280805203,0.9892277149471724,0.0009299901117902393,0,r5
split,vendor_stage,A4,cov_healthy,65755,265,0.9838448618109635,0.9822738121631679,0.9855587742737734,0.0008517910262263276,0,r5
split,vendor_stage,B0,cov_healthy,8307,30,0.9649631509000846,0.8947292974790666,0.9684767690510417,0.030758995169881398,0,r5
split,vendor_stage,B1,cov_healthy,11450,142,0.955076052352317,0.9149937349970375,0.9588801522468994,0.017369565390779353,0,r5
split,vendor_stage,B2,cov_healthy,20958,130,0.9582773189936624,0.8747338057819305,0.9608988809402872,0.03806106585010277,0,r5
split,vendor_stage,B3,cov_healthy,25417,121,0.8972564832384566,0.8506722952547222,0.9007778777601148,0.02053201673147697,0,r5
split,vendor_stage,B4,cov_healthy,1306,5,0.8070714834742506,0.7663307039011742,0.8253086730583307,0.016222705275825675,0,r5
split,vendor_stage,C0,cov_healthy,58053,405,0.9143769081321121,0.8655046160187332,0.9170581867991893,0.02216477635049595,0,r5
split,vendor_stage,C1,cov_healthy,52837,504,0.920394397416544,0.891700717506738,0.9230741130998168,0.012562505689454204,0,r5
split,vendor_stage,C2,cov_healthy,41466,800,0.8788668666699454,0.8313402585556401,0.8822593943021892,0.02117918010981151,0,r5
split,vendor_stage,C3,cov_healthy,11350,428,0.7384178721845815,0.6843561298179385,0.7452402972152162,0.023029746618834335,0,r5
split,vendor_stage,C4,cov_healthy,0,0,NaN,NaN,NaN,NaN,1000,r5
split,vendor_stage,A0,cov_failure,85,1,0.0,0.0,0.0,0.0,377,r5
split,vendor_stage,A1,cov_failure,104,0,NaN,NaN,NaN,NaN,1000,r5
split,vendor_stage,A2,cov_failure,1388,1,0.0,0.0,0.0,0.0,347,r5
split,vendor_stage,A3,cov_failure,28477,43,0.09302325581395349,0.0196078431372549,0.1852067183462532,0.044071518627481696,0,r5
split,vendor_stage,A4,cov_failure,65755,265,0.3169811320754717,0.2615340909090909,0.37023254170200737,0.027526913924063524,0,r5
split,vendor_stage,B0,cov_failure,8307,30,0.7,0.5172413793103449,0.8529411764705882,0.08566359641501947,0,r5
split,vendor_stage,B1,cov_failure,11450,142,0.8873239436619719,0.8297872340425532,0.9366294222025063,0.02688575225034676,0,r5
split,vendor_stage,B2,cov_failure,20958,130,0.8615384615384616,0.7985027593126802,0.9225487540628385,0.030450845468159238,0,r5
split,vendor_stage,B3,cov_failure,25417,121,0.8181818181818182,0.7520661157024794,0.8859702610183996,0.03471978577476292,0,r5
split,vendor_stage,B4,cov_failure,1306,5,0.8,0.3333333333333333,1.0,0.2057421568089663,6,r5
split,vendor_stage,C0,cov_failure,58053,405,0.9037037037037037,0.873707637160801,0.9312825907539172,0.014589545223716596,0,r5
split,vendor_stage,C1,cov_failure,52837,504,0.9146825396825397,0.8870910720104268,0.9391147111332121,0.013211114356776882,0,r5
split,vendor_stage,C2,cov_failure,41466,800,0.94,0.9246977875370712,0.9565245119787046,0.008218401861420283,0,r5
split,vendor_stage,C3,cov_failure,11350,428,0.927570093457944,0.9010955056179775,0.9500029691211401,0.012584821519352146,0,r5
split,vendor_stage,C4,cov_failure,0,0,NaN,NaN,NaN,NaN,1000,r5
split,vendor_stage,A0,set_size,85,1,1.0470588235294118,1.0,1.1034811165845648,0.02537395254768713,0,r5
split,vendor_stage,A1,set_size,104,0,1.0961538461538463,1.0327824305060584,1.1714357864357865,0.03481955150714101,0,r5
split,vendor_stage,A2,set_size,1388,1,1.1087896253602305,1.0880338497767479,1.1286420568596125,0.010403697630435147,0,r5
split,vendor_stage,A3,set_size,28477,43,1.0657021455911788,1.0612307503156717,1.069898844467995,0.0022433114576056214,0,r5
split,vendor_stage,A4,set_size,65755,265,1.0571363394418676,1.0538846801929314,1.0602932238804874,0.001618449533995992,0,r5
split,vendor_stage,B0,set_size,8307,30,1.5795112555675936,1.5054070087973883,1.5885378609255139,0.0314180344357625,0,r5
split,vendor_stage,B1,set_size,11450,142,1.5901310043668122,1.544063454444422,1.5983809040857724,0.01943044832970859,0,r5
split,vendor_stage,B2,set_size,20958,130,1.6832713045137895,1.5969072561076114,1.6884873283509976,0.03844256862033659,0,r5
split,vendor_stage,B3,set_size,25417,121,1.6379588464413581,1.5896455146837984,1.6429460606299526,0.02092244821347885,0,r5
split,vendor_stage,B4,set_size,1306,5,1.5390505359877489,1.4952795841729254,1.5624694610846157,0.01772968560634288,0,r5
split,vendor_stage,C0,set_size,58053,405,1.6848569410710903,1.6339151913028382,1.6883724740425452,0.022566792770746566,0,r5
split,vendor_stage,C1,set_size,52837,504,1.7050362435414577,1.6743200995809135,1.7088349739727102,0.013125007043143979,0,r5
split,vendor_stage,C2,set_size,41466,800,1.7267399797424396,1.6775335955094528,1.7309138373364936,0.021776041904785166,0,r5
split,vendor_stage,C3,set_size,11350,428,1.6319823788546255,1.5775544967528408,1.640197262950315,0.02336673919871991,0,r5
split,vendor_stage,C4,set_size,0,0,NaN,NaN,NaN,NaN,1000,r5
split,vendor_stage,A0,singleton,85,1,0.9529411764705882,0.8965188834154352,1.0,0.02537395254768712,0,r5
split,vendor_stage,A1,singleton,104,0,0.9038461538461539,0.8285642135642136,0.9672175694939416,0.034819551507141035,0,r5
split,vendor_stage,A2,singleton,1388,1,0.8912103746397695,0.8713579431403875,0.9119661502232521,0.010403697630435155,0,r5
split,vendor_stage,A3,singleton,28477,43,0.9342978544088212,0.9301011555320048,0.9387692496843283,0.0022433114576056214,0,r5
split,vendor_stage,A4,singleton,65755,265,0.9428636605581324,0.9397067761195127,0.9461153198070685,0.0016184495339959966,0,r5
split,vendor_stage,B0,singleton,8307,30,0.4204887444324064,0.41146213907448603,0.49459299120261163,0.03141803443576247,0,r5
split,vendor_stage,B1,singleton,11450,142,0.4098689956331878,0.4016190959142278,0.45593654555557817,0.019430448329708597,0,r5
split,vendor_stage,B2,singleton,20958,130,0.3167286954862105,0.3115126716490025,0.40309274389238864,0.03844256862033656,0,r5
split,vendor_stage,B3,singleton,25417,121,0.36204115355864186,0.35705393937004715,0.4103544853162014,0.020922448213478845,0,r5
split,vendor_stage,B4,singleton,1306,5,0.4609494640122512,0.4375305389153844,0.5047204158270746,0.017729685606342884,0,r5
split,vendor_stage,C0,singleton,58053,405,0.3151430589289098,0.31162752595745463,0.3660848086971618,0.022566792770746556,0,r5
split,vendor_stage,C1,singleton,52837,504,0.29496375645854234,0.29116502602728983,0.3256799004190865,0.013125007043143986,0,r5
split,vendor_stage,C2,singleton,41466,800,0.2732600202575604,0.26908616266350627,0.32246640449054725,0.021776041904785166,0,r5
split,vendor_stage,C3,singleton,11350,428,0.36801762114537445,0.359802737049685,0.4224455032471591,0.023366739198719916,0,r5
split,vendor_stage,C4,singleton,0,0,NaN,NaN,NaN,NaN,1000,r5
split,vendor_stage,A0,doubleton,85,1,0.047058823529411764,0.0,0.10348111658456483,0.025373952547687106,0,r5
split,vendor_stage,A1,doubleton,104,0,0.09615384615384616,0.032782430506058446,0.17143578643578644,0.03481955150714103,0,r5
split,vendor_stage,A2,doubleton,1388,1,0.10878962536023054,0.08803384977674789,0.12864205685961247,0.01040369763043516,0,r5
split,vendor_stage,A3,doubleton,28477,43,0.06570214559117885,0.06123075031567168,0.06989884446799521,0.0022433114576056227,0,r5
split,vendor_stage,A4,doubleton,65755,265,0.05713633944186754,0.05388468019293143,0.06029322388048736,0.0016184495339959977,0,r5
split,vendor_stage,B0,doubleton,8307,30,0.5795112555675936,0.5054070087973883,0.5885378609255139,0.031418034435762486,0,r5
split,vendor_stage,B1,doubleton,11450,142,0.5901310043668122,0.5440634544444218,0.5983809040857723,0.019430448329708565,0,r5
split,vendor_stage,B2,doubleton,20958,130,0.6832713045137895,0.5969072561076114,0.6884873283509976,0.03844256862033654,0,r5
split,vendor_stage,B3,doubleton,25417,121,0.6379588464413581,0.5896455146837987,0.6429460606299529,0.020922448213478852,0,r5
split,vendor_stage,B4,doubleton,1306,5,0.5390505359877489,0.49527958417292545,0.5624694610846156,0.01772968560634288,0,r5
split,vendor_stage,C0,doubleton,58053,405,0.6848569410710902,0.6339151913028381,0.6883724740425453,0.02256679277074655,0,r5
split,vendor_stage,C1,doubleton,52837,504,0.7050362435414577,0.6743200995809135,0.7088349739727102,0.013125007043143976,0,r5
split,vendor_stage,C2,doubleton,41466,800,0.7267399797424395,0.6775335955094527,0.7309138373364936,0.021776041904785156,0,r5
split,vendor_stage,C3,doubleton,11350,428,0.6319823788546256,0.5775544967528409,0.6401972629503151,0.023366739198719892,0,r5
split,vendor_stage,C4,doubleton,0,0,NaN,NaN,NaN,NaN,1000,r5
split,vendor_stage,A0,empty,85,1,0.0,0.0,0.0,0.0,0,r5
split,vendor_stage,A1,empty,104,0,0.0,0.0,0.0,0.0,0,r5
split,vendor_stage,A2,empty,1388,1,0.0,0.0,0.0,0.0,0,r5
split,vendor_stage,A3,empty,28477,43,0.0,0.0,0.0,0.0,0,r5
split,vendor_stage,A4,empty,65755,265,0.0,0.0,0.0,0.0,0,r5
split,vendor_stage,B0,empty,8307,30,0.0,0.0,0.0,0.0,0,r5
split,vendor_stage,B1,empty,11450,142,0.0,0.0,0.0,0.0,0,r5
split,vendor_stage,B2,empty,20958,130,0.0,0.0,0.0,0.0,0,r5
split,vendor_stage,B3,empty,25417,121,0.0,0.0,0.0,0.0,0,r5
split,vendor_stage,B4,empty,1306,5,0.0,0.0,0.0,0.0,0,r5
split,vendor_stage,C0,empty,58053,405,0.0,0.0,0.0,0.0,0,r5
split,vendor_stage,C1,empty,52837,504,0.0,0.0,0.0,0.0,0,r5
split,vendor_stage,C2,empty,41466,800,0.0,0.0,0.0,0.0,0,r5
split,vendor_stage,C3,empty,11350,428,0.0,0.0,0.0,0.0,0,r5
split,vendor_stage,C4,empty,0,0,NaN,NaN,NaN,NaN,1000,r5
split,vendor_stage,A0,alert_rate,85,1,0.047058823529411764,0.0,0.10348111658456483,0.025257061563768824,0,r5
split,vendor_stage,A1,alert_rate,104,0,0.09615384615384616,0.032782430506058446,0.17143578643578644,0.03481955150714103,0,r5
split,vendor_stage,A2,alert_rate,1388,1,0.12752161383285301,0.10309278350515463,0.15207275244868915,0.012738891764949762,0,r5
split,vendor_stage,A3,alert_rate,28477,43,0.07827369456052252,0.07293697992925399,0.08333996884715339,0.002701086385595601,0,r5
split,vendor_stage,A4,alert_rate,65755,265,0.07381948140825793,0.06947698154892111,0.07787478115838573,0.00215866233983248,0,r5
split,vendor_stage,B0,alert_rate,8307,30,0.6150234741784038,0.6051334592935766,0.6251970585733008,0.00509953969830886,0,r5
split,vendor_stage,B1,alert_rate,11450,142,0.6386026200873363,0.630022908802797,0.6462255466362476,0.0041705179854805595,0,r5
split,vendor_stage,B2,alert_rate,20958,130,0.7257849031396125,0.7204072779938457,0.7311659624371907,0.002679307240817571,0,r5
split,vendor_stage,B3,alert_rate,25417,121,0.7417869929574694,0.7367501175869134,0.745865613128754,0.0023956787470803638,0,r5
split,vendor_stage,B4,alert_rate,1306,5,0.7320061255742726,0.7055296506118902,0.7533824034431047,0.012651044522453825,0,r5
split,vendor_stage,C0,alert_rate,58053,405,0.7725009904742218,0.7687395387182615,0.7754366595374029,0.0017438733290694357,0,r5
split,vendor_stage,C1,alert_rate,52837,504,0.7874595453943259,0.7829411964311211,0.7911529785596024,0.0020507050465639613,0,r5
split,vendor_stage,C2,alert_rate,41466,800,0.8499252399556263,0.8463229107301768,0.8534712459113688,0.0018733789873407092,0,r5
split,vendor_stage,C3,alert_rate,11350,428,0.8965638766519823,0.8904249763256628,0.9024650602294512,0.0031533181391019014,0,r5
split,vendor_stage,C4,alert_rate,0,0,NaN,NaN,NaN,NaN,1000,r5
mondrian_class,all,all,coverage,326953,2875,0.8982239037415164,0.8967068177102321,0.9302502802484003,0.014889048812842292,0,r5
mondrian_class,all,all,cov_healthy,326953,2875,0.8981202056295089,0.8966059370013985,0.9304475415089486,0.01502551798565649,0,r5
mondrian_class,all,all,cov_failure,326953,2875,0.9099130434782609,0.8959546781482884,0.9249557624081051,0.007307462173251212,0,r5
mondrian_class,all,all,set_size,326953,2875,1.5839218480943744,1.56560948629553,1.6290222047140073,0.01753529544784432,0,r5
mondrian_class,all,all,singleton,326953,2875,0.4160781519056256,0.3709777952859929,0.43439051370446985,0.0175352954478443,0,r5
mondrian_class,all,all,doubleton,326953,2875,0.5839218480943744,0.5656094862955301,0.629022204714007,0.017535295447844306,0,r5
mondrian_class,all,all,empty,326953,2875,0.0,0.0,0.0,0.0,0,r5
mondrian_class,all,all,alert_rate,326953,2875,0.687890920101666,0.6675207641979917,0.7064324170051636,0.010355222627962872,0,r5
mondrian_class,stage,0,coverage,66445,436,0.8722853487847092,0.8695379136343128,0.9228305447456718,0.023285357684545576,0,r5
mondrian_class,stage,1,coverage,64391,646,0.8993492879439673,0.8966868750410324,0.9291028388153885,0.013431745086752649,0,r5
mondrian_class,stage,2,coverage,63812,931,0.853961637309597,0.8510304982769205,0.9106908562716612,0.02612756327145563,0,r5
mondrian_class,stage,3,coverage,65244,592,0.8852614799828337,0.8821628421341042,0.9120190274181743,0.0119818729839673,0,r5
mondrian_class,stage,4,coverage,67061,270,0.9775726577295298,0.9759729788060298,0.9796152775105147,0.0009286844238908291,0,r5
mondrian_class,stage,0,cov_healthy,66445,436,0.8717750609765335,0.8690586254845079,0.9226663711033616,0.023443110941035992,0,r5
mondrian_class,stage,1,cov_healthy,64391,646,0.8985175307867284,0.895855828719984,0.9285580380619506,0.013567170026217547,0,r5
mondrian_class,stage,2,cov_healthy,63812,931,0.8519902673303542,0.8489698503578262,0.9096139778906206,0.026518673346084168,0,r5
mondrian_class,stage,3,cov_healthy,65244,592,0.8850306255026913,0.8819615055993199,0.9120377084294443,0.012097652815562151,0,r5
mondrian_class,stage,4,cov_healthy,67061,270,0.9798775284095163,0.978305640499238,0.9818978832276406,0.0009089789362560763,0,r5
mondrian_class,stage,0,cov_failure,66445,436,0.9495412844036697,0.9250562640660166,0.9710483791140806,0.011556393495921784,0,r5
mondrian_class,stage,1,cov_failure,64391,646,0.9814241486068112,0.9679996951219512,0.9898421782393563,0.005898322147744049,0,r5
mondrian_class,stage,2,cov_failure,63812,931,0.9871106337271751,0.9782371832025197,0.9947163789359512,0.004282376059426577,0,r5
mondrian_class,stage,3,cov_failure,65244,592,0.910472972972973,0.8849710430805592,0.9333390119250426,0.012456073895351694,0,r5
mondrian_class,stage,4,cov_failure,67061,270,0.4074074074074074,0.34439493911978775,0.49045600150744295,0.039393865265963196,0,r5
mondrian_class,stage,0,set_size,66445,436,1.7407479870569644,1.72509965007067,1.8020347133605454,0.02433077824195261,0,r5
mondrian_class,stage,1,set_size,64391,646,1.829820937708686,1.8129336137413898,1.8629480391745008,0.014825482922645565,0,r5
mondrian_class,stage,2,set_size,63812,931,1.774274431141478,1.7579374746586132,1.8357243842384046,0.027003709969546274,0,r5
mondrian_class,stage,3,set_size,65244,592,1.4668168720495371,1.4440978928738395,1.5080702902126064,0.01647075903758105,0,r5
mondrian_class,stage,4,set_size,67061,270,1.1252292688746066,1.1044131924943723,1.1637779935797559,0.017266339014582827,0,r5
mondrian_class,stage,0,singleton,66445,436,0.25925201294303557,0.19796528663945465,0.2749003499293302,0.024330778241952636,0,r5
mondrian_class,stage,1,singleton,64391,646,0.170179062291314,0.13705196082549914,0.18706638625861013,0.014825482922645563,0,r5
mondrian_class,stage,2,singleton,63812,931,0.2257255688585219,0.16427561576159533,0.24206252534138695,0.027003709969546243,0,r5
mondrian_class,stage,3,singleton,65244,592,0.5331831279504629,0.4919297097873936,0.5559021071261604,0.01647075903758106,0,r5
mondrian_class,stage,4,singleton,67061,270,0.8747707311253933,0.836222006420244,0.8955868075056277,0.01726633901458284,0,r5
mondrian_class,stage,0,doubleton,66445,436,0.7407479870569644,0.7250996500706698,0.8020347133605453,0.024330778241952625,0,r5
mondrian_class,stage,1,doubleton,64391,646,0.829820937708686,0.8129336137413898,0.8629480391745009,0.014825482922645556,0,r5
mondrian_class,stage,2,doubleton,63812,931,0.7742744311414781,0.757937474658613,0.8357243842384047,0.027003709969546253,0,r5
mondrian_class,stage,3,doubleton,65244,592,0.46681687204953715,0.4440978928738396,0.5080702902126065,0.01647075903758106,0,r5
mondrian_class,stage,4,doubleton,67061,270,0.1252292688746067,0.1044131924943723,0.16377799357975592,0.017266339014582823,0,r5
mondrian_class,stage,0,empty,66445,436,0.0,0.0,0.0,0.0,0,r5
mondrian_class,stage,1,empty,64391,646,0.0,0.0,0.0,0.0,0,r5
mondrian_class,stage,2,empty,63812,931,0.0,0.0,0.0,0.0,0,r5
mondrian_class,stage,3,empty,65244,592,0.0,0.0,0.0,0.0,0,r5
mondrian_class,stage,4,empty,67061,270,0.0,0.0,0.0,0.0,0,r5
mondrian_class,stage,0,alert_rate,66445,436,0.8708254947701106,0.8537345840846104,0.8846847581138261,0.00864513564760202,0,r5
mondrian_class,stage,1,alert_rate,64391,646,0.9345250112593375,0.9169136438463883,0.9404961734428419,0.00665333524424102,0,r5
mondrian_class,stage,2,alert_rate,63812,931,0.924465617752147,0.9067890488016845,0.9319381348398608,0.006805809333692441,0,r5
mondrian_class,stage,3,alert_rate,65244,592,0.5839157623689535,0.5583071569975625,0.6057179905990037,0.01240425408374064,0,r5
mondrian_class,stage,4,alert_rate,67061,270,0.14586719553839042,0.12466503958145202,0.1847364776292114,0.017386784756464307,0,r5
mondrian_class,vendor,A,coverage,95809,310,0.9828826101931969,0.9814697788638915,0.9843127625344414,0.0007170148420865365,0,r5
mondrian_class,vendor,B,coverage,67438,428,0.8764791363919452,0.8743838496935582,0.9341104504896214,0.02660784825718098,0,r5
mondrian_class,vendor,C,coverage,163706,2137,0.8576350286489194,0.8554232451978169,0.897994705394649,0.018756362421189426,0,r5
mondrian_class,vendor,A,cov_healthy,95809,310,0.9849108367626886,0.9835132988085383,0.9863016281421809,0.0006998973048733132,0,r5
mondrian_class,vendor,B,cov_healthy,67438,428,0.8760632741381883,0.8739885755928656,0.9340235353556303,0.026782745584245714,0,r5
mondrian_class,vendor,C,cov_healthy,163706,2137,0.8559686573538241,0.8537527269881958,0.8968580678778245,0.019006236495763027,0,r5
mondrian_class,vendor,A,cov_failure,95809,310,0.3580645161290323,0.29756594453638235,0.44338427243129086,0.03785635405857277,0,r5
mondrian_class,vendor,B,cov_failure,67438,428,0.9415887850467289,0.9160955090000602,0.9642857142857143,0.012396896847627934,0,r5
mondrian_class,vendor,C,cov_failure,163706,2137,0.9836218998596162,0.9745941544293869,0.989150111740421,0.003704190539740691,0,r5
mondrian_class,vendor,A,set_size,95809,310,1.1215334676283022,1.1018055344780353,1.1589266651829921,0.016335586225261333,0,r5
mondrian_class,vendor,B,set_size,67438,428,1.7338444200599068,1.7094677840465418,1.8000513101797568,0.02848712717713256,0,r5
mondrian_class,vendor,C,set_size,163706,2137,1.792774852479445,1.7784147716330765,1.8388701265908034,0.01956734528596226,0,r5
mondrian_class,vendor,A,singleton,95809,310,0.8784665323716978,0.841073334817008,0.8981944655219647,0.016335586225261323,0,r5
mondrian_class,vendor,B,singleton,67438,428,0.26615557994009315,0.1999486898202433,0.29053221595345835,0.028487127177132573,0,r5
mondrian_class,vendor,C,singleton,163706,2137,0.20722514752055515,0.1611298734091965,0.2215852283669235,0.019567345285962257,0,r5
mondrian_class,vendor,A,doubleton,95809,310,0.12153346762830214,0.10180553447803528,0.15892666518299203,0.016335586225261326,0,r5
mondrian_class,vendor,B,doubleton,67438,428,0.7338444200599069,0.7094677840465415,0.8000513101797566,0.028487127177132577,0,r5
mondrian_class,vendor,C,doubleton,163706,2137,0.7927748524794449,0.7784147716330765,0.8388701265908035,0.019567345285962236,0,r5
mondrian_class,vendor,A,empty,95809,310,0.0,0.0,0.0,0.0,0,r5
mondrian_class,vendor,B,empty,67438,428,0.0,0.0,0.0,0.0,0,r5
mondrian_class,vendor,C,empty,163706,2137,0.0,0.0,0.0,0.0,0,r5
mondrian_class,vendor,A,alert_rate,95809,310,0.1370017430512791,0.1167519575954256,0.1739335077920857,0.016410594809115126,0,r5
mondrian_class,vendor,B,alert_rate,67438,428,0.8595302351789792,0.8330938334294805,0.8708849573620412,0.01108419195777245,0,r5
mondrian_class,vendor,C,alert_rate,163706,2137,0.9395929287869718,0.9245680004664938,0.946796490325787,0.006178714360689444,0,r5
mondrian_class,vendor_stage,A0,coverage,85,1,0.9882352941176471,0.9489507542147294,1.0,0.015046579122936105,0,r5
mondrian_class,vendor_stage,A1,coverage,104,0,1.0,1.0,1.0,0.0,0,r5
mondrian_class,vendor_stage,A2,coverage,1388,1,0.9805475504322767,0.9713500026893945,0.9885833533094049,0.0043850344487358,0,r5
mondrian_class,vendor_stage,A3,coverage,28477,43,0.9861993889805808,0.9842435336964014,0.9879959652756456,0.0009514890573436682,0,r5
mondrian_class,vendor_stage,A4,coverage,65755,265,0.981461485818569,0.9797755943485964,0.983118154572252,0.0008769122520232598,0,r5
mondrian_class,vendor_stage,B0,coverage,8307,30,0.8985193210545324,0.8931084209937991,0.9677653158459832,0.031192509705577996,0,r5
mondrian_class,vendor_stage,B1,coverage,11450,142,0.9188646288209606,0.9146961099976494,0.958186096723086,0.017341470562151778,0,r5
mondrian_class,vendor_stage,B2,coverage,20958,130,0.8776600820688997,0.8742662529148117,0.9604028380361354,0.03822691408309385,0,r5
mondrian_class,vendor_stage,B3,coverage,25417,121,0.8540740449305583,0.8501982238803731,0.9002346162854791,0.0206582533089468,0,r5
mondrian_class,vendor_stage,B4,coverage,1306,5,0.7817764165390505,0.7627820339781156,0.8226737227350346,0.016632153301805667,0,r5
mondrian_class,vendor_stage,C0,coverage,58053,405,0.868361669508897,0.8654286554856738,0.9166608590850407,0.022213783245725746,0,r5
mondrian_class,vendor_stage,C1,coverage,52837,504,0.8949221189696615,0.8918603616722149,0.9233905399852601,0.012665394429933802,0,r5
mondrian_class,vendor_stage,C2,coverage,41466,800,0.8377465875657165,0.8338007059860687,0.8838283187458025,0.02093662233622064,0,r5
mondrian_class,vendor_stage,C3,coverage,11350,428,0.7018502202643172,0.6936920156242419,0.7532750563165653,0.02258299906519926,0,r5
mondrian_class,vendor_stage,C4,coverage,0,0,NaN,NaN,NaN,NaN,1000,r5
mondrian_class,vendor_stage,A0,cov_healthy,85,1,1.0,0.9799897959183673,1.0,0.006231036312676842,0,r5
mondrian_class,vendor_stage,A1,cov_healthy,104,0,1.0,1.0,1.0,0.0,0,r5
mondrian_class,vendor_stage,A2,cov_healthy,1388,1,0.9812545061283345,0.9722198025551684,0.9893550460943574,0.004359800661874626,0,r5
mondrian_class,vendor_stage,A3,cov_healthy,28477,43,0.9874797777308856,0.9855921924154115,0.9892277149471724,0.0009306911606752928,0,r5
mondrian_class,vendor_stage,A4,cov_healthy,65755,265,0.9838295923041686,0.9822282255216153,0.9855300036817822,0.0008543072580671051,0,r5
mondrian_class,vendor_stage,B0,cov_healthy,8307,30,0.8986347710523136,0.8934090745952888,0.9681002212762255,0.03130864195662777,0,r5
mondrian_class,vendor_stage,B1,cov_healthy,11450,142,0.9183763707110011,0.9141279956612637,0.9581680083355458,0.017561791654618502,0,r5
mondrian_class,vendor_stage,B2,cov_healthy,20958,130,0.8771365469560207,0.8737890150781981,0.9604896423772479,0.038467632814375895,0,r5
mondrian_class,vendor_stage,B3,cov_healthy,25417,121,0.8537713472485768,0.8497871381151128,0.9001387475437367,0.020765101095107392,0,r5
mondrian_class,vendor_stage,B4,cov_healthy,1306,5,0.7809377401998463,0.7620744047893586,0.822013575397626,0.016671615870224928,0,r5
mondrian_class,vendor_stage,C0,cov_healthy,58053,405,0.8677317513183458,0.8647652067436064,0.9163958086484008,0.022373397229299607,0,r5
mondrian_class,vendor_stage,C1,cov_healthy,52837,504,0.8940248027057497,0.8909594537737855,0.9227671223798866,0.0127863659392601,0,r5
mondrian_class,vendor_stage,C2,cov_healthy,41466,800,0.8347022082329218,0.8305919912780085,0.8816360145163106,0.02135423831934216,0,r5
mondrian_class,vendor_stage,C3,cov_healthy,11350,428,0.690715986083135,0.6826446444995232,0.7443008058631058,0.02346904393857155,0,r5
mondrian_class,vendor_stage,C4,cov_healthy,0,0,NaN,NaN,NaN,NaN,1000,r5
mondrian_class,vendor_stage,A0,cov_failure,85,1,0.0,0.0,0.0,0.04006415401075015,377,r5
mondrian_class,vendor_stage,A1,cov_failure,104,0,NaN,NaN,NaN,NaN,1000,r5
mondrian_class,vendor_stage,A2,cov_failure,1388,1,0.0,0.0,1.0,0.1883001019158374,347,r5
mondrian_class,vendor_stage,A3,cov_failure,28477,43,0.13953488372093023,0.046511627906976744,0.2857936507936507,0.06122957360181809,0,r5
mondrian_class,vendor_stage,A4,cov_failure,65755,265,0.39622641509433965,0.33073853365605566,0.4823539768019884,0.039857970997169354,0,r5
mondrian_class,vendor_stage,B0,cov_failure,8307,30,0.8666666666666667,0.7272727272727273,0.9705882352941176,0.06279446223404908,0,r5
mondrian_class,vendor_stage,B1,cov_failure,11450,142,0.9577464788732394,0.922478949478749,0.9863013698630136,0.016777174582972613,0,r5
mondrian_class,vendor_stage,B2,cov_failure,20958,130,0.9615384615384616,0.9243697478991597,0.9928608891108891,0.01806064210332935,0,r5
mondrian_class,vendor_stage,B3,cov_failure,25417,121,0.9173553719008265,0.8528793293018142,0.9611650485436893,0.027725365285166337,0,r5
mondrian_class,vendor_stage,B4,cov_failure,1306,5,1.0,1.0,1.0,0.02026591861815161,6,r5
mondrian_class,vendor_stage,C0,cov_failure,58053,405,0.9580246913580247,0.9347813418465593,0.977217916702546,0.011075301318809808,0,r5
mondrian_class,vendor_stage,C1,cov_failure,52837,504,0.9880952380952381,0.972543594512904,0.9959925827751119,0.006049101104748288,0,r5
mondrian_class,vendor_stage,C2,cov_failure,41466,800,0.9925,0.9839891595207687,0.9975521690331972,0.0034571488920942914,0,r5
mondrian_class,vendor_stage,C3,cov_failure,11350,428,0.985981308411215,0.9720083930518773,0.9954340499890785,0.006007075053612927,0,r5
mondrian_class,vendor_stage,C4,cov_failure,0,0,NaN,NaN,NaN,NaN,1000,r5
mondrian_class,vendor_stage,A0,set_size,85,1,1.0823529411764705,1.0312379807692307,1.1795620437956205,0.038287415433541507,0,r5
mondrian_class,vendor_stage,A1,set_size,104,0,1.1346153846153846,1.0619288423333937,1.280723045477772,0.05843116228383839,0,r5
mondrian_class,vendor_stage,A2,set_size,1388,1,1.1772334293948126,1.1476358529778516,1.2263165066325252,0.020038481789162895,0,r5
mondrian_class,vendor_stage,A3,set_size,28477,43,1.1341433437510973,1.11568665594727,1.1678153927889432,0.01434200761754872,0,r5
mondrian_class,vendor_stage,A4,set_size,65755,265,1.114926621549692,1.09415200059075,1.1539622277666868,0.017314293971002735,0,r5
mondrian_class,vendor_stage,B0,set_size,8307,30,1.647887323943662,1.623290311861834,1.7330229981748368,0.03364989937398906,0,r5
mondrian_class,vendor_stage,B1,set_size,11450,142,1.752576419213974,1.7238726312229724,1.8021895285253398,0.0219387145561363,0,r5
mondrian_class,vendor_stage,B2,set_size,20958,130,1.7421986830804466,1.7221085814396921,1.8311407280553975,0.03890162095466019,0,r5
mondrian_class,vendor_stage,B3,set_size,25417,121,1.751229492072235,1.722823779037455,1.8032231370100094,0.02314712647259073,0,r5
mondrian_class,vendor_stage,B4,set_size,1306,5,1.6439509954058193,1.6024890162018657,1.6900230194353258,0.022404960121807035,0,r5
mondrian_class,vendor_stage,C0,set_size,58053,405,1.7549997416154204,1.740076785357731,1.8129040380071786,0.023094902955146768,0,r5
mondrian_class,vendor_stage,C1,set_size,52837,504,1.8479285349281753,1.8333784511020599,1.87782855274761,0.013436425833442445,0,r5
mondrian_class,vendor_stage,C2,set_size,41466,800,1.8104712294409877,1.795936597406855,1.859799793605774,0.021964820052427676,0,r5
mondrian_class,vendor_stage,C3,set_size,11350,428,1.6645814977973568,1.6491724964992875,1.7181451152602745,0.023578818472223734,0,r5
mondrian_class,vendor_stage,C4,set_size,0,0,NaN,NaN,NaN,NaN,1000,r5
mondrian_class,vendor_stage,A0,singleton,85,1,0.9176470588235294,0.8204379562043795,0.9687620192307692,0.03828741543354154,0,r5
mondrian_class,vendor_stage,A1,singleton,104,0,0.8653846153846154,0.719276954522228,0.9380711576666064,0.05843116228383844,0,r5
mondrian_class,vendor_stage,A2,singleton,1388,1,0.8227665706051873,0.7736834933674749,0.8523641470221482,0.02003848178916288,0,r5
mondrian_class,vendor_stage,A3,singleton,28477,43,0.8658566562489026,0.8321846072110568,0.88431334405273,0.014342007617548726,0,r5
mondrian_class,vendor_stage,A4,singleton,65755,265,0.885073378450308,0.8460377722333131,0.9058479994092499,0.017314293971002735,0,r5
mondrian_class,vendor_stage,B0,singleton,8307,30,0.352112676056338,0.26697700182516315,0.376709688138166,0.03364989937398903,0,r5
mondrian_class,vendor_stage,B1,singleton,11450,142,0.2474235807860262,0.19781047147466035,0.27612736877702754,0.02193871455613632,0,r5
mondrian_class,vendor_stage,B2,singleton,20958,130,0.2578013169195534,0.16885927194460232,0.27789141856030775,0.038901620954660245,0,r5
mondrian_class,vendor_stage,B3,singleton,25417,121,0.2487705079277649,0.19677686298999056,0.27717622096254496,0.023147126472590734,0,r5
mondrian_class,vendor_stage,B4,singleton,1306,5,0.3560490045941807,0.309976980564674,0.39751098379813427,0.022404960121807035,0,r5
mondrian_class,vendor_stage,C0,singleton,58053,405,0.24500025838457962,0.18709596199282136,0.25992321464226914,0.023094902955146747,0,r5
mondrian_class,vendor_stage,C1,singleton,52837,504,0.15207146507182467,0.12217144725239006,0.16662154889794006,0.013436425833442444,0,r5
mondrian_class,vendor_stage,C2,singleton,41466,800,0.1895287705590122,0.14020020639422603,0.20406340259314482,0.02196482005242768,0,r5
mondrian_class,vendor_stage,C3,singleton,11350,428,0.3354185022026432,0.28185488473972553,0.35082750350071235,0.023578818472223744,0,r5
mondrian_class,vendor_stage,C4,singleton,0,0,NaN,NaN,NaN,NaN,1000,r5
mondrian_class,vendor_stage,A0,doubleton,85,1,0.08235294117647059,0.03123798076923077,0.17956204379562038,0.03828741543354154,0,r5
mondrian_class,vendor_stage,A1,doubleton,104,0,0.1346153846153846,0.06192884233339353,0.28072304547777205,0.05843116228383844,0,r5
mondrian_class,vendor_stage,A2,doubleton,1388,1,0.17723342939481268,0.14763585297785167,0.22631650663252514,0.02003848178916289,0,r5
mondrian_class,vendor_stage,A3,doubleton,28477,43,0.13414334375109738,0.11568665594727005,0.1678153927889432,0.014342007617548728,0,r5
mondrian_class,vendor_stage,A4,doubleton,65755,265,0.11492662154969203,0.09415200059075007,0.15396222776668686,0.017314293971002745,0,r5
mondrian_class,vendor_stage,B0,doubleton,8307,30,0.647887323943662,0.623290311861834,0.7330229981748368,0.03364989937398905,0,r5
mondrian_class,vendor_stage,B1,doubleton,11450,142,0.7525764192139738,0.7238726312229725,0.8021895285253396,0.0219387145561363,0,r5
mondrian_class,vendor_stage,B2,doubleton,20958,130,0.7421986830804466,0.7221085814396923,0.8311407280553977,0.0389016209546602,0,r5
mondrian_class,vendor_stage,B3,doubleton,25417,121,0.7512294920722351,0.722823779037455,0.8032231370100094,0.023147126472590738,0,r5
mondrian_class,vendor_stage,B4,doubleton,1306,5,0.6439509954058193,0.6024890162018658,0.690023019435326,0.022404960121807024,0,r5
mondrian_class,vendor_stage,C0,doubleton,58053,405,0.7549997416154204,0.7400767853577309,0.8129040380071786,0.023094902955146785,0,r5
mondrian_class,vendor_stage,C1,doubleton,52837,504,0.8479285349281753,0.83337845110206,0.87782855274761,0.013436425833442442,0,r5
mondrian_class,vendor_stage,C2,doubleton,41466,800,0.8104712294409878,0.7959365974068552,0.859799793605774,0.02196482005242767,0,r5
mondrian_class,vendor_stage,C3,doubleton,11350,428,0.6645814977973569,0.6491724964992877,0.7181451152602745,0.023578818472223748,0,r5
mondrian_class,vendor_stage,C4,doubleton,0,0,NaN,NaN,NaN,NaN,1000,r5
mondrian_class,vendor_stage,A0,empty,85,1,0.0,0.0,0.0,0.0,0,r5
mondrian_class,vendor_stage,A1,empty,104,0,0.0,0.0,0.0,0.0,0,r5
mondrian_class,vendor_stage,A2,empty,1388,1,0.0,0.0,0.0,0.0,0,r5
mondrian_class,vendor_stage,A3,empty,28477,43,0.0,0.0,0.0,0.0,0,r5
mondrian_class,vendor_stage,A4,empty,65755,265,0.0,0.0,0.0,0.0,0,r5
mondrian_class,vendor_stage,B0,empty,8307,30,0.0,0.0,0.0,0.0,0,r5
mondrian_class,vendor_stage,B1,empty,11450,142,0.0,0.0,0.0,0.0,0,r5
mondrian_class,vendor_stage,B2,empty,20958,130,0.0,0.0,0.0,0.0,0,r5
mondrian_class,vendor_stage,B3,empty,25417,121,0.0,0.0,0.0,0.0,0,r5
mondrian_class,vendor_stage,B4,empty,1306,5,0.0,0.0,0.0,0.0,0,r5
mondrian_class,vendor_stage,C0,empty,58053,405,0.0,0.0,0.0,0.0,0,r5
mondrian_class,vendor_stage,C1,empty,52837,504,0.0,0.0,0.0,0.0,0,r5
mondrian_class,vendor_stage,C2,empty,41466,800,0.0,0.0,0.0,0.0,0,r5
mondrian_class,vendor_stage,C3,empty,11350,428,0.0,0.0,0.0,0.0,0,r5
mondrian_class,vendor_stage,C4,empty,0,0,NaN,NaN,NaN,NaN,1000,r5
mondrian_class,vendor_stage,A0,alert_rate,85,1,0.08235294117647059,0.03123798076923077,0.18099061522419183,0.03845969891713118,0,r5
mondrian_class,vendor_stage,A1,alert_rate,104,0,0.1346153846153846,0.06192884233339353,0.28072304547777205,0.05843116228383844,0,r5
mondrian_class,vendor_stage,A2,alert_rate,1388,1,0.19596541786743515,0.162858825608586,0.2456049280936551,0.021590380162480882,0,r5
mondrian_class,vendor_stage,A3,alert_rate,28477,43,0.14671489272044105,0.12826568495139765,0.18063937485356757,0.01444795444942784,0,r5
mondrian_class,vendor_stage,A4,alert_rate,65755,265,0.13162497148505817,0.11059158728303332,0.17103843708415808,0.017408360855791342,0,r5
mondrian_class,vendor_stage,B0,alert_rate,8307,30,0.750331046105694,0.7234021536587736,0.7734196666673964,0.013629026949874046,0,r5
mondrian_class,vendor_stage,B1,alert_rate,11450,142,0.8400873362445415,0.8092591459497028,0.8535862992916803,0.012674879740303254,0,r5
mondrian_class,vendor_stage,B2,alert_rate,20958,130,0.8659700353087126,0.8430656026978753,0.8762669157564427,0.009196729460291313,0,r5
mondrian_class,vendor_stage,B3,alert_rate,25417,121,0.8984931345162687,0.8683953168717041,0.9092110215732921,0.01169204722012815,0,r5
mondrian_class,vendor_stage,B4,alert_rate,1306,5,0.8629402756508423,0.819910372554725,0.882658551704376,0.017001873743540438,0,r5
mondrian_class,vendor_stage,C0,alert_rate,58053,405,0.8892219179026062,0.8732480931078958,0.902307326906787,0.008043319661390578,0,r5
mondrian_class,vendor_stage,C1,alert_rate,52837,504,0.9565645286446998,0.9413562714764995,0.9608883973310498,0.005387960973715638,0,r5
mondrian_class,vendor_stage,C2,alert_rate,41466,800,0.9784160517050113,0.963739357862111,0.983157869125636,0.005465299551214209,0,r5
mondrian_class,vendor_stage,C3,alert_rate,11350,428,0.9763876651982378,0.9611675194592535,0.9811212457290007,0.00531985595069446,0,r5
mondrian_class,vendor_stage,C4,alert_rate,0,0,NaN,NaN,NaN,NaN,1000,r5
mondrian_stage,all,all,coverage,326953,2875,0.9123268482014234,0.9054911929816741,0.9139157133560537,0.0028112516143344456,0,r5
mondrian_stage,all,all,cov_healthy,326953,2875,0.9131628805411043,0.9062329667092346,0.9147692441415518,0.0028346543895367135,0,r5
mondrian_stage,all,all,cov_failure,326953,2875,0.8180869565217391,0.804071541917223,0.8336812582061927,0.007381324919419528,0,r5
mondrian_stage,all,all,set_size,326953,2875,1.4655867968790621,1.4554813507614695,1.4707047125381354,0.0039247051342143815,0,r5
mondrian_stage,all,all,singleton,326953,2875,0.4962731646444596,0.49218393002808225,0.505837586580197,0.0037608620091211407,0,r5
mondrian_stage,all,all,doubleton,326953,2875,0.48465681611730127,0.47508435790986725,0.48907315942396773,0.003730320407659027,0,r5
mondrian_stage,all,all,empty,326953,2875,0.019070019238239134,0.016771443462699872,0.020617860727587943,0.0009265022273542066,0,r5
mondrian_stage,all,all,alert_rate,326953,2875,0.5543518487366685,0.5488875377021027,0.5596103662244876,0.0027334163612929736,0,r5
mondrian_stage,stage,0,coverage,66445,436,0.9206110316803371,0.9181992045101778,0.9232520272004251,0.0013068701133220981,0,r5
mondrian_stage,stage,1,coverage,64391,646,0.9264959388734451,0.8963103316074076,0.92877928495116,0.013616733979104196,0,r5
mondrian_stage,stage,2,coverage,63812,931,0.9077289538017927,0.9050927220754866,0.9103904092759377,0.0013404916768944202,0,r5
mondrian_stage,stage,3,coverage,65244,592,0.9095089203604929,0.9069449913869781,0.9122284724891901,0.0013622764783951967,0,r5
mondrian_stage,stage,4,coverage,67061,270,0.8976305155008127,0.8907525202461576,0.9047529398404661,0.0035964605103880752,0,r5
mondrian_stage,stage,0,cov_healthy,66445,436,0.9208289778666545,0.9183874818669785,0.9234548816688166,0.001318482072836275,0,r5
mondrian_stage,stage,1,cov_healthy,64391,646,0.9266766020864382,0.8962266479008206,0.9289771285068459,0.013756912465040667,0,r5
mondrian_stage,stage,2,cov_healthy,63812,931,0.9074283169796918,0.9047165917437995,0.9100793456574836,0.0013647313040540765,0,r5
mondrian_stage,stage,3,cov_healthy,65244,592,0.9101033224030193,0.9074583874933946,0.9129097668719115,0.001373731680250879,0,r5
mondrian_stage,stage,4,cov_healthy,67061,270,0.9010495426030454,0.8943106235078985,0.9080006012362074,0.0035573851645146893,0,r5
mondrian_stage,stage,0,cov_failure,66445,436,0.8876146788990825,0.8574483082706766,0.9162729385298786,0.015047745179585122,0,r5
mondrian_stage,stage,1,cov_failure,64391,646,0.9086687306501547,0.8837849935460589,0.9297784744711638,0.011901966583725443,0,r5
mondrian_stage,stage,2,cov_failure,63812,931,0.9280343716433942,0.9122979449632146,0.9440355884221461,0.008106045530617565,0,r5
mondrian_stage,stage,3,cov_failure,65244,592,0.8445945945945946,0.8140309258547829,0.8729110607562668,0.014962633290280778,0,r5
mondrian_stage,stage,4,cov_failure,67061,270,0.05185185185185185,0.02775383141762452,0.098833913358424,0.01785594704108664,0,r5
mondrian_stage,stage,0,set_size,66445,436,1.6708706448942734,1.6671763300771774,1.6745957966910385,0.0019076675233240911,0,r5
mondrian_stage,stage,1,set_size,64391,646,1.683620381730366,1.6498567248787166,1.687162011374291,0.014689419192376119,0,r5
mondrian_stage,stage,2,set_size,63812,931,1.6990221274995299,1.6951014637168424,1.7027358509895127,0.001961250124300396,0,r5
mondrian_stage,stage,3,set_size,65244,592,1.3871467108086568,1.3788306231536176,1.3953808778136465,0.003931131139287355,0,r5
mondrian_stage,stage,4,set_size,67061,270,0.9070249474359166,0.8997219022410712,0.9177115479574595,0.004386030109966533,0,r5
mondrian_stage,stage,0,singleton,66445,436,0.32912935510572655,0.32540420330896164,0.3328236699228227,0.00190766752332409,0,r5
mondrian_stage,stage,1,singleton,64391,646,0.31637961826963396,0.31283798862570894,0.3501432751212834,0.01468941919237613,0,r5
mondrian_stage,stage,2,singleton,63812,931,0.30097787250047014,0.29726414901048726,0.3048985362831575,0.001961250124300394,0,r5
mondrian_stage,stage,3,singleton,65244,592,0.6128532891913433,0.6046191221863535,0.6211693768463825,0.003931131139287354,0,r5
mondrian_stage,stage,4,singleton,67061,270,0.9070249474359166,0.8997219022410712,0.9177115479574595,0.004386030109966533,0,r5
mondrian_stage,stage,0,doubleton,66445,436,0.6708706448942735,0.6671763300771774,0.6745957966910383,0.0019076675233240916,0,r5
mondrian_stage,stage,1,doubleton,64391,646,0.6836203817303661,0.6498567248787165,0.687162011374291,0.014689419192376115,0,r5
mondrian_stage,stage,2,doubleton,63812,931,0.6990221274995299,0.6951014637168424,0.7027358509895127,0.001961250124300394,0,r5
mondrian_stage,stage,3,doubleton,65244,592,0.38714671080865676,0.3788306231536175,0.3953808778136465,0.003931131139287354,0,r5
mondrian_stage,stage,4,doubleton,67061,270,0.0,0.0,0.0,0.0,0,r5
mondrian_stage,stage,0,empty,66445,436,0.0,0.0,0.0,0.0,0,r5
mondrian_stage,stage,1,empty,64391,646,0.0,0.0,0.0,0.0,0,r5
mondrian_stage,stage,2,empty,63812,931,0.0,0.0,0.0,0.0,0,r5
mondrian_stage,stage,3,empty,65244,592,0.0,0.0,0.0,0.0,0,r5
mondrian_stage,stage,4,empty,67061,270,0.09297505256408345,0.08228845204254047,0.10027809775892876,0.004386030109966532,0,r5
mondrian_stage,stage,0,alert_rate,66445,436,0.7518850176837987,0.7485959274254141,0.7552828625542638,0.001666637734539632,0,r5
mondrian_stage,stage,1,alert_rate,64391,646,0.7598732742153407,0.7553451192334621,0.7631280947888682,0.0019744909918429352,0,r5
mondrian_stage,stage,2,alert_rate,63812,931,0.7934401053093462,0.7898372702983034,0.7968960434486625,0.0018205388876118074,0,r5
mondrian_stage,stage,3,alert_rate,65244,592,0.4791091901170989,0.46920290501752,0.4881801616309267,0.004561390593597872,0,r5
mondrian_stage,stage,4,alert_rate,67061,270,0.006993632662799541,0.006076315281659609,0.011603684517219619,0.0014200319842261715,0,r5
mondrian_stage,vendor,A,coverage,95809,310,0.9342963604671795,0.9293559486678268,0.939212095932833,0.002489650086655891,0,r5
mondrian_stage,vendor,B,coverage,67438,428,0.9210534120228951,0.9130363868285685,0.9231406403511452,0.0031334879265124925,0,r5
mondrian_stage,vendor,C,coverage,163706,2137,0.8958743112653171,0.8860824844923296,0.8976091625429654,0.0042485134729626515,0,r5
mondrian_stage,vendor,A,cov_healthy,95809,310,0.9371511743578467,0.9321060044947281,0.9420270689504568,0.002457907410686818,0,r5
mondrian_stage,vendor,B,cov_healthy,67438,428,0.9215788688255484,0.9135571613961637,0.9236979368070399,0.0031565485010192655,0,r5
mondrian_stage,vendor,C,cov_healthy,163706,2137,0.8954935662162915,0.8855549158092455,0.8973005783960154,0.004306873150561472,0,r5
mondrian_stage,vendor,A,cov_failure,95809,310,0.054838709677419356,0.032465196673829765,0.09774166169656373,0.01638134202293405,0,r5
mondrian_stage,vendor,B,cov_failure,67438,428,0.8387850467289719,0.8038718023571972,0.8732454336725951,0.018074190809637618,0,r5
mondrian_stage,vendor,C,cov_failure,163706,2137,0.9246607393542349,0.9138162974476122,0.9356628334473325,0.00567751959743897,0,r5
mondrian_stage,vendor,A,set_size,95809,310,0.9640221691072863,0.9590073850142102,0.9713762005954147,0.0030366507271652587,0,r5
mondrian_stage,vendor,B,set_size,67438,428,1.613215101278211,1.6030474301106457,1.6175300969976458,0.003976921128628433,0,r5
mondrian_stage,vendor,C,set_size,163706,2137,1.6983128290960625,1.6872403409835879,1.7006167795606744,0.004589508370446243,0,r5
mondrian_stage,vendor,A,singleton,95809,310,0.9215209427089313,0.9163286787177871,0.9285616485137165,0.00311736019692758,0,r5
mondrian_stage,vendor,B,singleton,67438,428,0.364482932471307,0.36122296970027,0.37392485224304167,0.0037076496278508294,0,r5
mondrian_stage,vendor,C,singleton,163706,2137,0.30168717090393754,0.2993832204393258,0.31275965901641195,0.004589508370446239,0,r5
mondrian_stage,vendor,A,doubleton,95809,310,0.02125061319917753,0.019845694689652603,0.022792104893967657,0.0007729753573316499,0,r5
mondrian_stage,vendor,B,doubleton,67438,428,0.6243660844034521,0.6148643531934803,0.6279705235952374,0.0037676117310933713,0,r5
mondrian_stage,vendor,C,doubleton,163706,2137,0.6983128290960624,0.6872403409835881,0.7006167795606741,0.004589508370446233,0,r5
mondrian_stage,vendor,A,empty,95809,310,0.05722844409189116,0.04985718491164607,0.062328720687196165,0.002978607093097185,0,r5
mondrian_stage,vendor,B,empty,67438,428,0.011150983125240961,0.009695070382184244,0.012591666289513848,0.0007657581581964583,0,r5
mondrian_stage,vendor,C,empty,163706,2137,0.0,0.0,0.0,0.0,0,r5
mondrian_stage,vendor,A,alert_rate,95809,310,0.027638322078301622,0.025862604890154607,0.031415447211529196,0.0013767434888281018,0,r5
mondrian_stage,vendor,B,alert_rate,67438,428,0.6928882825706575,0.6893549157999652,0.6962081166982919,0.0017627871589935011,0,r5
mondrian_stage,vendor,C,alert_rate,163706,2137,0.8055416417235777,0.8032836019815922,0.807298313608638,0.0010341177683200614,0,r5
mondrian_stage,vendor_stage,A0,coverage,85,1,0.9882352941176471,0.9532673773364486,1.0,0.013832880768957695,0,r5
mondrian_stage,vendor_stage,A1,coverage,104,0,1.0,1.0,1.0,0.0,0,r5
mondrian_stage,vendor_stage,A2,coverage,1388,1,0.9805475504322767,0.9713500026893945,0.9884384680619692,0.004390185217503534,0,r5
mondrian_stage,vendor_stage,A3,coverage,28477,43,0.9861291568634336,0.9841296420517088,0.9879046052319516,0.0009544535447613525,0,r5
mondrian_stage,vendor_stage,A4,coverage,65755,265,0.9106988061744354,0.9036728900849351,0.917525159556608,0.0035276174981895016,0,r5
mondrian_stage,vendor_stage,B0,coverage,8307,30,0.9640062597809077,0.9595810224465301,0.9679714093711861,0.002229656613851786,0,r5
mondrian_stage,vendor_stage,B1,coverage,11450,142,0.954235807860262,0.9143649149475682,0.9579955145152188,0.017496532163190002,0,r5
mondrian_stage,vendor_stage,B2,coverage,20958,130,0.9576772592804657,0.9546630551661371,0.9605881660378724,0.0015674783104385446,0,r5
mondrian_stage,vendor_stage,B3,coverage,25417,121,0.8968800409174962,0.8931736541293205,0.9007746871967053,0.0019521648543230873,0,r5
mondrian_stage,vendor_stage,B4,coverage,1306,5,0.23966309341500766,0.21565621344989103,0.27063449353304997,0.01434645688550285,0,r5
mondrian_stage,vendor_stage,C0,coverage,58053,405,0.9143024477632509,0.9116268789384354,0.9170757860250033,0.0014312683128502768,0,r5
mondrian_stage,vendor_stage,C1,coverage,52837,504,0.9203399133183185,0.8913532301200331,0.9229705111809806,0.012844806186250772,0,r5
mondrian_stage,vendor_stage,C2,coverage,41466,800,0.880046302995225,0.8764990599275445,0.8836572162215786,0.0018160736850505897,0,r5
mondrian_stage,vendor_stage,C3,coverage,11350,428,0.7455506607929515,0.7381754242317137,0.7524001253626209,0.0037033767100553283,0,r5
mondrian_stage,vendor_stage,C4,coverage,0,0,NaN,NaN,NaN,NaN,1000,r5
mondrian_stage,vendor_stage,A0,cov_healthy,85,1,1.0,1.0,1.0,0.0,0,r5
mondrian_stage,vendor_stage,A1,cov_healthy,104,0,1.0,1.0,1.0,0.0,0,r5
mondrian_stage,vendor_stage,A2,cov_healthy,1388,1,0.9812545061283345,0.9722198025551684,0.9893550460943574,0.004359800661874626,0,r5
mondrian_stage,vendor_stage,A3,cov_healthy,28477,43,0.9874797777308856,0.9856132280805203,0.9892277149471724,0.0009301927511755157,0,r5
mondrian_stage,vendor_stage,A4,cov_healthy,65755,265,0.9141853718124905,0.9071484720326193,0.9209697072129204,0.0034881174489050956,0,r5
mondrian_stage,vendor_stage,B0,cov_healthy,8307,30,0.9649631509000846,0.9607478774155932,0.9688496351762904,0.002193694929772051,0,r5
mondrian_stage,vendor_stage,B1,cov_healthy,11450,142,0.955076052352317,0.9149017845423464,0.9587727364210032,0.01772103040856507,0,r5
mondrian_stage,vendor_stage,B2,cov_healthy,20958,130,0.9582773189936624,0.955335534341319,0.961239720822384,0.0015537877904097453,0,r5
mondrian_stage,vendor_stage,B3,cov_healthy,25417,121,0.8972564832384566,0.8934782784270351,0.9011961543111174,0.00195932363430849,0,r5
mondrian_stage,vendor_stage,B4,cov_healthy,1306,5,0.23981552651806304,0.21588318239539717,0.2718526205743927,0.014369705774045175,0,r5
mondrian_stage,vendor_stage,C0,cov_healthy,58053,405,0.9143769081321121,0.9117183936276678,0.9172698061185909,0.0014443183203183053,0,r5
mondrian_stage,vendor_stage,C1,cov_healthy,52837,504,0.920394397416544,0.8911492736692558,0.9230638913764736,0.012970462162674529,0,r5
mondrian_stage,vendor_stage,C2,cov_healthy,41466,800,0.8788668666699454,0.8752006816723086,0.8825305198609853,0.0018584019675385527,0,r5
mondrian_stage,vendor_stage,C3,cov_healthy,11350,428,0.7384178721845815,0.7309202132838838,0.7455194396604906,0.003800602480915037,0,r5
mondrian_stage,vendor_stage,C4,cov_healthy,0,0,NaN,NaN,NaN,NaN,1000,r5
mondrian_stage,vendor_stage,A0,cov_failure,85,1,0.0,0.0,0.0,0.0,377,r5
mondrian_stage,vendor_stage,A1,cov_failure,104,0,NaN,NaN,NaN,NaN,1000,r5
mondrian_stage,vendor_stage,A2,cov_failure,1388,1,0.0,0.0,0.0,0.0,347,r5
mondrian_stage,vendor_stage,A3,cov_failure,28477,43,0.09302325581395349,0.0196078431372549,0.1852067183462532,0.044071518627481696,0,r5
mondrian_stage,vendor_stage,A4,cov_failure,65755,265,0.04905660377358491,0.026507703438883215,0.09677731932983245,0.017779325415509396,0,r5
mondrian_stage,vendor_stage,B0,cov_failure,8307,30,0.7,0.5172413793103449,0.8529411764705882,0.08566359641501947,0,r5
mondrian_stage,vendor_stage,B1,cov_failure,11450,142,0.8873239436619719,0.8297872340425532,0.9366294222025063,0.02688575225034676,0,r5
mondrian_stage,vendor_stage,B2,cov_failure,20958,130,0.8615384615384616,0.7985027593126802,0.9225487540628385,0.030450845468159238,0,r5
mondrian_stage,vendor_stage,B3,cov_failure,25417,121,0.8181818181818182,0.7520661157024794,0.8859702610183996,0.03471978577476292,0,r5
mondrian_stage,vendor_stage,B4,cov_failure,1306,5,0.2,0.0,0.6666666666666666,0.20008616404384366,6,r5
mondrian_stage,vendor_stage,C0,cov_failure,58053,405,0.9037037037037037,0.873707637160801,0.9312825907539172,0.014589545223716596,0,r5
mondrian_stage,vendor_stage,C1,cov_failure,52837,504,0.9146825396825397,0.8870910720104268,0.9391147111332121,0.01321787105540516,0,r5
mondrian_stage,vendor_stage,C2,cov_failure,41466,800,0.94,0.9246977875370712,0.9571266824009695,0.008185413948559478,0,r5
mondrian_stage,vendor_stage,C3,cov_failure,11350,428,0.927570093457944,0.9010955056179775,0.9500029691211401,0.012584821519352146,0,r5
mondrian_stage,vendor_stage,C4,cov_failure,0,0,NaN,NaN,NaN,NaN,1000,r5
mondrian_stage,vendor_stage,A0,set_size,85,1,1.0470588235294118,1.0,1.1034811165845648,0.025257061563768838,0,r5
mondrian_stage,vendor_stage,A1,set_size,104,0,1.0961538461538463,1.0327824305060584,1.1714357864357865,0.03481955150714101,0,r5
mondrian_stage,vendor_stage,A2,set_size,1388,1,1.1087896253602305,1.0880338497767479,1.1286420568596125,0.01040408395573911,0,r5
mondrian_stage,vendor_stage,A3,set_size,28477,43,1.0657021455911788,1.0613915407606438,1.0700622854495982,0.00221217653408461,0,r5
mondrian_stage,vendor_stage,A4,set_size,65755,265,0.9166147061059995,0.9092820614922171,0.9270713225724276,0.0043111900367678,0,r5
mondrian_stage,vendor_stage,B0,set_size,8307,30,1.5795112555675936,1.5703689110587284,1.5894800514063725,0.005032734953988546,0,r5
mondrian_stage,vendor_stage,B1,set_size,11450,142,1.5901310043668122,1.5426839725967505,1.5980593805436212,0.019918061164708886,0,r5
mondrian_stage,vendor_stage,B2,set_size,20958,130,1.6832713045137895,1.6773216444967343,1.6889843686131656,0.0029843318360247297,0,r5
mondrian_stage,vendor_stage,B3,set_size,25417,121,1.6379588464413581,1.6324658262548581,1.6432858069249474,0.002829216443261085,0,r5
mondrian_stage,vendor_stage,B4,set_size,1306,5,0.4241960183767228,0.39580647717666945,0.45875489774378475,0.01623511433722234,0,r5
mondrian_stage,vendor_stage,C0,set_size,58053,405,1.6848569410710903,1.680944673970218,1.6887723157387342,0.002016970705861528,0,r5
mondrian_stage,vendor_stage,C1,set_size,52837,504,1.7050362435414577,1.6734906578137168,1.708834935892591,0.013727215987047322,0,r5
mondrian_stage,vendor_stage,C2,set_size,41466,800,1.7267399797424396,1.7220286622836565,1.7312342698328442,0.002352794758455217,0,r5
mondrian_stage,vendor_stage,C3,set_size,11350,428,1.6319823788546255,1.6232556698469873,1.6404390310189714,0.0044915539288334526,0,r5
mondrian_stage,vendor_stage,C4,set_size,0,0,NaN,NaN,NaN,NaN,1000,r5
mondrian_stage,vendor_stage,A0,singleton,85,1,0.9529411764705882,0.8965188834154352,1.0,0.025257061563768824,0,r5
mondrian_stage,vendor_stage,A1,singleton,104,0,0.9038461538461539,0.8285642135642136,0.9672175694939416,0.034819551507141035,0,r5
mondrian_stage,vendor_stage,A2,singleton,1388,1,0.8912103746397695,0.8713579431403875,0.9119661502232521,0.01040408395573912,0,r5
mondrian_stage,vendor_stage,A3,singleton,28477,43,0.9342978544088212,0.9299377145504019,0.9386084592393563,0.00221217653408461,0,r5
mondrian_stage,vendor_stage,A4,singleton,65755,265,0.9166147061059995,0.9092820614922171,0.9270713225724276,0.0043111900367678,0,r5
mondrian_stage,vendor_stage,B0,singleton,8307,30,0.4204887444324064,0.4105199485936275,0.42963108894127144,0.005032734953988551,0,r5
mondrian_stage,vendor_stage,B1,singleton,11450,142,0.4098689956331878,0.40194061945637893,0.4573160274032496,0.019918061164708893,0,r5
mondrian_stage,vendor_stage,B2,singleton,20958,130,0.3167286954862105,0.3110156313868345,0.3226783555032656,0.0029843318360247306,0,r5
mondrian_stage,vendor_stage,B3,singleton,25417,121,0.36204115355864186,0.3567141930750526,0.3675341737451418,0.002829216443261084,0,r5
mondrian_stage,vendor_stage,B4,singleton,1306,5,0.4241960183767228,0.39580647717666945,0.45875489774378475,0.01623511433722234,0,r5
mondrian_stage,vendor_stage,C0,singleton,58053,405,0.3151430589289098,0.3112276842612658,0.3190553260297821,0.0020169707058615254,0,r5
mondrian_stage,vendor_stage,C1,singleton,52837,504,0.29496375645854234,0.29116506410740894,0.3265093421862832,0.013727215987047339,0,r5
mondrian_stage,vendor_stage,C2,singleton,41466,800,0.2732600202575604,0.2687657301671559,0.2779713377163435,0.002352794758455221,0,r5
mondrian_stage,vendor_stage,C3,singleton,11350,428,0.36801762114537445,0.35956096898102863,0.37674433015301256,0.004491553928833453,0,r5
mondrian_stage,vendor_stage,C4,singleton,0,0,NaN,NaN,NaN,NaN,1000,r5
mondrian_stage,vendor_stage,A0,doubleton,85,1,0.047058823529411764,0.0,0.10348111658456483,0.025257061563768824,0,r5
mondrian_stage,vendor_stage,A1,doubleton,104,0,0.09615384615384616,0.032782430506058446,0.17143578643578644,0.03481955150714103,0,r5
mondrian_stage,vendor_stage,A2,doubleton,1388,1,0.10878962536023054,0.08803384977674789,0.12864205685961247,0.010404083955739113,0,r5
mondrian_stage,vendor_stage,A3,doubleton,28477,43,0.06570214559117885,0.061391540760643744,0.07006228544959815,0.0022121765340846096,0,r5
mondrian_stage,vendor_stage,A4,doubleton,65755,265,0.0,0.0,0.0,0.0,0,r5
mondrian_stage,vendor_stage,B0,doubleton,8307,30,0.5795112555675936,0.5703689110587286,0.5894800514063726,0.005032734953988551,0,r5
mondrian_stage,vendor_stage,B1,doubleton,11450,142,0.5901310043668122,0.5426839725967504,0.5980593805436211,0.019918061164708886,0,r5
mondrian_stage,vendor_stage,B2,doubleton,20958,130,0.6832713045137895,0.6773216444967344,0.6889843686131655,0.0029843318360247306,0,r5
mondrian_stage,vendor_stage,B3,doubleton,25417,121,0.6379588464413581,0.6324658262548581,0.6432858069249474,0.002829216443261082,0,r5
mondrian_stage,vendor_stage,B4,doubleton,1306,5,0.0,0.0,0.0,0.0,0,r5
mondrian_stage,vendor_stage,C0,doubleton,58053,405,0.6848569410710902,0.680944673970218,0.6887723157387341,0.0020169707058615267,0,r5
mondrian_stage,vendor_stage,C1,doubleton,52837,504,0.7050362435414577,0.6734906578137169,0.7088349358925912,0.013727215987047335,0,r5
mondrian_stage,vendor_stage,C2,doubleton,41466,800,0.7267399797424395,0.7220286622836565,0.7312342698328441,0.0023527947584552184,0,r5
mondrian_stage,vendor_stage,C3,doubleton,11350,428,0.6319823788546256,0.6232556698469874,0.6404390310189715,0.004491553928833452,0,r5
mondrian_stage,vendor_stage,C4,doubleton,0,0,NaN,NaN,NaN,NaN,1000,r5
mondrian_stage,vendor_stage,A0,empty,85,1,0.0,0.0,0.0,0.0,0,r5
mondrian_stage,vendor_stage,A1,empty,104,0,0.0,0.0,0.0,0.0,0,r5
mondrian_stage,vendor_stage,A2,empty,1388,1,0.0,0.0,0.0,0.0,0,r5
mondrian_stage,vendor_stage,A3,empty,28477,43,0.0,0.0,0.0,0.0,0,r5
mondrian_stage,vendor_stage,A4,empty,65755,265,0.08338529389400046,0.07292867742757238,0.09071793850778291,0.004311190036767805,0,r5
mondrian_stage,vendor_stage,B0,empty,8307,30,0.0,0.0,0.0,0.0,0,r5
mondrian_stage,vendor_stage,B1,empty,11450,142,0.0,0.0,0.0,0.0,0,r5
mondrian_stage,vendor_stage,B2,empty,20958,130,0.0,0.0,0.0,0.0,0,r5
mondrian_stage,vendor_stage,B3,empty,25417,121,0.0,0.0,0.0,0.0,0,r5
mondrian_stage,vendor_stage,B4,empty,1306,5,0.5758039816232772,0.5412451022562152,0.6041935228233305,0.016235114337222325,0,r5
mondrian_stage,vendor_stage,C0,empty,58053,405,0.0,0.0,0.0,0.0,0,r5
mondrian_stage,vendor_stage,C1,empty,52837,504,0.0,0.0,0.0,0.0,0,r5
mondrian_stage,vendor_stage,C2,empty,41466,800,0.0,0.0,0.0,0.0,0,r5
mondrian_stage,vendor_stage,C3,empty,11350,428,0.0,0.0,0.0,0.0,0,r5
mondrian_stage,vendor_stage,C4,empty,0,0,NaN,NaN,NaN,NaN,1000,r5
mondrian_stage,vendor_stage,A0,alert_rate,85,1,0.047058823529411764,0.0,0.10348111658456483,0.025257061563768824,0,r5
mondrian_stage,vendor_stage,A1,alert_rate,104,0,0.09615384615384616,0.032782430506058446,0.17143578643578644,0.03481955150714103,0,r5
mondrian_stage,vendor_stage,A2,alert_rate,1388,1,0.12752161383285301,0.10309278350515463,0.15207275244868915,0.012740644979603538,0,r5
mondrian_stage,vendor_stage,A3,alert_rate,28477,43,0.07827369456052252,0.07304355252809876,0.08344334011862262,0.002676866240430525,0,r5
mondrian_stage,vendor_stage,A4,alert_rate,65755,265,0.00346741692646947,0.0027135308741944113,0.008118308245173891,0.0014025887718454064,0,r5
mondrian_stage,vendor_stage,B0,alert_rate,8307,30,0.6150234741784038,0.6051334592935766,0.6252747848793736,0.00510496138980272,0,r5
mondrian_stage,vendor_stage,B1,alert_rate,11450,142,0.6386026200873363,0.6298874574143619,0.6460347947148783,0.00419674854458765,0,r5
mondrian_stage,vendor_stage,B2,alert_rate,20958,130,0.7257849031396125,0.7206494887953736,0.7311659624371907,0.0026593903270909097,0,r5
mondrian_stage,vendor_stage,B3,alert_rate,25417,121,0.7417869929574694,0.7368428212687692,0.746247196934983,0.0023608052270464664,0,r5
mondrian_stage,vendor_stage,B4,alert_rate,1306,5,0.18453292496171517,0.1633882431359626,0.205523585500063,0.01097954525103587,0,r5
mondrian_stage,vendor_stage,C0,alert_rate,58053,405,0.7725009904742218,0.7692081688000661,0.7756417176954346,0.001671899595704206,0,r5
mondrian_stage,vendor_stage,C1,alert_rate,52837,504,0.7874595453943259,0.7827832315510306,0.7908280483974622,0.0021233534608178267,0,r5
mondrian_stage,vendor_stage,C2,alert_rate,41466,800,0.8499252399556263,0.8466357232521043,0.853529087594885,0.0018394086600579858,0,r5
mondrian_stage,vendor_stage,C3,alert_rate,11350,428,0.8965638766519823,0.8907308825897,0.9028266385434799,0.0031164800109005435,0,r5
mondrian_stage,vendor_stage,C4,alert_rate,0,0,NaN,NaN,NaN,NaN,1000,r5
mondrian_both,all,all,coverage,326953,2875,0.912384960529495,0.9054313383714511,0.9140678139424643,0.002864131703521276,0,r5
mondrian_both,all,all,cov_healthy,326953,2875,0.9123451761612945,0.9053845693121824,0.9140492833531936,0.002888798312652393,0,r5
mondrian_both,all,all,cov_failure,326953,2875,0.9168695652173913,0.8976662729869276,0.9299485128475407,0.008230515241102394,0,r5
mondrian_both,all,all,set_size,326953,2875,1.6669368380164733,1.6301775258019056,1.6842260128300672,0.013638810863291639,0,r5
mondrian_both,all,all,singleton,326953,2875,0.3330631619835267,0.31577398716993266,0.36982247419809433,0.013638810863291648,0,r5
mondrian_both,all,all,doubleton,326953,2875,0.6669368380164733,0.6301775258019057,0.6842260128300673,0.013638810863291648,0,r5
mondrian_both,all,all,empty,326953,2875,0.0,0.0,0.0,0.0,0,r5
mondrian_both,all,all,alert_rate,326953,2875,0.7565154624670825,0.7230737063186871,0.7745156012320696,0.013350715936256589,0,r5
mondrian_both,stage,0,coverage,66445,436,0.9207765821356009,0.9183482237163023,0.923372999498447,0.0013136591134270362,0,r5
mondrian_both,stage,1,coverage,64391,646,0.926915252131509,0.8961830376008454,0.9290304449937005,0.01395168572565812,0,r5
mondrian_both,stage,2,coverage,63812,931,0.9074312041622266,0.9048502156843201,0.9099741637090338,0.001350548883025024,0,r5
mondrian_both,stage,3,coverage,65244,592,0.9100147139966893,0.9074194914928838,0.9127250342906132,0.0013715866808171081,0,r5
mondrian_both,stage,4,coverage,67061,270,0.8971384262089739,0.890479163816564,0.9048016090484137,0.0036247905312677214,0,r5
mondrian_both,stage,0,cov_healthy,66445,436,0.9208289778666545,0.9183874818669785,0.9234548816688166,0.001318482072836275,0,r5
mondrian_both,stage,1,cov_healthy,64391,646,0.9266766020864382,0.8958843759431215,0.9289078206047785,0.01408780398819416,0,r5
mondrian_both,stage,2,cov_healthy,63812,931,0.9074283169796918,0.9047165917437995,0.9100793456574836,0.0013647313040540765,0,r5
mondrian_both,stage,3,cov_healthy,65244,592,0.9101033224030193,0.9074583874933946,0.9129097668719115,0.001373731680250879,0,r5
mondrian_both,stage,4,cov_healthy,67061,270,0.8970819421778383,0.8903509128036226,0.904669990347272,0.0036371280743393184,0,r5
mondrian_both,stage,0,cov_failure,66445,436,0.9128440366972477,0.8681753859348199,0.9447099515970853,0.020482033826834643,0,r5
mondrian_both,stage,1,cov_failure,64391,646,0.9504643962848297,0.8859236139950166,0.9643442332664384,0.01957986210891361,0,r5
mondrian_both,stage,2,cov_failure,63812,931,0.907626208378088,0.8813592721628754,0.9379848091501989,0.01456951314123416,0,r5
mondrian_both,stage,3,cov_failure,65244,592,0.9003378378378378,0.8646057468374134,0.9361056717555929,0.018437090059244165,0,r5
mondrian_both,stage,4,cov_failure,67061,270,0.9111111111111111,0.8638290246320446,0.954357240900557,0.021746771384418644,0,r5
mondrian_both,stage,0,set_size,66445,436,1.726345097449018,1.6661103072244587,1.7629421758980712,0.02653589536585371,0,r5
mondrian_both,stage,1,set_size,64391,646,1.7832926961842495,1.6508313588132415,1.7873794029617251,0.040870672404713294,0,r5
mondrian_both,stage,2,set_size,63812,931,1.6761267473202532,1.6424688511755625,1.702708697797893,0.014501656765605376,0,r5
mondrian_both,stage,3,set_size,65244,592,1.4649622953834835,1.4079104058392613,1.5478435837367475,0.03537598888523776,0,r5
mondrian_both,stage,4,set_size,67061,270,1.6841084982329522,1.6050266985810726,1.7458637574711644,0.03200216633335613,0,r5
mondrian_both,stage,0,singleton,66445,436,0.273654902550982,0.23705782410192883,0.33388969277554126,0.02653589536585371,0,r5
mondrian_both,stage,1,singleton,64391,646,0.21670730381575065,0.21262059703827488,0.3491686411867586,0.0408706724047133,0,r5
mondrian_both,stage,2,singleton,63812,931,0.32387325267974676,0.297291302202107,0.35753114882443765,0.014501656765605376,0,r5
mondrian_both,stage,3,singleton,65244,592,0.5350377046165165,0.4521564162632526,0.5920895941607388,0.03537598888523773,0,r5
mondrian_both,stage,4,singleton,67061,270,0.3158915017670479,0.2541362425288357,0.3949733014189275,0.032002166333356126,0,r5
mondrian_both,stage,0,doubleton,66445,436,0.726345097449018,0.6661103072244586,0.7629421758980712,0.026535895365853688,0,r5
mondrian_both,stage,1,doubleton,64391,646,0.7832926961842493,0.6508313588132414,0.7873794029617251,0.04087067240471331,0,r5
mondrian_both,stage,2,doubleton,63812,931,0.6761267473202532,0.6424688511755623,0.702708697797893,0.014501656765605376,0,r5
mondrian_both,stage,3,doubleton,65244,592,0.46496229538348355,0.40791040583926125,0.5478435837367474,0.03537598888523775,0,r5
mondrian_both,stage,4,doubleton,67061,270,0.6841084982329521,0.6050266985810725,0.7458637574711643,0.032002166333356175,0,r5
mondrian_both,stage,0,empty,66445,436,0.0,0.0,0.0,0.0,0,r5
mondrian_both,stage,1,empty,64391,646,0.0,0.0,0.0,0.0,0,r5
mondrian_both,stage,2,empty,63812,931,0.0,0.0,0.0,0.0,0,r5
mondrian_both,stage,3,empty,65244,592,0.0,0.0,0.0,0.0,0,r5
mondrian_both,stage,4,empty,67061,270,0.0,0.0,0.0,0.0,0,r5
mondrian_both,stage,0,alert_rate,66445,436,0.8073594702385432,0.7471279607980403,0.8441617790266526,0.026486890324985024,0,r5
mondrian_both,stage,1,alert_rate,64391,646,0.8595455886692239,0.7334230774071442,0.8651301652493762,0.03796169787982762,0,r5
mondrian_both,stage,2,alert_rate,63812,931,0.7705447251300696,0.7366949993528034,0.7968281254665868,0.014496136457136459,0,r5
mondrian_both,stage,3,alert_rate,65244,592,0.5569247746919257,0.49897790107339735,0.6397913564942106,0.03540394753290718,0,r5
mondrian_both,stage,4,alert_rate,67061,270,0.7880437213879901,0.7083737965874085,0.8517638497141549,0.03194909529852049,0,r5
mondrian_both,vendor,A,coverage,95809,310,0.9340354246469539,0.9293588579489512,0.9392672520870491,0.00251585958638884,0,r5
mondrian_both,vendor,B,coverage,67438,428,0.9211423826329369,0.913057669540769,0.9232277229113452,0.0032212248548261968,0,r5
mondrian_both,vendor,C,coverage,163706,2137,0.8961064347061195,0.8860495152340488,0.8977321674805194,0.004342443631173482,0,r5
mondrian_both,vendor,A,cov_healthy,95809,310,0.9344809893297312,0.9297643272634476,0.9396928199946023,0.0025197642566120245,0,r5
mondrian_both,vendor,B,cov_healthy,67438,428,0.9214296373675571,0.913243796595264,0.9235440632007725,0.0032425846248008033,0,r5
mondrian_both,vendor,C,cov_healthy,163706,2137,0.8954935662162915,0.8854398001677696,0.8972330155824367,0.004396004950285443,0,r5
mondrian_both,vendor,A,cov_failure,95809,310,0.7967741935483871,0.7450582505729565,0.8489948714701786,0.02693817235384507,0,r5
mondrian_both,vendor,B,cov_failure,67438,428,0.8761682242990654,0.8329408916108816,0.9099121621621622,0.02002219941048709,0,r5
mondrian_both,vendor,C,cov_failure,163706,2137,0.9424426766495086,0.9222591120697918,0.9533463679914086,0.007911699137661172,0,r5
mondrian_both,vendor,A,set_size,95809,310,1.5103174023317225,1.4641964478790965,1.5676502396666183,0.0254891698248004,0,r5
mondrian_both,vendor,B,set_size,67438,428,1.6952015184317446,1.6456059087285604,1.7162847835629245,0.01801257811585973,0,r5
mondrian_both,vendor,C,set_size,163706,2137,1.7469549069673684,1.6970077429351054,1.7584379082162596,0.016168275830804466,0,r5
mondrian_both,vendor,A,singleton,95809,310,0.4896825976682775,0.4323497603333816,0.5358035521209035,0.0254891698248004,0,r5
mondrian_both,vendor,B,singleton,67438,428,0.3047984815682553,0.2837152164370754,0.35439409127143967,0.01801257811585971,0,r5
mondrian_both,vendor,C,singleton,163706,2137,0.2530450930326317,0.2415620917837405,0.3029922570648945,0.01616827583080446,0,r5
mondrian_both,vendor,A,doubleton,95809,310,0.5103174023317225,0.4641964478790966,0.5676502396666183,0.0254891698248004,0,r5
mondrian_both,vendor,B,doubleton,67438,428,0.6952015184317447,0.6456059087285604,0.7162847835629246,0.018012578115859705,0,r5
mondrian_both,vendor,C,doubleton,163706,2137,0.7469549069673683,0.6970077429351054,0.7584379082162596,0.016168275830804463,0,r5
mondrian_both,vendor,A,empty,95809,310,0.0,0.0,0.0,0.0,0,r5
mondrian_both,vendor,B,empty,67438,428,0.0,0.0,0.0,0.0,0,r5
mondrian_both,vendor,C,empty,163706,2137,0.0,0.0,0.0,0.0,0,r5
mondrian_both,vendor,A,alert_rate,95809,310,0.5766055381018484,0.5323029097964517,0.6328056150538466,0.02547086593220167,0,r5
mondrian_both,vendor,B,alert_rate,67438,428,0.7750229840742608,0.7282215666670864,0.7977035564763842,0.017698220889420305,0,r5
mondrian_both,vendor,C,alert_rate,163706,2137,0.8541837195948835,0.8074064084955755,0.8687345238616246,0.015493751480250607,0,r5
mondrian_both,vendor_stage,A0,coverage,85,1,0.9882352941176471,0.9532673773364486,1.0,0.013832880768957695,0,r5
mondrian_both,vendor_stage,A1,coverage,104,0,1.0,1.0,1.0,0.0,0,r5
mondrian_both,vendor_stage,A2,coverage,1388,1,0.9805475504322767,0.9713500026893945,0.9884384680619692,0.004390185217503534,0,r5
mondrian_both,vendor_stage,A3,coverage,28477,43,0.9861993889805808,0.9842759238110007,0.9880114542236172,0.000956047079385413,0,r5
mondrian_both,vendor_stage,A4,coverage,65755,265,0.9102881910120904,0.9036212413553241,0.9175898571675052,0.003566401491601633,0,r5
mondrian_both,vendor_stage,B0,coverage,8307,30,0.9642470205850487,0.9598372313972608,0.9683224845585838,0.0022297882629406015,0,r5
mondrian_both,vendor_stage,B1,coverage,11450,142,0.9549344978165939,0.9147476490852318,0.9585185606631254,0.017945351071903533,0,r5
mondrian_both,vendor_stage,B2,coverage,20958,130,0.9573909724210325,0.9545354944406778,0.9604549514061423,0.001580808748211578,0,r5
mondrian_both,vendor_stage,B3,coverage,25417,121,0.8971947908879884,0.8934870445709906,0.9011060241924423,0.001952627570513727,0,r5
mondrian_both,vendor_stage,B4,coverage,1306,5,0.23506891271056662,0.21157884855559272,0.2655017628728108,0.013809549117003996,0,r5
mondrian_both,vendor_stage,C0,coverage,58053,405,0.9144574785110158,0.9117394547788156,0.9172651898120546,0.0014389224012095808,0,r5
mondrian_both,vendor_stage,C1,coverage,52837,504,0.920699509813199,0.8914541427809469,0.9231908460481025,0.01315380084393856,0,r5
mondrian_both,vendor_stage,C2,coverage,41466,800,0.8797327931317224,0.8761269482596119,0.8832242435818743,0.0018247762756774296,0,r5
mondrian_both,vendor_stage,C3,coverage,11350,428,0.7475770925110132,0.7401173584192289,0.7545617592936348,0.0037464148198922825,0,r5
mondrian_both,vendor_stage,C4,coverage,0,0,NaN,NaN,NaN,NaN,1000,r5
mondrian_both,vendor_stage,A0,cov_healthy,85,1,1.0,1.0,1.0,0.0,0,r5
mondrian_both,vendor_stage,A1,cov_healthy,104,0,1.0,1.0,1.0,0.0,0,r5
mondrian_both,vendor_stage,A2,cov_healthy,1388,1,0.9812545061283345,0.9722198025551684,0.9893550460943574,0.004359800661874626,0,r5
mondrian_both,vendor_stage,A3,cov_healthy,28477,43,0.9874797777308856,0.9856132280805203,0.9892277149471724,0.0009301927511755157,0,r5
mondrian_both,vendor_stage,A4,cov_healthy,65755,265,0.9102916475797832,0.903617486826183,0.917672354068507,0.0035790326391870403,0,r5
mondrian_both,vendor_stage,B0,cov_healthy,8307,30,0.9649631509000846,0.9607478774155932,0.9688496351762904,0.002193694929772051,0,r5
mondrian_both,vendor_stage,B1,cov_healthy,11450,142,0.955076052352317,0.9146048643072101,0.9587334215715223,0.01816941344688389,0,r5
mondrian_both,vendor_stage,B2,cov_healthy,20958,130,0.9582773189936624,0.955335534341319,0.961239720822384,0.0015537877904097453,0,r5
mondrian_both,vendor_stage,B3,cov_healthy,25417,121,0.8972564832384566,0.8934782784270351,0.9011961543111174,0.00195932363430849,0,r5
mondrian_both,vendor_stage,B4,cov_healthy,1306,5,0.2321291314373559,0.2091931732278886,0.2628366263491348,0.013854508095933705,0,r5
mondrian_both,vendor_stage,C0,cov_healthy,58053,405,0.9143769081321121,0.9117183936276678,0.9172698061185909,0.0014443183203183053,0,r5
mondrian_both,vendor_stage,C1,cov_healthy,52837,504,0.920394397416544,0.8910170309556307,0.9230392875999341,0.01327499435584375,0,r5
mondrian_both,vendor_stage,C2,cov_healthy,41466,800,0.8788668666699454,0.8752006816723086,0.8825305198609853,0.0018584019675385527,0,r5
mondrian_both,vendor_stage,C3,cov_healthy,11350,428,0.7384178721845815,0.7309202132838838,0.7455194396604906,0.003800602480915037,0,r5
mondrian_both,vendor_stage,C4,cov_healthy,0,0,NaN,NaN,NaN,NaN,1000,r5
mondrian_both,vendor_stage,A0,cov_failure,85,1,0.0,0.0,0.0,0.0,377,r5
mondrian_both,vendor_stage,A1,cov_failure,104,0,NaN,NaN,NaN,NaN,1000,r5
mondrian_both,vendor_stage,A2,cov_failure,1388,1,0.0,0.0,0.0,0.0,347,r5
mondrian_both,vendor_stage,A3,cov_failure,28477,43,0.13953488372093023,0.03223286290322581,0.357256838905775,0.08011612654922341,0,r5
mondrian_both,vendor_stage,A4,cov_failure,65755,265,0.909433962264151,0.8604515428468011,0.9531989114299851,0.022153332839642978,0,r5
mondrian_both,vendor_stage,B0,cov_failure,8307,30,0.7666666666666667,0.5833333333333334,0.9259259259259259,0.08635632763660712,0,r5
mondrian_both,vendor_stage,B1,cov_failure,11450,142,0.9436619718309859,0.839103803997421,0.9761904761904762,0.03297859916839829,0,r5
mondrian_both,vendor_stage,B2,cov_failure,20958,130,0.8153846153846154,0.7499143835616439,0.9000190839694656,0.038612893082097643,0,r5
mondrian_both,vendor_stage,B3,cov_failure,25417,121,0.8842975206611571,0.8061792549907388,0.9565403195837978,0.03712426136677135,0,r5
mondrian_both,vendor_stage,B4,cov_failure,1306,5,1.0,1.0,1.0,0.0,6,r5
mondrian_both,vendor_stage,C0,cov_failure,58053,405,0.9259259259259259,0.8827925700103807,0.9539327607875995,0.018966805666029044,0,r5
mondrian_both,vendor_stage,C1,cov_failure,52837,504,0.9523809523809523,0.8968646678082561,0.9684477714679056,0.018423257022255612,0,r5
mondrian_both,vendor_stage,C2,cov_failure,41466,800,0.92375,0.8975887649538081,0.9509784815584211,0.013529381489974278,0,r5
mondrian_both,vendor_stage,C3,cov_failure,11350,428,0.9813084112149533,0.9543245852402746,0.9975127456775528,0.011352283913840279,0,r5
mondrian_both,vendor_stage,C4,cov_failure,0,0,NaN,NaN,NaN,NaN,1000,r5
mondrian_both,vendor_stage,A0,set_size,85,1,1.0588235294117647,1.0,1.132377450980392,0.031791904846232476,0,r5
mondrian_both,vendor_stage,A1,set_size,104,0,1.0961538461538463,1.0326064863909508,1.171062030075188,0.034724929541573475,0,r5
mondrian_both,vendor_stage,A2,set_size,1388,1,1.0878962536023056,1.0554735561531567,1.1162164213583263,0.015362258140033877,0,r5
mondrian_both,vendor_stage,A3,set_size,28477,43,1.1105804684482214,1.0800460661640177,1.2350258157122258,0.04126901086753155,0,r5
mondrian_both,vendor_stage,A4,set_size,65755,265,1.6935898410767243,1.6126920275227061,1.7562225441286274,0.03256322686809104,0,r5
mondrian_both,vendor_stage,B0,set_size,8307,30,1.643914770675334,1.5741149458275117,1.6833397978373297,0.02915397422146146,0,r5
mondrian_both,vendor_stage,B1,set_size,11450,142,1.7051528384279475,1.5498688507105534,1.7115436060639948,0.047815544236651686,0,r5
mondrian_both,vendor_stage,B2,set_size,20958,130,1.6628972230174635,1.6193015307421135,1.687179837640933,0.017771582235278523,0,r5
mondrian_both,vendor_stage,B3,set_size,25417,121,1.7592162725734743,1.6683638958182443,1.8188853908918046,0.0393840106250712,0,r5
mondrian_both,vendor_stage,B4,set_size,1306,5,1.206738131699847,1.182435582735038,1.2372631785228718,0.013910649586886212,0,r5
mondrian_both,vendor_stage,C0,set_size,58053,405,1.739117702788831,1.679643357014351,1.7753590791778546,0.026263579377038933,0,r5
mondrian_both,vendor_stage,C1,set_size,52837,504,1.8015784393512122,1.6729864642037662,1.8056393836476108,0.03953279423166371,0,r5
mondrian_both,vendor_stage,C2,set_size,41466,800,1.7025032556793518,1.673709232811275,1.7299202370927067,0.013211738452980133,0,r5
mondrian_both,vendor_stage,C3,set_size,11350,428,1.6951541850220264,1.6519770014562767,1.7215841812671884,0.02085456876709512,0,r5
mondrian_both,vendor_stage,C4,set_size,0,0,NaN,NaN,NaN,NaN,1000,r5
mondrian_both,vendor_stage,A0,singleton,85,1,0.9411764705882353,0.8676225490196079,1.0,0.031791904846232476,0,r5
mondrian_both,vendor_stage,A1,singleton,104,0,0.9038461538461539,0.8289379699248121,0.9673935136090491,0.0347249295415735,0,r5
mondrian_both,vendor_stage,A2,singleton,1388,1,0.9121037463976945,0.8837835786416738,0.9445264438468435,0.015362258140033886,0,r5
mondrian_both,vendor_stage,A3,singleton,28477,43,0.8894195315517787,0.7649741842877742,0.9199539338359825,0.04126901086753157,0,r5
mondrian_both,vendor_stage,A4,singleton,65755,265,0.3064101589232758,0.2437774558713727,0.3873079724772939,0.03256322686809105,0,r5
mondrian_both,vendor_stage,B0,singleton,8307,30,0.35608522932466596,0.31666020216267043,0.4258850541724885,0.029153974221461453,0,r5
mondrian_both,vendor_stage,B1,singleton,11450,142,0.2948471615720524,0.28845639393600525,0.45013114928944675,0.0478155442366517,0,r5
mondrian_both,vendor_stage,B2,singleton,20958,130,0.3371027769825365,0.31282016235906707,0.38069846925788636,0.017771582235278513,0,r5
mondrian_both,vendor_stage,B3,singleton,25417,121,0.24078372742652554,0.1811146091081955,0.3316361041817559,0.039384010625071235,0,r5
mondrian_both,vendor_stage,B4,singleton,1306,5,0.7932618683001531,0.7627368214771283,0.8175644172649621,0.013910649586886209,0,r5
mondrian_both,vendor_stage,C0,singleton,58053,405,0.2608822972111691,0.22464092082214532,0.3203566429856492,0.02626357937703894,0,r5
mondrian_both,vendor_stage,C1,singleton,52837,504,0.19842156064878777,0.19436061635238921,0.32701353579623377,0.039532794231663726,0,r5
mondrian_both,vendor_stage,C2,singleton,41466,800,0.29749674432064827,0.2700797629072934,0.3262907671887249,0.013211738452980131,0,r5
mondrian_both,vendor_stage,C3,singleton,11350,428,0.3048458149779736,0.2784158187328117,0.3480229985437233,0.020854568767095117,0,r5
mondrian_both,vendor_stage,C4,singleton,0,0,NaN,NaN,NaN,NaN,1000,r5
mondrian_both,vendor_stage,A0,doubleton,85,1,0.058823529411764705,0.0,0.13237745098039214,0.03179190484623249,0,r5
mondrian_both,vendor_stage,A1,doubleton,104,0,0.09615384615384616,0.032606486390950866,0.17106203007518797,0.034724929541573475,0,r5
mondrian_both,vendor_stage,A2,doubleton,1388,1,0.08789625360230548,0.05547355615315662,0.11621642135832617,0.01536225814003388,0,r5
mondrian_both,vendor_stage,A3,doubleton,28477,43,0.11058046844822138,0.08004606616401759,0.23502581571222583,0.04126901086753155,0,r5
mondrian_both,vendor_stage,A4,doubleton,65755,265,0.6935898410767242,0.612692027522706,0.7562225441286273,0.03256322686809104,0,r5
mondrian_both,vendor_stage,B0,doubleton,8307,30,0.6439147706753341,0.5741149458275114,0.6833397978373296,0.029153974221461466,0,r5
mondrian_both,vendor_stage,B1,doubleton,11450,142,0.7051528384279476,0.5498688507105531,0.7115436060639947,0.04781554423665169,0,r5
mondrian_both,vendor_stage,B2,doubleton,20958,130,0.6628972230174635,0.6193015307421137,0.6871798376409329,0.017771582235278506,0,r5
mondrian_both,vendor_stage,B3,doubleton,25417,121,0.7592162725734745,0.6683638958182442,0.8188853908918045,0.039384010625071235,0,r5
mondrian_both,vendor_stage,B4,doubleton,1306,5,0.20673813169984687,0.18243558273503788,0.23726317852287168,0.013910649586886205,0,r5
mondrian_both,vendor_stage,C0,doubleton,58053,405,0.7391177027888309,0.6796433570143509,0.7753590791778546,0.026263579377038947,0,r5
mondrian_both,vendor_stage,C1,doubleton,52837,504,0.8015784393512122,0.6729864642037663,0.8056393836476108,0.039532794231663705,0,r5
mondrian_both,vendor_stage,C2,doubleton,41466,800,0.7025032556793518,0.673709232811275,0.7299202370927066,0.013211738452980133,0,r5
mondrian_both,vendor_stage,C3,doubleton,11350,428,0.6951541850220264,0.6519770014562766,0.7215841812671883,0.020854568767095124,0,r5
mondrian_both,vendor_stage,C4,doubleton,0,0,NaN,NaN,NaN,NaN,1000,r5
mondrian_both,vendor_stage,A0,empty,85,1,0.0,0.0,0.0,0.0,0,r5
mondrian_both,vendor_stage,A1,empty,104,0,0.0,0.0,0.0,0.0,0,r5
mondrian_both,vendor_stage,A2,empty,1388,1,0.0,0.0,0.0,0.0,0,r5
mondrian_both,vendor_stage,A3,empty,28477,43,0.0,0.0,0.0,0.0,0,r5
mondrian_both,vendor_stage,A4,empty,65755,265,0.0,0.0,0.0,0.0,0,r5
mondrian_both,vendor_stage,B0,empty,8307,30,0.0,0.0,0.0,0.0,0,r5
mondrian_both,vendor_stage,B1,empty,11450,142,0.0,0.0,0.0,0.0,0,r5
mondrian_both,vendor_stage,B2,empty,20958,130,0.0,0.0,0.0,0.0,0,r5
mondrian_both,vendor_stage,B3,empty,25417,121,0.0,0.0,0.0,0.0,0,r5
mondrian_both,vendor_stage,B4,empty,1306,5,0.0,0.0,0.0,0.0,0,r5
mondrian_both,vendor_stage,C0,empty,58053,405,0.0,0.0,0.0,0.0,0,r5
mondrian_both,vendor_stage,C1,empty,52837,504,0.0,0.0,0.0,0.0,0,r5
mondrian_both,vendor_stage,C2,empty,41466,800,0.0,0.0,0.0,0.0,0,r5
mondrian_both,vendor_stage,C3,empty,11350,428,0.0,0.0,0.0,0.0,0,r5
mondrian_both,vendor_stage,C4,empty,0,0,NaN,NaN,NaN,NaN,1000,r5
mondrian_both,vendor_stage,A0,alert_rate,85,1,0.058823529411764705,0.0,0.13237745098039214,0.03179190484623249,0,r5
mondrian_both,vendor_stage,A1,alert_rate,104,0,0.09615384615384616,0.032606486390950866,0.17106203007518797,0.034724929541573475,0,r5
mondrian_both,vendor_stage,A2,alert_rate,1388,1,0.10662824207492795,0.07161852128974192,0.13801119980715562,0.016896419355702096,0,r5
mondrian_both,vendor_stage,A3,alert_rate,28477,43,0.12315201741756505,0.09170788405784748,0.24864963567009646,0.041263867147132,0,r5
mondrian_both,vendor_stage,A4,alert_rate,65755,265,0.7843357919549844,0.7031897399376884,0.849256963773005,0.032508652055295996,0,r5
mondrian_both,vendor_stage,B0,alert_rate,8307,30,0.6794269892861442,0.6096491633530233,0.7192854768377543,0.029234785703034248,0,r5
mondrian_both,vendor_stage,B1,alert_rate,11450,142,0.7536244541484716,0.6045922705636186,0.7605135200715857,0.04343293434255399,0,r5
mondrian_both,vendor_stage,B2,alert_rate,20958,130,0.7054108216432866,0.662138153489162,0.7294704201862261,0.0176654062634554,0,r5
mondrian_both,vendor_stage,B3,alert_rate,25417,121,0.8630444190895857,0.7715391991566373,0.9219248880179846,0.03938974969921836,0,r5
mondrian_both,vendor_stage,B4,alert_rate,1306,5,0.9747320061255743,0.9635925908954525,0.9873922366439932,0.005851669639816,0,r5
mondrian_both,vendor_stage,C0,alert_rate,58053,405,0.8267617521919625,0.7676478429721277,0.8627715910238329,0.026191434798563357,0,r5
mondrian_both,vendor_stage,C1,alert_rate,52837,504,0.8840017412040805,0.7626112917741957,0.8900217256346623,0.03690292881965592,0,r5
mondrian_both,vendor_stage,C2,alert_rate,41466,800,0.8256885158925384,0.7970258343668201,0.8540777640664337,0.013182675524327588,0,r5
mondrian_both,vendor_stage,C3,alert_rate,11350,428,0.9597356828193833,0.9170269662367035,0.983486591169526,0.020300011918888004,0,r5
mondrian_both,vendor_stage,C4,alert_rate,0,0,NaN,NaN,NaN,NaN,1000,r5
