method,grouping,group,stat,n_windows,n_fail_windows,point,lo,hi,se,n_nan,tag
-,all,all,auc,97268,2872,0.6770182208749934,0.667952149903237,0.686590069158042,0.004867900993937385,0,r1
split,all,all,coverage,97268,2872,0.896307110252087,0.89231012315885,0.9006568749041672,0.0021304636845322906,0,r1
split,all,all,cov_healthy,97268,2872,0.8996885461248358,0.8956429524705591,0.9039753580572115,0.0021433105618432805,0,r1
split,all,all,cov_failure,97268,2872,0.7851671309192201,0.7705661520704084,0.8010507880910683,0.007631299961787908,0,r1
split,all,all,set_size,97268,2872,1.4602233005716165,1.4518946035188582,1.4702118012987364,0.004790323521384112,0,r1
split,all,all,singleton,97268,2872,0.5397766994283835,0.5297881987012636,0.5481053964811418,0.004790323521384105,0,r1
split,all,all,doubleton,97268,2872,0.4602233005716166,0.45189460351885824,0.4702118012987364,0.004790323521384108,0,r1
split,all,all,empty,97268,2872,0.0,0.0,0.0,0.0,0,r1
split,all,all,alert_rate,97268,2872,0.5663013529629477,0.5579702466257824,0.5753496176968085,0.004370410986484347,0,r1
split,stage,0,coverage,20058,321,0.8810948250074783,0.8743510360702147,0.8875794139003595,0.0033717821278421117,0,r1
split,stage,1,coverage,19423,507,0.9011481233589044,0.8953309003611122,0.907292252592911,0.0030313851096058393,0,r1
split,stage,2,coverage,19201,692,0.8937034529451591,0.8874914692723321,0.8994221594129949,0.0032194623841447258,0,r1
split,stage,3,coverage,18756,1034,0.8695350821070591,0.8619101390275341,0.8770046213642813,0.003939109230495969,0,r1
split,stage,4,coverage,19830,318,0.9347957639939486,0.9292643932085034,0.9404494697354489,0.0028252804485838687,0,r1
split,stage,0,cov_healthy,20058,321,0.8822516086537975,0.8755389660293891,0.8888220140375247,0.0034103311083819943,0,r1
split,stage,1,cov_healthy,19423,507,0.9022520617466695,0.8963492390772559,0.9084862412769712,0.003048695871656373,0,r1
split,stage,2,cov_healthy,19201,692,0.896266681074072,0.889755761074519,0.9019027489817832,0.003243427780003854,0,r1
split,stage,3,cov_healthy,18756,1034,0.8694278298160478,0.8612594767111104,0.8768017730255396,0.0040639166499555545,0,r1
split,stage,4,cov_healthy,19830,318,0.9455719557195572,0.9401501875832212,0.9512912463183324,0.0027768723928517014,0,r1
split,stage,0,cov_failure,20058,321,0.8099688473520249,0.7685061825148032,0.8507986439608956,0.02121254368718008,0,r1
split,stage,1,cov_failure,19423,507,0.8599605522682445,0.8283906882591093,0.8906301173580786,0.015776726265084594,0,r1
split,stage,2,cov_failure,19201,692,0.8251445086705202,0.7975206611570248,0.8537272498268152,0.014314696929505438,0,r1
split,stage,3,cov_failure,18756,1034,0.8713733075435203,0.8525819946646843,0.8933985988612259,0.010387363305925868,0,r1
split,stage,4,cov_failure,19830,318,0.27358490566037735,0.22382304007605677,0.32107919254658385,0.024278344878095905,0,r1
split,stage,0,set_size,20058,321,1.5556885033403132,1.5457802780765806,1.5661569031719516,0.005150526412913647,0,r1
split,stage,1,set_size,19423,507,1.579313185398754,1.570835608526402,1.589950001044796,0.0049153549222439065,0,r1
split,stage,2,set_size,19201,692,1.5992396229363055,1.590617233969286,1.6099709553711932,0.004915736749736793,0,r1
split,stage,3,set_size,18756,1034,1.505065045851994,1.4916650619698666,1.5204956958920446,0.007380843585765433,0,r1
split,stage,4,set_size,19830,318,1.069994957135653,1.063751650589273,1.0777312064069138,0.0035875449540984793,0,r1
split,stage,0,singleton,20058,321,0.4443114966596869,0.43384309682804845,0.45421972192341936,0.005150526412913644,0,r1
split,stage,1,singleton,19423,507,0.42068681460124596,0.4100499989552039,0.4291643914735981,0.004915354922243912,0,r1
split,stage,2,singleton,19201,692,0.4007603770636946,0.39002904462880694,0.4093827660307139,0.004915736749736793,0,r1
split,stage,3,singleton,18756,1034,0.494934954148006,0.4795043041079554,0.5083349380301334,0.007380843585765434,0,r1
split,stage,4,singleton,19830,318,0.9300050428643469,0.9222687935930862,0.9362483494107268,0.0035875449540984745,0,r1
split,stage,0,doubleton,20058,321,0.5556885033403131,0.5457802780765807,0.5661569031719516,0.005150526412913644,0,r1
split,stage,1,doubleton,19423,507,0.5793131853987541,0.5708356085264019,0.5899500010447961,0.0049153549222439126,0,r1
split,stage,2,doubleton,19201,692,0.5992396229363054,0.5906172339692861,0.6099709553711932,0.004915736749736794,0,r1
split,stage,3,doubleton,18756,1034,0.5050650458519941,0.4916650619698666,0.5204956958920445,0.0073808435857654325,0,r1
split,stage,4,doubleton,19830,318,0.06999495713565305,0.06375165058927322,0.07773120640691378,0.003587544954098478,0,r1
split,stage,0,empty,20058,321,0.0,0.0,0.0,0.0,0,r1
split,stage,1,empty,19423,507,0.0,0.0,0.0,0.0,0,r1
split,stage,2,empty,19201,692,0.0,0.0,0.0,0.0,0,r1
split,stage,3,empty,18756,1034,0.0,0.0,0.0,0.0,0,r1
split,stage,4,empty,19830,318,0.0,0.0,0.0,0.0,0,r1
split,stage,0,alert_rate,20058,321,0.6768371722006182,0.6699437195458765,0.6844361398690315,0.0037724477225622066,0,r1
split,stage,1,alert_rate,19423,507,0.6846007310920044,0.6769312372753828,0.6923038467454711,0.003894153075382924,0,r1
split,stage,2,alert_rate,19201,692,0.7085047653768033,0.7022679123380471,0.7167869631742397,0.0037432914942422727,0,r1
split,stage,3,alert_rate,18756,1034,0.6455534229046705,0.6336752987011799,0.6600252528519852,0.006669904625172188,0,r1
split,stage,4,alert_rate,19830,318,0.1259707513867877,0.11634740615431069,0.1370091560506651,0.005290466625428562,0,r1
split,vendor,A,coverage,21915,308,0.9523613963039015,0.9472370705951212,0.9571799727469715,0.002577885560366856,0,r1
split,vendor,B,coverage,17244,432,0.9103456274646253,0.9058512459531382,0.9176882089820271,0.0030050711347828552,0,r1
split,vendor,C,coverage,58109,2132,0.8710010497513294,0.8655308891687019,0.8760457503550133,0.0027236228731255764,0,r1
split,vendor,A,cov_healthy,21915,308,0.9626509927338363,0.9577246134721468,0.9673345337973752,0.002531249642958196,0,r1
split,vendor,B,cov_healthy,17244,432,0.9139900071377588,0.909432645037223,0.9213517636280096,0.0030412155606688624,0,r1
split,vendor,C,cov_healthy,58109,2132,0.8710899119281134,0.8654385143248364,0.8759631543184124,0.0027585347075258764,0,r1
split,vendor,A,cov_failure,21915,308,0.2305194805194805,0.1857921639171639,0.27676464140879037,0.022778255686370007,0,r1
split,vendor,B,cov_failure,17244,432,0.7685185185185185,0.7294018902525038,0.8072805139186295,0.019741347512984536,0,r1
split,vendor,C,cov_failure,58109,2132,0.8686679174484052,0.8556842659733817,0.8850578659845901,0.007432642580148047,0,r1
split,vendor,A,set_size,21915,308,1.0363221537759526,1.0322868066169155,1.0413867618728745,0.002318535130797515,0,r1
split,vendor,B,set_size,17244,432,1.5458710276038041,1.5376866759687833,1.5585231444319014,0.005297155576826145,0,r1
split,vendor,C,set_size,58109,2132,1.5946755235849868,1.5870633248930683,1.6044751263674257,0.004393750213245091,0,r1
split,vendor,A,singleton,21915,308,0.9636778462240475,0.9586132381271255,0.9677131933830845,0.0023185351307975135,0,r1
split,vendor,B,singleton,17244,432,0.45412897239619576,0.4414768555680985,0.4623133240312169,0.005297155576826153,0,r1
split,vendor,C,singleton,58109,2132,0.4053244764150132,0.39552487363257416,0.4129366751069316,0.00439375021324509,0,r1
split,vendor,A,doubleton,21915,308,0.03632215377595254,0.03228680661691562,0.041386761872874475,0.0023185351307975118,0,r1
split,vendor,B,doubleton,17244,432,0.5458710276038042,0.5376866759687832,0.5585231444319015,0.00529715557682615,0,r1
split,vendor,C,doubleton,58109,2132,0.5946755235849869,0.5870633248930683,0.604475126367426,0.004393750213245092,0,r1
split,vendor,A,empty,21915,308,0.0,0.0,0.0,0.0,0,r1
split,vendor,B,empty,17244,432,0.0,0.0,0.0,0.0,0,r1
split,vendor,C,empty,58109,2132,0.0,0.0,0.0,0.0,0,r1
split,vendor,A,alert_rate,21915,308,0.07515400410677618,0.06808468760958825,0.08338581725511107,0.003982819110955304,0,r1
split,vendor,B,alert_rate,17244,432,0.6369751797726746,0.6304021552130792,0.6447729888277952,0.003770422463586204,0,r1
split,vendor,C,alert_rate,58109,2132,0.7305580891083997,0.7264926443412415,0.7370889124474858,0.002616786989322861,0,r1
split,vendor_stage,A0,coverage,12,0,1.0,1.0,1.0,0.0,126,r1
split,vendor_stage,A1,coverage,11,0,1.0,1.0,1.0,0.0,126,r1
split,vendor_stage,A2,coverage,97,2,0.9484536082474226,0.8940723981900452,0.9868545969353764,0.023234537870243408,0,r1
split,vendor_stage,A3,coverage,3444,13,0.9700929152148664,0.9611236547441411,0.9789297262627361,0.004571606190866889,0,r1
split,vendor_stage,A4,coverage,18351,293,0.9489946051986268,0.9435965763403423,0.954239194978347,0.0027837876876971915,0,r1
split,vendor_stage,B0,coverage,1953,21,0.9308755760368663,0.9190089172513394,0.940489146712399,0.005554472538945743,0,r1
split,vendor_stage,B1,coverage,2918,119,0.9448252227553119,0.9372351490898185,0.9566067885513421,0.005067139791591425,0,r1
split,vendor_stage,B2,coverage,4190,97,0.9362768496420047,0.9278288405044895,0.9449473289552265,0.004255393730421414,0,r1
split,vendor_stage,B3,coverage,6705,171,0.9066368381804624,0.8986752070182694,0.9172189307984775,0.004959256267557745,0,r1
split,vendor_stage,B4,coverage,1478,24,0.7584573748308525,0.7394677914339556,0.7789174411356513,0.010232908016222063,0,r1
split,vendor_stage,C0,coverage,18093,300,0.8756425136793234,0.8685062732607503,0.8826621513207752,0.003652148808087059,0,r1
split,vendor_stage,C1,coverage,16494,388,0.8933551594519219,0.8867110117032873,0.8997058739538972,0.0033404965997635844,0,r1
split,vendor_stage,C2,coverage,14914,593,0.8813866166018506,0.8741625443808997,0.8887504031578151,0.0037150693955367016,0,r1
split,vendor_stage,C3,coverage,8607,850,0.8003950273033578,0.7883105861971151,0.8109313150379496,0.005770371311241882,0,r1
split,vendor_stage,C4,coverage,1,1,1.0,1.0,1.0,0.0,366,r1
split,vendor_stage,A0,cov_healthy,12,0,1.0,1.0,1.0,0.0,126,r1
split,vendor_stage,A1,cov_healthy,11,0,1.0,1.0,1.0,0.0,126,r1
split,vendor_stage,A2,cov_healthy,97,2,0.9578947368421052,0.9090909090909091,0.9905682419326397,0.021472290581908665,0,r1
split,vendor_stage,A3,cov_healthy,3444,13,0.9737685805887496,0.9647729239288981,0.9821814159086562,0.0044864993035793254,0,r1
split,vendor_stage,A4,cov_healthy,18351,293,0.9605161147413889,0.9552496682603778,0.9656402281670229,0.0027218308626884287,0,r1
split,vendor_stage,B0,cov_healthy,1953,21,0.9337474120082816,0.9218324171830667,0.9436017322154231,0.0055631159456947,0,r1
split,vendor_stage,B1,cov_healthy,2918,119,0.9467667023937121,0.9391533402910198,0.9586163309800665,0.005109642889842764,0,r1
split,vendor_stage,B2,cov_healthy,4190,97,0.9433178597605668,0.9353354004950352,0.9516186793057728,0.00405765234949096,0,r1
split,vendor_stage,B3,cov_healthy,6705,171,0.9100091827364555,0.9021155814147713,0.9206592797415312,0.0049711555154118075,0,r1
split,vendor_stage,B4,cov_healthy,1478,24,0.7599724896836314,0.7408644880868142,0.780380903950698,0.010328019076895121,0,r1
split,vendor_stage,C0,cov_healthy,18093,300,0.8765806777946383,0.8694537122736932,0.8834643796519112,0.003687161923747119,0,r1
split,vendor_stage,C1,cov_healthy,16494,388,0.8944492735626475,0.8875636245561666,0.9007861280663008,0.003356658340521319,0,r1
split,vendor_stage,C2,cov_healthy,14914,593,0.8824104461978912,0.8746130767026203,0.8895384327968535,0.0037868765461585028,0,r1
split,vendor_stage,C3,cov_healthy,8607,850,0.7890937217996649,0.7756289160566561,0.7997696075338958,0.0061330512250350935,0,r1
split,vendor_stage,C4,cov_healthy,1,1,NaN,NaN,NaN,NaN,1000,r1
split,vendor_stage,A0,cov_failure,12,0,NaN,NaN,NaN,NaN,1000,r1
split,vendor_stage,A1,cov_failure,11,0,NaN,NaN,NaN,NaN,1000,r1
split,vendor_stage,A2,cov_failure,97,2,0.5,0.0,1.0,0.3689944458062766,129,r1
split,vendor_stage,A3,cov_failure,3444,13,0.0,0.0,0.0,0.0,0,r1
split,vendor_stage,A4,cov_failure,18351,293,0.23890784982935154,0.1933141891891892,0.289391182941276,0.023837983167651188,0,r1
split,vendor_stage,B0,cov_failure,1953,21,0.6666666666666666,0.4444444444444444,0.8571428571428571,0.10679297388177085,0,r1
split,vendor_stage,B1,cov_failure,2918,119,0.8991596638655462,0.842094298245614,0.9494970715558951,0.027559301470008374,0,r1
split,vendor_stage,B2,cov_failure,4190,97,0.6391752577319587,0.5411470588235294,0.7378698566805363,0.0484956081424301,0,r1
split,vendor_stage,B3,cov_failure,6705,171,0.7777777777777778,0.7142857142857143,0.8414634146341463,0.03210779436652774,0,r1
split,vendor_stage,B4,cov_failure,1478,24,0.6666666666666666,0.464217032967033,0.8571428571428571,0.0994023961687922,0,r1
split,vendor_stage,C0,cov_failure,18093,300,0.82,0.7773874158751373,0.8604052938586837,0.021507192072512636,0,r1
split,vendor_stage,C1,cov_failure,16494,388,0.8479381443298969,0.8117001718556413,0.886717883578779,0.018820852586959837,0,r1
split,vendor_stage,C2,cov_failure,14914,593,0.8566610455311973,0.8295110304319675,0.8878072649943581,0.014663722800780354,0,r1
split,vendor_stage,C3,cov_failure,8607,850,0.9035294117647059,0.8856163717926457,0.9237204331561547,0.009965359632303659,0,r1
split,vendor_stage,C4,cov_failure,1,1,1.0,1.0,1.0,0.0,366,r1
split,vendor_stage,A0,set_size,12,0,1.0833333333333333,1.0,1.1111111111111112,0.04471557238342142,126,r1
split,vendor_stage,A1,set_size,11,0,1.0,1.0,1.0,0.0,126,r1
split,vendor_stage,A2,set_size,97,2,1.0824742268041236,1.036110529072813,1.1333707865168539,0.02643981756993525,0,r1
split,vendor_stage,A3,set_size,3444,13,1.0293263646922184,1.0231615852305507,1.037037847830317,0.003628577160746506,0,r1
split,vendor_stage,A4,set_size,18351,293,1.0373821590104082,1.0330730831219843,1.042585595796215,0.0024495294029089217,0,r1
split,vendor_stage,B0,set_size,1953,21,1.4080901177675371,1.3836537280660948,1.4294921798300386,0.011746776414620163,0,r1
split,vendor_stage,B1,set_size,2918,119,1.592871830020562,1.5741791526393527,1.6147303396286707,0.010262497159632776,0,r1
split,vendor_stage,B2,set_size,4190,97,1.5379474940334128,1.5240178836424503,1.5542260784117807,0.007753532805364237,0,r1
split,vendor_stage,B3,set_size,6705,171,1.5861297539149888,1.5729895201689559,1.6031241832369458,0.007875479310543863,0,r1
split,vendor_stage,B4,set_size,1478,24,1.4749661705006767,1.4499990733876946,1.5050506753305135,0.014121156179536694,0,r1
split,vendor_stage,C0,set_size,18093,300,1.5719338970872714,1.5618544001442314,1.583297915671733,0.005468239640578973,0,r1
split,vendor_stage,C1,set_size,16494,388,1.5773008366678791,1.568054470055477,1.5885152937767952,0.005105744269117028,0,r1
split,vendor_stage,C2,set_size,14914,593,1.6198203030709402,1.609959855326246,1.6309411077068894,0.0053896135537545645,0,r1
split,vendor_stage,C3,set_size,8607,850,1.6322760543743464,1.6170922227291669,1.647898326737236,0.007906648075151785,0,r1
split,vendor_stage,C4,set_size,1,1,1.0,1.0,1.0,0.0,366,r1
split,vendor_stage,A0,singleton,12,0,0.9166666666666666,0.8888888888888888,1.0,0.04471557238342142,126,r1
split,vendor_stage,A1,singleton,11,0,1.0,1.0,1.0,0.0,126,r1
split,vendor_stage,A2,singleton,97,2,0.9175257731958762,0.8666292134831461,0.963889470927187,0.02643981756993525,0,r1
split,vendor_stage,A3,singleton,3444,13,0.9706736353077816,0.9629621521696827,0.9768384147694493,0.0036285771607464973,0,r1
split,vendor_stage,A4,singleton,18351,293,0.9626178409895918,0.9574144042037853,0.9669269168780157,0.002449529402908924,0,r1
split,vendor_stage,B0,singleton,1953,21,0.5919098822324629,0.5705078201699615,0.6163462719339051,0.011746776414620174,0,r1
split,vendor_stage,B1,singleton,2918,119,0.40712816997943796,0.38526966037132904,0.42582084736064724,0.010262497159632759,0,r1
split,vendor_stage,B2,singleton,4190,97,0.4620525059665871,0.44577392158821944,0.4759821163575496,0.007753532805364237,0,r1
split,vendor_stage,B3,singleton,6705,171,0.41387024608501116,0.39687581676305406,0.42701047983104434,0.00787547931054386,0,r1
split,vendor_stage,B4,singleton,1478,24,0.5250338294993234,0.49494932466948655,0.5500009266123055,0.014121156179536696,0,r1
split,vendor_stage,C0,singleton,18093,300,0.4280661029127287,0.41670208432826705,0.4381455998557685,0.005468239640578966,0,r1
split,vendor_stage,C1,singleton,16494,388,0.42269916333212076,0.4114847062232048,0.43194552994452295,0.005105744269117028,0,r1
split,vendor_stage,C2,singleton,14914,593,0.38017969692905995,0.3690588922931106,0.39004014467375414,0.005389613553754564,0,r1
split,vendor_stage,C3,singleton,8607,850,0.3677239456256535,0.35210167326276404,0.3829077772708331,0.007906648075151792,0,r1
split,vendor_stage,C4,singleton,1,1,1.0,1.0,1.0,0.0,366,r1
split,vendor_stage,A0,doubleton,12,0,0.08333333333333333,0.0,0.1111111111111111,0.04471557238342153,126,r1
split,vendor_stage,A1,doubleton,11,0,0.0,0.0,0.0,0.0,126,r1
split,vendor_stage,A2,doubleton,97,2,0.08247422680412371,0.036110529072812994,0.13337078651685388,0.026439817569935256,0,r1
split,vendor_stage,A3,doubleton,3444,13,0.02932636469221835,0.023161585230550747,0.03703784783031718,0.0036285771607464986,0,r1
split,vendor_stage,A4,doubleton,18351,293,0.03738215901040815,0.03307308312198432,0.04258559579621474,0.002449529402908925,0,r1
split,vendor_stage,B0,doubleton,1953,21,0.4080901177675371,0.38365372806609477,0.42949217983003857,0.01174677641462017,0,r1
split,vendor_stage,B1,doubleton,2918,119,0.592871830020562,0.5741791526393528,0.614730339628671,0.010262497159632771,0,r1
split,vendor_stage,B2,doubleton,4190,97,0.5379474940334129,0.5240178836424504,0.5542260784117806,0.007753532805364241,0,r1
split,vendor_stage,B3,doubleton,6705,171,0.5861297539149888,0.5729895201689557,0.6031241832369459,0.007875479310543863,0,r1
split,vendor_stage,B4,doubleton,1478,24,0.4749661705006766,0.4499990733876946,0.5050506753305135,0.0141211561795367,0,r1
split,vendor_stage,C0,doubleton,18093,300,0.5719338970872713,0.5618544001442315,0.583297915671733,0.005468239640578973,0,r1
split,vendor_stage,C1,doubleton,16494,388,0.5773008366678792,0.568054470055477,0.5885152937767951,0.005105744269117032,0,r1
split,vendor_stage,C2,doubleton,14914,593,0.61982030307094,0.6099598553262459,0.6309411077068893,0.005389613553754566,0,r1
split,vendor_stage,C3,doubleton,8607,850,0.6322760543743464,0.6170922227291669,0.647898326737236,0.007906648075151788,0,r1
split,vendor_stage,C4,doubleton,1,1,0.0,0.0,0.0,0.0,366,r1
split,vendor_stage,A0,empty,12,0,0.0,0.0,0.0,0.0,126,r1
split,vendor_stage,A1,empty,11,0,0.0,0.0,0.0,0.0,126,r1
split,vendor_stage,A2,empty,97,2,0.0,0.0,0.0,0.0,0,r1
split,vendor_stage,A3,empty,3444,13,0.0,0.0,0.0,0.0,0,r1
split,vendor_stage,A4,empty,18351,293,0.0,0.0,0.0,0.0,0,r1
split,vendor_stage,B0,empty,1953,21,0.0,0.0,0.0,0.0,0,r1
split,vendor_stage,B1,empty,2918,119,0.0,0.0,0.0,0.0,0,r1
split,vendor_stage,B2,empty,4190,97,0.0,0.0,0.0,0.0,0,r1
split,vendor_stage,B3,empty,6705,171,0.0,0.0,0.0,0.0,0,r1
split,vendor_stage,B4,empty,1478,24,0.0,0.0,0.0,0.0,0,r1
split,vendor_stage,C0,empty,18093,300,0.0,0.0,0.0,0.0,0,r1
split,vendor_stage,C1,empty,16494,388,0.0,0.0,0.0,0.0,0,r1
split,vendor_stage,C2,empty,14914,593,0.0,0.0,0.0,0.0,0,r1
split,vendor_stage,C3,empty,8607,850,0.0,0.0,0.0,0.0,0,r1
split,vendor_stage,C4,empty,1,1,0.0,0.0,0.0,0.0,366,r1
split,vendor_stage,A0,alert_rate,12,0,0.08333333333333333,0.0,0.1111111111111111,0.04471557238342153,126,r1
split,vendor_stage,A1,alert_rate,11,0,0.0,0.0,0.0,0.0,126,r1
split,vendor_stage,A2,alert_rate,97,2,0.12371134020618557,0.06248389175257732,0.2022585788035226,0.03617699365706723,0,r1
split,vendor_stage,A3,alert_rate,3444,13,0.05545876887340302,0.04463564892397009,0.06862214568248556,0.006165469971008353,0,r1
split,vendor_stage,A4,alert_rate,18351,293,0.07863331698545038,0.07051764221038119,0.08691793227386696,0.004308724684774958,0,r1
split,vendor_stage,B0,alert_rate,1953,21,0.47516641065028165,0.45047330807314917,0.49818380526577244,0.012152983340999778,0,r1
split,vendor_stage,B1,alert_rate,2918,119,0.659698423577793,0.6418424034080281,0.676096709907821,0.008755896053676071,0,r1
split,vendor_stage,B2,alert_rate,4190,97,0.5978520286396182,0.5854280205984195,0.6130045635196716,0.007242212902627482,0,r1
split,vendor_stage,B3,alert_rate,6705,171,0.6818791946308724,0.6707349602601312,0.6942687062572747,0.00585331947683721,0,r1
split,vendor_stage,B4,alert_rate,1478,24,0.713125845737483,0.6912356015229042,0.7384430029020524,0.011604461807655815,0,r1
split,vendor_stage,C0,alert_rate,18093,300,0.6989996131100426,0.6916555075010332,0.7074872793146365,0.0038705968179746945,0,r1
split,vendor_stage,C1,alert_rate,16494,388,0.6894628349702923,0.6815801039352717,0.6981026413976074,0.004170497484742153,0,r1
split,vendor_stage,C2,alert_rate,14914,593,0.7433954673461177,0.736234337652801,0.7518055674369866,0.004028227124938172,0,r1
split,vendor_stage,C3,alert_rate,8607,850,0.8533751597536888,0.8461980965996059,0.8625965392962297,0.0043351793208009646,0,r1
split,vendor_stage,C4,alert_rate,1,1,1.0,1.0,1.0,0.0,366,r1
mondrian_class,all,all,coverage,97268,2872,0.897335197598388,0.894574034413429,0.9007216759300507,0.0015338505667768826,0,r1
mondrian_class,all,all,cov_healthy,97268,2872,0.8971990338573669,0.8944133779534992,0.9005248531390647,0.0015580010461938038,0,r1
mondrian_class,all,all,cov_failure,97268,2872,0.9018105849582173,0.8813225351785543,0.923480801059252,0.010773969626455077,0,r1
mondrian_class,all,all,set_size,97268,2872,1.6063556359748323,1.5850693677592895,1.6419479255762681,0.015554745961687464,0,r1
mondrian_class,all,all,singleton,97268,2872,0.39364436402516756,0.35805207442373205,0.41493063224071064,0.015554745961687448,0,r1
mondrian_class,all,all,doubleton,97268,2872,0.6063556359748324,0.5850693677592893,0.641947925576268,0.01555474596168745,0,r1
mondrian_class,all,all,empty,97268,2872,0.0,0.0,0.0,0.0,0,r1
mondrian_class,all,all,alert_rate,97268,2872,0.7149216597442118,0.6929987146420482,0.7510392722795896,0.015678935018632364,0,r1
mondrian_class,stage,0,coverage,20058,321,0.8804467045567853,0.8754784747898984,0.8866145169882881,0.0028749941770410967,0,r1
mondrian_class,stage,1,coverage,19423,507,0.9015600061782423,0.8963900394915401,0.9072891044621779,0.00277501517077678,0,r1
mondrian_class,stage,2,coverage,19201,692,0.8953700328107911,0.8900152056664435,0.9008139717235242,0.0027848482099732245,0,r1
mondrian_class,stage,3,coverage,18756,1034,0.8710279377265941,0.8648839963055045,0.8775012385986752,0.0030638668021226094,0,r1
mondrian_class,stage,4,coverage,19830,318,0.9370650529500757,0.9313616843574999,0.9426368979956741,0.0028051824480453207,0,r1
mondrian_class,stage,0,cov_healthy,20058,321,0.8792116329736028,0.8741620101341734,0.8854236830017184,0.0029216650683003666,0,r1
mondrian_class,stage,1,cov_healthy,19423,507,0.9000317191795305,0.894681825297088,0.9058063360647651,0.00284549218506591,0,r1
mondrian_class,stage,2,cov_healthy,19201,692,0.8934572370198282,0.887927373158687,0.8989451906423935,0.0028352987925227154,0,r1
mondrian_class,stage,3,cov_healthy,18756,1034,0.8652522288680736,0.8587885667968604,0.8720809322031775,0.0032214711593389323,0,r1
mondrian_class,stage,4,cov_healthy,19830,318,0.9452132021320213,0.9395578712973474,0.9505822469891512,0.0027687156409365726,0,r1
mondrian_class,stage,0,cov_failure,20058,321,0.956386292834891,0.9311323077529152,0.9795366132723112,0.012569295613651653,0,r1
mondrian_class,stage,1,cov_failure,19423,507,0.9585798816568047,0.9356708532695375,0.9792971356706535,0.011331081318794766,0,r1
mondrian_class,stage,2,cov_failure,19201,692,0.9465317919075145,0.9202174335347224,0.9856125429641939,0.01762527606974205,0,r1
mondrian_class,stage,3,cov_failure,18756,1034,0.9700193423597679,0.9545443774235244,0.9813907933398629,0.006804065419547374,0,r1
mondrian_class,stage,4,cov_failure,19830,318,0.4371069182389937,0.3537167294102107,0.4984523809523809,0.036294646382818804,0,r1
mondrian_class,stage,0,set_size,20058,321,1.7318276996709543,1.7105875049824082,1.745797548243022,0.009612210490299372,0,r1
mondrian_class,stage,1,set_size,19423,507,1.7508623796529887,1.7256087198950951,1.8010492855076954,0.020824503468911053,0,r1
mondrian_class,stage,2,set_size,19201,692,1.7557418884433103,1.7351710337458393,1.8215744253434363,0.02565987845452734,0,r1
mondrian_class,stage,3,set_size,18756,1034,1.6275858391981233,1.6096333715176494,1.6589090404100553,0.012890341181297154,0,r1
mondrian_class,stage,4,set_size,19830,318,1.1731719616742309,1.1457764513200708,1.1949320054286139,0.012356610207989073,0,r1
mondrian_class,stage,0,singleton,20058,321,0.26817230032904577,0.25420245175697803,0.28941249501759186,0.009612210490299356,0,r1
mondrian_class,stage,1,singleton,19423,507,0.24913762034701128,0.1989507144923045,0.2743912801049049,0.020824503468911047,0,r1
mondrian_class,stage,2,singleton,19201,692,0.24425811155668975,0.1784255746565638,0.26482896625416097,0.025659878454527326,0,r1
mondrian_class,stage,3,singleton,18756,1034,0.3724141608018767,0.3410909595899449,0.39036662848235054,0.012890341181297154,0,r1
mondrian_class,stage,4,singleton,19830,318,0.826828038325769,0.805067994571386,0.8542235486799293,0.012356610207989062,0,r1
mondrian_class,stage,0,doubleton,20058,321,0.7318276996709542,0.7105875049824081,0.745797548243022,0.00961221049029936,0,r1
mondrian_class,stage,1,doubleton,19423,507,0.7508623796529887,0.7256087198950952,0.8010492855076955,0.020824503468911043,0,r1
mondrian_class,stage,2,doubleton,19201,692,0.7557418884433103,0.735171033745839,0.8215744253434362,0.02565987845452733,0,r1
mondrian_class,stage,3,doubleton,18756,1034,0.6275858391981233,0.6096333715176494,0.6589090404100552,0.012890341181297154,0,r1
mondrian_class,stage,4,doubleton,19830,318,0.17317196167423096,0.14577645132007072,0.19493200542861397,0.01235661020798908,0,r1
mondrian_class,stage,0,empty,20058,321,0.0,0.0,0.0,0.0,0,r1
mondrian_class,stage,1,empty,19423,507,0.0,0.0,0.0,0.0,0,r1
mondrian_class,stage,2,empty,19201,692,0.0,0.0,0.0,0.0,0,r1
mondrian_class,stage,3,empty,18756,1034,0.0,0.0,0.0,0.0,0,r1
mondrian_class,stage,4,empty,19830,318,0.0,0.0,0.0,0.0,0,r1
mondrian_class,stage,0,alert_rate,20058,321,0.8559676936883039,0.8345872313203038,0.8682449743960516,0.009303422887193998,0,r1
mondrian_class,stage,1,alert_rate,19423,507,0.8584667662050147,0.832578620433706,0.9067810971967891,0.020596465956976572,0,r1
mondrian_class,stage,2,alert_rate,19201,692,0.8677673037862611,0.8467645806504546,0.9323974570679434,0.025661459094541702,0,r1
mondrian_class,stage,3,alert_rate,18756,1034,0.7721795692045212,0.7539430501307267,0.8028793991409717,0.013022913876249239,0,r1
mondrian_class,stage,4,alert_rate,19830,318,0.22950075642965204,0.2008506047842342,0.25388788470338813,0.013199334610306304,0,r1
mondrian_class,vendor,A,coverage,21915,308,0.9542322610084417,0.9491270653241768,0.9590608819698108,0.0025673727477436305,0,r1
mondrian_class,vendor,B,coverage,17244,432,0.9117374159127812,0.9076850843620313,0.9168822278236853,0.0022879944090641586,0,r1
mondrian_class,vendor,C,coverage,58109,2132,0.8716033660878694,0.8677142326203634,0.8761089594223914,0.00206454211591107,0,r1
mondrian_class,vendor,A,cov_healthy,21915,308,0.9621881797565603,0.9572891394685255,0.9668710047072706,0.002529242673525412,0,r1
mondrian_class,vendor,B,cov_healthy,17244,432,0.9122650487746847,0.9078620537071173,0.9172246426348661,0.002305758935396106,0,r1
mondrian_class,vendor,C,cov_healthy,58109,2132,0.867588473837469,0.8635746692167935,0.8723250580259769,0.00212673917250707,0,r1
mondrian_class,vendor,A,cov_failure,21915,308,0.3961038961038961,0.308606176709625,0.4594681498218476,0.03619241108229484,0,r1
mondrian_class,vendor,B,cov_failure,17244,432,0.8912037037037037,0.8605727974828375,0.9376385244636518,0.01953347809702687,0,r1
mondrian_class,vendor,C,cov_failure,58109,2132,0.9770168855534709,0.9617881610398802,0.990907215328851,0.007784687459569623,0,r1
mondrian_class,vendor,A,set_size,21915,308,1.135295459730778,1.1112023621457092,1.15309278349075,0.010995981985772658,0,r1
mondrian_class,vendor,B,set_size,17244,432,1.7137555091626073,1.6924468928012122,1.7590766311543509,0.019475862550358727,0,r1
mondrian_class,vendor,C,set_size,58109,2132,1.7521382229947169,1.7319767182756522,1.7896947927757856,0.0160709775360325,0,r1
mondrian_class,vendor,A,singleton,21915,308,0.8647045402692219,0.8469072165092499,0.8887976378542908,0.010995981985772656,0,r1
mondrian_class,vendor,B,singleton,17244,432,0.28624449083739273,0.24092336884564922,0.3075531071987879,0.01947586255035874,0,r1
mondrian_class,vendor,C,singleton,58109,2132,0.24786177700528317,0.21030520722421442,0.2680232817243478,0.016070977536032496,0,r1
mondrian_class,vendor,A,doubleton,21915,308,0.135295459730778,0.11120236214570926,0.15309278349075003,0.010995981985772665,0,r1
mondrian_class,vendor,B,doubleton,17244,432,0.7137555091626073,0.6924468928012121,0.7590766311543508,0.01947586255035873,0,r1
mondrian_class,vendor,C,doubleton,58109,2132,0.7521382229947168,0.7319767182756522,0.7896947927757857,0.0160709775360325,0,r1
mondrian_class,vendor,A,empty,21915,308,0.0,0.0,0.0,0.0,0,r1
mondrian_class,vendor,B,empty,17244,432,0.0,0.0,0.0,0.0,0,r1
mondrian_class,vendor,C,empty,58109,2132,0.0,0.0,0.0,0.0,0,r1
mondrian_class,vendor,A,alert_rate,21915,308,0.17458361852612367,0.1489648378464482,0.19447597286836316,0.011711714038003255,0,r1
mondrian_class,vendor,B,alert_rate,17244,432,0.8065993968916725,0.784783946310437,0.8509072650100367,0.019411637268312066,0,r1
mondrian_class,vendor,C,alert_rate,58109,2132,0.8914970142318746,0.8713221124380938,0.9273933579031828,0.015969650847843193,0,r1
mondrian_class,vendor_stage,A0,coverage,12,0,1.0,1.0,1.0,0.0,126,r1
mondrian_class,vendor_stage,A1,coverage,11,0,1.0,1.0,1.0,0.0,126,r1
mondrian_class,vendor_stage,A2,coverage,97,2,0.9381443298969072,0.8898827726809379,0.9818262987012987,0.023949709068276898,0,r1
mondrian_class,vendor_stage,A3,coverage,3444,13,0.9700929152148664,0.9612003922850605,0.9788614213918486,0.004559831781933454,0,r1
mondrian_class,vendor_stage,A4,coverage,18351,293,0.9512833088115089,0.9455674915049667,0.9565982761137176,0.002777204609773148,0,r1
mondrian_class,vendor_stage,B0,coverage,1953,21,0.9298515104966718,0.9193081676906226,0.9404671620178423,0.005513813474896842,0,r1
mondrian_class,vendor_stage,B1,coverage,2918,119,0.9455106237148732,0.9369819140315095,0.954444271727465,0.00441680912715977,0,r1
mondrian_class,vendor_stage,B2,coverage,4190,97,0.9393794749403341,0.931512499652111,0.9477237493142364,0.004083135494741487,0,r1
mondrian_class,vendor_stage,B3,coverage,6705,171,0.9078299776286354,0.9006756645482034,0.9160221135846051,0.0040795522217090055,0,r1
mondrian_class,vendor_stage,B4,coverage,1478,24,0.7604871447902571,0.7415167354066607,0.7800980872727569,0.010068180849756218,0,r1
mondrian_class,vendor_stage,C0,coverage,18093,300,0.8750345437462002,0.8694811652909035,0.8815535776540661,0.003147924155258928,0,r1
mondrian_class,vendor_stage,C1,coverage,16494,388,0.8937189280950649,0.887850955681434,0.9001897784904355,0.003177867253195659,0,r1
mondrian_class,vendor_stage,C2,coverage,14914,593,0.882727638460507,0.8765220646819182,0.8893298966607753,0.003263558673859925,0,r1
mondrian_class,vendor_stage,C3,coverage,8607,850,0.8027187173231091,0.7935511998783905,0.812587315289768,0.0048779197974527615,0,r1
mondrian_class,vendor_stage,C4,coverage,1,1,1.0,1.0,1.0,0.0,366,r1
mondrian_class,vendor_stage,A0,cov_healthy,12,0,1.0,1.0,1.0,0.0,126,r1
mondrian_class,vendor_stage,A1,cov_healthy,11,0,1.0,1.0,1.0,0.0,126,r1
mondrian_class,vendor_stage,A2,cov_healthy,97,2,0.9473684210526315,0.903214605734767,0.9883786997885835,0.022534569016016134,0,r1
mondrian_class,vendor_stage,A3,cov_healthy,3444,13,0.9731856601573885,0.9645499269643583,0.9818419491986585,0.004503203898231508,0,r1
mondrian_class,vendor_stage,A4,cov_healthy,18351,293,0.9601284749141654,0.954819194839469,0.9653643341242926,0.002725067450979138,0,r1
mondrian_class,vendor_stage,B0,cov_healthy,1953,21,0.9306418219461697,0.92001632052867,0.9414166458240448,0.00552565207483653,0,r1
mondrian_class,vendor_stage,B1,cov_healthy,2918,119,0.946052161486245,0.9374567827673193,0.9548981150548213,0.004421213916659788,0,r1
mondrian_class,vendor_stage,B2,cov_healthy,4190,97,0.9418519423405814,0.9338534007352941,0.9501691822828899,0.004068448838743616,0,r1
mondrian_class,vendor_stage,B3,cov_healthy,6705,171,0.9077134986225895,0.9004223216563978,0.916025383778795,0.004126151350518806,0,r1
mondrian_class,vendor_stage,B4,cov_healthy,1478,24,0.7599724896836314,0.7398833769869941,0.7789715399184738,0.01015253608168527,0,r1
mondrian_class,vendor_stage,C0,cov_healthy,18093,300,0.8735457764289327,0.8678680280403789,0.8801143009930296,0.0032020663473001946,0,r1
mondrian_class,vendor_stage,C1,cov_healthy,16494,388,0.8919657270582392,0.8859062641135141,0.8985514026295236,0.0032566535274690385,0,r1
mondrian_class,vendor_stage,C2,cov_healthy,14914,593,0.8792682075274073,0.8726359192549326,0.8858164605166376,0.0033541060847437445,0,r1
mondrian_class,vendor_stage,C3,cov_healthy,8607,850,0.7817455201753255,0.7718672678454541,0.7926984637554255,0.005280859260526232,0,r1
mondrian_class,vendor_stage,C4,cov_healthy,1,1,NaN,NaN,NaN,NaN,1000,r1
mondrian_class,vendor_stage,A0,cov_failure,12,0,NaN,NaN,NaN,NaN,1000,r1
mondrian_class,vendor_stage,A1,cov_failure,11,0,NaN,NaN,NaN,NaN,1000,r1
mondrian_class,vendor_stage,A2,cov_failure,97,2,0.5,0.0,1.0,0.3689944458062766,129,r1
mondrian_class,vendor_stage,A3,cov_failure,3444,13,0.15384615384615385,0.0,0.3752403846153844,0.10612946684636757,0,r1
mondrian_class,vendor_stage,A4,cov_failure,18351,293,0.4061433447098976,0.3174463447350771,0.47082088615539097,0.03700824242764781,0,r1
mondrian_class,vendor_stage,B0,cov_failure,1953,21,0.8571428571428571,0.6956521739130435,1.0,0.07686949780747422,0,r1
mondrian_class,vendor_stage,B1,cov_failure,2918,119,0.9327731092436975,0.8859649122807017,0.9724894619390033,0.02236638510901157,0,r1
mondrian_class,vendor_stage,B2,cov_failure,4190,97,0.8350515463917526,0.7550881261595547,0.9479166666666666,0.049612339793679246,0,r1
mondrian_class,vendor_stage,B3,cov_failure,6705,171,0.9122807017543859,0.8716568507009684,0.9588325330132053,0.022999542815421457,0,r1
mondrian_class,vendor_stage,B4,cov_failure,1478,24,0.7916666666666666,0.65,1.0,0.08537701675239417,0,r1
mondrian_class,vendor_stage,C0,cov_failure,18093,300,0.9633333333333334,0.939094387755102,0.9859673574179351,0.012205765381187794,0,r1
mondrian_class,vendor_stage,C1,cov_failure,16494,388,0.9664948453608248,0.94163974804167,0.9900503685048703,0.013143603182901377,0,r1
mondrian_class,vendor_stage,C2,cov_failure,14914,593,0.9662731871838112,0.9419316173221387,0.9951402716678243,0.014749728842301205,0,r1
mondrian_class,vendor_stage,C3,cov_failure,8607,850,0.9941176470588236,0.9805464715525393,0.9988009592326139,0.0045444451027604315,0,r1
mondrian_class,vendor_stage,C4,cov_failure,1,1,1.0,1.0,1.0,0.0,366,r1
mondrian_class,vendor_stage,A0,set_size,12,0,1.0833333333333333,1.0,1.2222222222222223,0.062181279078043813,126,r1
mondrian_class,vendor_stage,A1,set_size,11,0,1.1818181818181819,1.0,1.4,0.13992964032191987,126,r1
mondrian_class,vendor_stage,A2,set_size,97,2,1.2061855670103092,1.1278911205073996,1.278706605593057,0.03928069105582959,0,r1
mondrian_class,vendor_stage,A3,set_size,3444,13,1.1216608594657376,1.1028845100092541,1.1425078795194397,0.01042124519999445,0,r1
mondrian_class,vendor_stage,A4,set_size,18351,293,1.1374856956024195,1.1114287901596895,1.1564110035028665,0.01155630350805986,0,r1
mondrian_class,vendor_stage,B0,set_size,1953,21,1.6047107014848951,1.5635407285247593,1.64084476149937,0.02012607705513614,0,r1
mondrian_class,vendor_stage,B1,set_size,2918,119,1.7333790267306375,1.7056727960694154,1.7623773068451554,0.014827227859985217,0,r1
mondrian_class,vendor_stage,B2,set_size,4190,97,1.733890214797136,1.7034664009617015,1.795210986156774,0.025171902644384157,0,r1
mondrian_class,vendor_stage,B3,set_size,6705,171,1.7458612975391499,1.729053944969291,1.804137607077237,0.022137724915743923,0,r1
mondrian_class,vendor_stage,B4,set_size,1478,24,1.6163734776725305,1.5774893186583843,1.661151647759998,0.02231708807013385,0,r1
mondrian_class,vendor_stage,C0,set_size,18093,300,1.7459791079422982,1.725602618418302,1.7585718125032097,0.009077063367474764,0,r1
mondrian_class,vendor_stage,C1,set_size,16494,388,1.7543349096641203,1.727951012580186,1.809856818563046,0.022509907648764246,0,r1
mondrian_class,vendor_stage,C2,set_size,14914,593,1.765455276921014,1.746593262982195,1.8338221551006018,0.026107131734219635,0,r1
mondrian_class,vendor_stage,C3,set_size,8607,850,1.737887765772046,1.722761090669839,1.7530314230473705,0.007692570988080275,0,r1
mondrian_class,vendor_stage,C4,set_size,1,1,1.0,1.0,1.0,0.0,366,r1
mondrian_class,vendor_stage,A0,singleton,12,0,0.9166666666666666,0.7777777777777778,1.0,0.06218127907804391,126,r1
mondrian_class,vendor_stage,A1,singleton,11,0,0.8181818181818182,0.6,1.0,0.1399296403219197,126,r1
mondrian_class,vendor_stage,A2,singleton,97,2,0.7938144329896907,0.7212933944069432,0.8721088794926004,0.03928069105582964,0,r1
mondrian_class,vendor_stage,A3,singleton,3444,13,0.8783391405342624,0.8574921204805604,0.8971154899907456,0.010421245199994452,0,r1
mondrian_class,vendor_stage,A4,singleton,18351,293,0.8625143043975805,0.8435889964971335,0.8885712098403105,0.01155630350805986,0,r1
mondrian_class,vendor_stage,B0,singleton,1953,21,0.39528929851510497,0.3591552385006302,0.4364592714752406,0.02012607705513615,0,r1
mondrian_class,vendor_stage,B1,singleton,2918,119,0.26662097326936257,0.23762269315484463,0.29432720393058476,0.014827227859985222,0,r1
mondrian_class,vendor_stage,B2,singleton,4190,97,0.26610978520286394,0.20478901384322606,0.2965335990382986,0.025171902644384188,0,r1
mondrian_class,vendor_stage,B3,singleton,6705,171,0.25413870246085013,0.19586239292276308,0.27094605503070907,0.022137724915743926,0,r1
mondrian_class,vendor_stage,B4,singleton,1478,24,0.3836265223274696,0.338848352240002,0.4225106813416159,0.02231708807013385,0,r1
mondrian_class,vendor_stage,C0,singleton,18093,300,0.2540208920577019,0.24142818749679032,0.274397381581698,0.009077063367474767,0,r1
mondrian_class,vendor_stage,C1,singleton,16494,388,0.24566509033587972,0.19014318143695405,0.2720489874198139,0.022509907648764246,0,r1
mondrian_class,vendor_stage,C2,singleton,14914,593,0.2345447230789862,0.16617784489939827,0.253406737017805,0.026107131734219628,0,r1
mondrian_class,vendor_stage,C3,singleton,8607,850,0.262112234227954,0.24696857695262958,0.2772389093301608,0.0076925709880802644,0,r1
mondrian_class,vendor_stage,C4,singleton,1,1,1.0,1.0,1.0,0.0,366,r1
mondrian_class,vendor_stage,A0,doubleton,12,0,0.08333333333333333,0.0,0.2222222222222222,0.062181279078043446,126,r1
mondrian_class,vendor_stage,A1,doubleton,11,0,0.18181818181818182,0.0,0.4,0.13992964032192007,126,r1
mondrian_class,vendor_stage,A2,doubleton,97,2,0.20618556701030927,0.1278911205073996,0.2787066055930569,0.039280691055829604,0,r1
mondrian_class,vendor_stage,A3,doubleton,3444,13,0.12166085946573751,0.1028845100092543,0.14250787951943958,0.010421245199994444,0,r1
mondrian_class,vendor_stage,A4,doubleton,18351,293,0.1374856956024195,0.11142879015968953,0.15641100350286646,0.011556303508059874,0,r1
mondrian_class,vendor_stage,B0,doubleton,1953,21,0.604710701484895,0.5635407285247593,0.6408447614993699,0.02012607705513615,0,r1
mondrian_class,vendor_stage,B1,doubleton,2918,119,0.7333790267306374,0.7056727960694152,0.7623773068451554,0.014827227859985229,0,r1
mondrian_class,vendor_stage,B2,doubleton,4190,97,0.733890214797136,0.7034664009617013,0.795210986156774,0.025171902644384184,0,r1
mondrian_class,vendor_stage,B3,doubleton,6705,171,0.7458612975391499,0.7290539449692909,0.8041376070772369,0.022137724915743912,0,r1
mondrian_class,vendor_stage,B4,doubleton,1478,24,0.6163734776725305,0.5774893186583842,0.661151647759998,0.022317088070133845,0,r1
mondrian_class,vendor_stage,C0,doubleton,18093,300,0.7459791079422982,0.7256026184183021,0.7585718125032096,0.009077063367474762,0,r1
mondrian_class,vendor_stage,C1,doubleton,16494,388,0.7543349096641203,0.727951012580186,0.8098568185630459,0.02250990764876425,0,r1
mondrian_class,vendor_stage,C2,doubleton,14914,593,0.7654552769210138,0.7465932629821951,0.8338221551006018,0.026107131734219653,0,r1
mondrian_class,vendor_stage,C3,doubleton,8607,850,0.737887765772046,0.7227610906698392,0.7530314230473704,0.007692570988080263,0,r1
mondrian_class,vendor_stage,C4,doubleton,1,1,0.0,0.0,0.0,0.0,366,r1
mondrian_class,vendor_stage,A0,empty,12,0,0.0,0.0,0.0,0.0,126,r1
mondrian_class,vendor_stage,A1,empty,11,0,0.0,0.0,0.0,0.0,126,r1
mondrian_class,vendor_stage,A2,empty,97,2,0.0,0.0,0.0,0.0,0,r1
mondrian_class,vendor_stage,A3,empty,3444,13,0.0,0.0,0.0,0.0,0,r1
mondrian_class,vendor_stage,A4,empty,18351,293,0.0,0.0,0.0,0.0,0,r1
mondrian_class,vendor_stage,B0,empty,1953,21,0.0,0.0,0.0,0.0,0,r1
mondrian_class,vendor_stage,B1,empty,2918,119,0.0,0.0,0.0,0.0,0,r1
mondrian_class,vendor_stage,B2,empty,4190,97,0.0,0.0,0.0,0.0,0,r1
mondrian_class,vendor_stage,B3,empty,6705,171,0.0,0.0,0.0,0.0,0,r1
mondrian_class,vendor_stage,B4,empty,1478,24,0.0,0.0,0.0,0.0,0,r1
mondrian_class,vendor_stage,C0,empty,18093,300,0.0,0.0,0.0,0.0,0,r1
mondrian_class,vendor_stage,C1,empty,16494,388,0.0,0.0,0.0,0.0,0,r1
mondrian_class,vendor_stage,C2,empty,14914,593,0.0,0.0,0.0,0.0,0,r1
mondrian_class,vendor_stage,C3,empty,8607,850,0.0,0.0,0.0,0.0,0,r1
mondrian_class,vendor_stage,C4,empty,1,1,0.0,0.0,0.0,0.0,366,r1
mondrian_class,vendor_stage,A0,alert_rate,12,0,0.08333333333333333,0.0,0.2222222222222222,0.062181279078043446,126,r1
mondrian_class,vendor_stage,A1,alert_rate,11,0,0.18181818181818182,0.0,0.4,0.13992964032192007,126,r1
mondrian_class,vendor_stage,A2,alert_rate,97,2,0.25773195876288657,0.1602977099236641,0.351071017826337,0.05004464621849626,0,r1
mondrian_class,vendor_stage,A3,alert_rate,3444,13,0.1483739837398374,0.1250297460117572,0.1736370111685251,0.012143357565280182,0,r1
mondrian_class,vendor_stage,A4,alert_rate,18351,293,0.17911830417960875,0.15188543136425248,0.2004626740100754,0.012344790416346159,0,r1
mondrian_class,vendor_stage,B0,alert_rate,1953,21,0.6748591909882232,0.6316527802283091,0.7099285373692588,0.02033277403651277,0,r1
mondrian_class,vendor_stage,B1,alert_rate,2918,119,0.8012337217272104,0.7754403009820966,0.8273228040518914,0.014006495967895688,0,r1
mondrian_class,vendor_stage,B2,alert_rate,4190,97,0.7952267303102625,0.7669216458566342,0.855723478708679,0.025164611326931315,0,r1
mondrian_class,vendor_stage,B3,alert_rate,6705,171,0.8438478747203579,0.826725527135788,0.9009550379495272,0.022016376757650325,0,r1
mondrian_class,vendor_stage,B4,alert_rate,1478,24,0.854533152909337,0.8204367160371341,0.8925295205699102,0.020087858021514676,0,r1
mondrian_class,vendor_stage,C0,alert_rate,18093,300,0.8760294036367656,0.8556897222709801,0.8867206254802641,0.00862930805381011,0,r1
mondrian_class,vendor_stage,C1,alert_rate,16494,388,0.869043288468534,0.842953039234128,0.9222755051032625,0.022289560791810603,0,r1
mondrian_class,vendor_stage,C2,alert_rate,14914,593,0.892114791471101,0.8733850456494762,0.9584769043002718,0.026055804099151328,0,r1
mondrian_class,vendor_stage,C3,alert_rate,8607,850,0.9659579412106425,0.9534883720930233,0.9761044578205912,0.005909257364103526,0,r1
mondrian_class,vendor_stage,C4,alert_rate,1,1,1.0,1.0,1.0,0.0,366,r1
mondrian_stage,all,all,coverage,97268,2872,0.9012419295143316,0.8940914503768952,0.9048153828913339,0.0025858464525337172,0,r1
mondrian_stage,all,all,cov_healthy,97268,2872,0.9042650112292894,0.8969833860364387,0.907779063946973,0.0026151204130529272,0,r1
mondrian_stage,all,all,cov_failure,97268,2872,0.8018802228412256,0.7870451499335253,0.8177803294266709,0.007738370024488427,0,r1
mondrian_stage,all,all,set_size,97268,2872,1.4735370317062138,1.460801382425733,1.484605366678573,0.00619221396434615,0,r1
mondrian_stage,all,all,singleton,97268,2872,0.5258461158860057,0.5127735839337468,0.5371013840815339,0.0062097672394938255,0,r1
mondrian_stage,all,all,doubleton,97268,2872,0.473845457910104,0.46200019262769293,0.4850687793636137,0.005852125205540791,0,r1
mondrian_stage,all,all,empty,97268,2872,0.0003084262038902825,0.00019665943517709297,0.007678623813914605,0.0020506077277581357,0,r1
mondrian_stage,all,all,alert_rate,97268,2872,0.5746802648353004,0.5638801410512346,0.5846776233018384,0.00533408007891881,0,r1
mondrian_stage,stage,0,coverage,20058,321,0.892661282281384,0.8842404189560406,0.9003967835025172,0.00408089236548312,0,r1
mondrian_stage,stage,1,coverage,19423,507,0.901714462235494,0.8947070407670864,0.9098067548732633,0.0037559752241357277,0,r1
mondrian_stage,stage,2,coverage,19201,692,0.9016717879277121,0.8942802344927981,0.9096612292737545,0.003780799267012017,0,r1
mondrian_stage,stage,3,coverage,18756,1034,0.895660055448923,0.8868645575542785,0.9038479452783988,0.004156824536773525,0,r1
mondrian_stage,stage,4,coverage,19830,318,0.9143217347453354,0.88248008626471,0.9208561656333306,0.009616757215689322,0,r1
mondrian_stage,stage,0,cov_healthy,20058,321,0.8936008511931904,0.8853574067169332,0.9012755430470011,0.004002216503876987,0,r1
mondrian_stage,stage,1,cov_healthy,19423,507,0.902833580038063,0.8956385387670306,0.9110082269137189,0.00375431506119571,0,r1
mondrian_stage,stage,2,cov_healthy,19201,692,0.903830568912421,0.8967779786520381,0.9118845041335308,0.0037464279839537827,0,r1
mondrian_stage,stage,3,cov_healthy,18756,1034,0.8941993003047061,0.8857532918615318,0.9022244986788696,0.004184419013630815,0,r1
mondrian_stage,stage,4,cov_healthy,19830,318,0.9259942599425994,0.8939835917275216,0.9324913096604631,0.009687829219692908,0,r1
mondrian_stage,stage,0,cov_failure,20058,321,0.8348909657320872,0.7916544117647059,0.8857233273056058,0.023978660326811466,0,r1
mondrian_stage,stage,1,cov_failure,19423,507,0.8599605522682445,0.8279335634167385,0.8927836056349351,0.016093997562102176,0,r1
mondrian_stage,stage,2,cov_failure,19201,692,0.8439306358381503,0.8135293039356115,0.8704574941585627,0.01468955773583708,0,r1
mondrian_stage,stage,3,cov_failure,18756,1034,0.9206963249516441,0.901394078518274,0.9377483357603495,0.009361148618197406,0,r1
mondrian_stage,stage,4,cov_failure,19830,318,0.19811320754716982,0.15662188631827925,0.24081976039843855,0.021608120651474244,0,r1
mondrian_stage,stage,0,set_size,20058,321,1.5985143085053346,1.5666066578022526,1.6198700104806345,0.015042233737335736,0,r1
mondrian_stage,stage,1,set_size,19423,507,1.5799824949801782,1.5694061081971533,1.6039945403901492,0.008893369078062817,0,r1
mondrian_stage,stage,2,set_size,19201,692,1.6192385813238894,1.60502659277404,1.643604095806775,0.01031659450053739,0,r1
mondrian_stage,stage,3,set_size,18756,1034,1.5827468543399446,1.5624677144633645,1.5990122283692205,0.009105736630688784,0,r1
mondrian_stage,stage,4,set_size,19830,318,0.9984871406959153,0.9626808513524397,0.9990218638118652,0.010074608579103882,0,r1
mondrian_stage,stage,0,singleton,20058,321,0.40148569149466545,0.3801299895193655,0.43339334219774756,0.015042233737335736,0,r1
mondrian_stage,stage,1,singleton,19423,507,0.4200175050198219,0.3960054596098508,0.43059389180284674,0.008893369078062813,0,r1
mondrian_stage,stage,2,singleton,19201,692,0.38076141867611063,0.3563959041932249,0.39497340722596014,0.01031659450053738,0,r1
mondrian_stage,stage,3,singleton,18756,1034,0.41725314566005545,0.4009877716307796,0.4375322855366353,0.009105736630688777,0,r1
mondrian_stage,stage,4,singleton,19830,318,0.9984871406959153,0.9626808513524397,0.9990218638118652,0.010074608579103882,0,r1
mondrian_stage,stage,0,doubleton,20058,321,0.5985143085053345,0.5666066578022524,0.6198700104806346,0.015042233737335724,0,r1
mondrian_stage,stage,1,doubleton,19423,507,0.5799824949801782,0.5694061081971533,0.6039945403901491,0.008893369078062813,0,r1
mondrian_stage,stage,2,doubleton,19201,692,0.6192385813238894,0.6050265927740399,0.643604095806775,0.010316594500537382,0,r1
mondrian_stage,stage,3,doubleton,18756,1034,0.5827468543399446,0.5624677144633647,0.5990122283692204,0.009105736630688773,0,r1
mondrian_stage,stage,4,doubleton,19830,318,0.0,0.0,0.0,0.0,0,r1
mondrian_stage,stage,0,empty,20058,321,0.0,0.0,0.0,0.0,0,r1
mondrian_stage,stage,1,empty,19423,507,0.0,0.0,0.0,0.0,0,r1
mondrian_stage,stage,2,empty,19201,692,0.0,0.0,0.0,0.0,0,r1
mondrian_stage,stage,3,empty,18756,1034,0.0,0.0,0.0,0.0,0,r1
mondrian_stage,stage,4,empty,19830,318,0.0015128593040847202,0.00097813618813477,0.03731914864756033,0.010074608579103876,0,r1
mondrian_stage,stage,0,alert_rate,20058,321,0.7082959417688702,0.6830377094752841,0.7258106125121628,0.012292548345456901,0,r1
mondrian_stage,stage,1,alert_rate,19423,507,0.6846522164444215,0.676639566351243,0.7037473784719732,0.006566182743491378,0,r1
mondrian_stage,stage,2,alert_rate,19201,692,0.7207437112650383,0.710087343150265,0.7398720818695037,0.007696370684166039,0,r1
mondrian_stage,stage,3,alert_rate,18756,1034,0.6971635743228833,0.6806190519050973,0.7103751760071457,0.0073932000121781135,0,r1
mondrian_stage,stage,4,alert_rate,19830,318,0.07453353504790722,0.06700089143546012,0.08126563767783312,0.003640218475205684,0,r1
mondrian_stage,vendor,A,coverage,21915,308,0.9400866986082592,0.933620264844257,0.9456793819806708,0.00314671832269021,0,r1
mondrian_stage,vendor,B,coverage,17244,432,0.9188703317095801,0.885713949045122,0.9229902877285027,0.009627144663457618,0,r1
mondrian_stage,vendor,C,coverage,58109,2132,0.8813608907398166,0.8766727417752879,0.8866994049994851,0.002506124041256444,0,r1
mondrian_stage,vendor,A,cov_healthy,21915,308,0.9508029805155737,0.9443238427822143,0.9561850441367369,0.0030842044561911674,0,r1
mondrian_stage,vendor,B,cov_healthy,17244,432,0.9225553176302641,0.8887285058433063,0.9266290989534053,0.009857901754512765,0,r1
mondrian_stage,vendor,C,cov_healthy,58109,2132,0.8808081890776569,0.8760057949582326,0.8862412225892797,0.002530445090918696,0,r1
mondrian_stage,vendor,A,cov_failure,21915,308,0.18831168831168832,0.1469244557545137,0.23003654584319763,0.021465273849447335,0,r1
mondrian_stage,vendor,B,cov_failure,17244,432,0.7754629629629629,0.735091683988334,0.8136391352549889,0.020104708260720666,0,r1
mondrian_stage,vendor,C,cov_failure,58109,2132,0.8958724202626641,0.8827342738757565,0.9109064225006571,0.007230144064494293,0,r1
mondrian_stage,vendor,A,set_size,21915,308,1.009765001140771,1.0025579271514597,1.0121023506297735,0.0022540001730043694,0,r1
mondrian_stage,vendor,B,set_size,17244,432,1.5497564370215726,1.5168389348447946,1.562745296993756,0.011416138750121435,0,r1
mondrian_stage,vendor,C,set_size,58109,2132,1.6258238827031957,1.6126534065828948,1.6396300529257277,0.006859090365867603,0,r1
mondrian_stage,vendor,A,singleton,21915,308,0.98777093315081,0.9800274675016682,0.9905721857190684,0.0024384592044560233,0,r1
mondrian_stage,vendor,B,singleton,17244,432,0.4498956158663883,0.41352818838159094,0.4606748628519373,0.011679611027907492,0,r1
mondrian_stage,vendor,C,singleton,58109,2132,0.3741761172968043,0.36036994707427217,0.3873465934171052,0.006859090365867599,0,r1
mondrian_stage,vendor,A,doubleton,21915,308,0.010997033994980606,0.008212006672045124,0.013507270387285789,0.001381077324378187,0,r1
mondrian_stage,vendor,B,doubleton,17244,432,0.5499304105775922,0.5380511661449029,0.5629344960415831,0.006462904989289613,0,r1
mondrian_stage,vendor,C,doubleton,58109,2132,0.6258238827031957,0.6126534065828949,0.6396300529257278,0.006859090365867602,0,r1
mondrian_stage,vendor,A,empty,21915,308,0.0012320328542094457,0.0007763776142555217,0.009096773529774883,0.0018989274498880688,0,r1
mondrian_stage,vendor,B,empty,17244,432,0.00017397355601948505,0.0,0.03246495164394776,0.00957087393930339,0,r1
mondrian_stage,vendor,C,empty,58109,2132,0.0,0.0,0.0,0.0,0,r1
mondrian_stage,vendor,A,alert_rate,21915,308,0.06091718001368925,0.05381843180774024,0.06719326502404532,0.0035237045244469124,0,r1
mondrian_stage,vendor,B,alert_rate,17244,432,0.6322778937601484,0.6230334912914514,0.6437185632204896,0.005375455971269805,0,r1
mondrian_stage,vendor,C,alert_rate,58109,2132,0.7513466072381214,0.7410843558488782,0.7613461972211668,0.005307889030395063,0,r1
mondrian_stage,vendor_stage,A0,coverage,12,0,1.0,1.0,1.0,0.0,126,r1
mondrian_stage,vendor_stage,A1,coverage,11,0,1.0,1.0,1.0,0.0,126,r1
mondrian_stage,vendor_stage,A2,coverage,97,2,0.9484536082474226,0.902427068388331,0.9882352941176471,0.02195445989767574,0,r1
mondrian_stage,vendor_stage,A3,coverage,3444,13,0.9825783972125436,0.9739028664930564,0.9888985865682556,0.0036294165892389787,0,r1
mondrian_stage,vendor_stage,A4,coverage,18351,293,0.9319928069315023,0.9248044461240505,0.9384106488937457,0.00359355747915464,0,r1
mondrian_stage,vendor_stage,B0,coverage,1953,21,0.9431643625192012,0.926753611610859,0.9540043396596919,0.007181382731040832,0,r1
mondrian_stage,vendor_stage,B1,coverage,2918,119,0.9485949280328992,0.9372407992153766,0.9591283400787501,0.005591892312605123,0,r1
mondrian_stage,vendor_stage,B2,coverage,4190,97,0.9436754176610979,0.9345812298018719,0.95204778741123,0.004329779390089917,0,r1
mondrian_stage,vendor_stage,B3,coverage,6705,171,0.9327367636092468,0.9227177668666002,0.9404696908385077,0.004407184314073395,0,r1
mondrian_stage,vendor_stage,B4,coverage,1478,24,0.6948579161028416,0.33688514609735093,0.7148703333580082,0.10886862775010966,0,r1
mondrian_stage,vendor_stage,C0,coverage,18093,300,0.8871386724147461,0.8792206870861689,0.8957022935057364,0.004172620166824336,0,r1
mondrian_stage,vendor_stage,C1,coverage,16494,388,0.8933551594519219,0.8859016066534413,0.901850503136615,0.0039886705067495865,0,r1
mondrian_stage,vendor_stage,C2,coverage,14914,593,0.8895668499396541,0.8814282374143995,0.8988136951331474,0.004261305307060624,0,r1
mondrian_stage,vendor_stage,C3,coverage,8607,850,0.8319972115719763,0.8224686593849554,0.8448839444910767,0.005962120318882574,0,r1
mondrian_stage,vendor_stage,C4,coverage,1,1,1.0,1.0,1.0,0.0,366,r1
mondrian_stage,vendor_stage,A0,cov_healthy,12,0,1.0,1.0,1.0,0.0,126,r1
mondrian_stage,vendor_stage,A1,cov_healthy,11,0,1.0,1.0,1.0,0.0,126,r1
mondrian_stage,vendor_stage,A2,cov_healthy,97,2,0.9578947368421052,0.9140557650862069,0.9909111384111384,0.02011676957151163,0,r1
mondrian_stage,vendor_stage,A3,cov_healthy,3444,13,0.9863013698630136,0.9783156371610185,0.9923213514380655,0.003515778969689949,0,r1
mondrian_stage,vendor_stage,A4,cov_healthy,18351,293,0.9439583564071325,0.9366689882457672,0.95012683073065,0.003528249746878807,0,r1
mondrian_stage,vendor_stage,B0,cov_healthy,1953,21,0.9461697722567288,0.9293948766435342,0.9568800991418048,0.007243988282787708,0,r1
mondrian_stage,vendor_stage,B1,cov_healthy,2918,119,0.9506966773847803,0.9392895448623622,0.96113982302895,0.005714727527901163,0,r1
mondrian_stage,vendor_stage,B2,cov_healthy,4190,97,0.9499144881505008,0.9417429418973452,0.9579705182566325,0.004062376298400033,0,r1
mondrian_stage,vendor_stage,B3,cov_healthy,6705,171,0.9352617079889807,0.9253807482719931,0.9428749134602297,0.0043254892246388545,0,r1
mondrian_stage,vendor_stage,B4,cov_healthy,1478,24,0.7028885832187071,0.339221261723794,0.7231888943746722,0.11064205921440458,0,r1
mondrian_stage,vendor_stage,C0,cov_healthy,18093,300,0.8878210532231776,0.8799225052864377,0.896154709811147,0.0040849302597205095,0,r1
mondrian_stage,vendor_stage,C1,cov_healthy,16494,388,0.8944492735626475,0.88705635803234,0.9028627065254533,0.003970315308567401,0,r1
mondrian_stage,vendor_stage,C2,cov_healthy,14914,593,0.8903009566371064,0.8819150691674779,0.8996215074778945,0.004299126703849834,0,r1
mondrian_stage,vendor_stage,C3,cov_healthy,8607,850,0.8188732757509346,0.8087265733052493,0.8327180240566812,0.0062080345989236636,0,r1
mondrian_stage,vendor_stage,C4,cov_healthy,1,1,NaN,NaN,NaN,NaN,1000,r1
mondrian_stage,vendor_stage,A0,cov_failure,12,0,NaN,NaN,NaN,NaN,1000,r1
mondrian_stage,vendor_stage,A1,cov_failure,11,0,NaN,NaN,NaN,NaN,1000,r1
mondrian_stage,vendor_stage,A2,cov_failure,97,2,0.5,0.0,1.0,0.3689944458062766,129,r1
mondrian_stage,vendor_stage,A3,cov_failure,3444,13,0.0,0.0,0.0,0.0,0,r1
mondrian_stage,vendor_stage,A4,cov_failure,18351,293,0.1945392491467577,0.15106559913359635,0.23792264117542927,0.0223920774552463,0,r1
mondrian_stage,vendor_stage,B0,cov_failure,1953,21,0.6666666666666666,0.4444444444444444,0.8571428571428571,0.10679297388177085,0,r1
mondrian_stage,vendor_stage,B1,cov_failure,2918,119,0.8991596638655462,0.842094298245614,0.9494970715558951,0.02756425581235625,0,r1
mondrian_stage,vendor_stage,B2,cov_failure,4190,97,0.6804123711340206,0.5744292996453901,0.7722884788478848,0.049972751480598696,0,r1
mondrian_stage,vendor_stage,B3,cov_failure,6705,171,0.8362573099415205,0.7808174988952717,0.8947368421052632,0.028876949052083028,0,r1
mondrian_stage,vendor_stage,B4,cov_failure,1478,24,0.20833333333333334,0.05555555555555555,0.375,0.08365255938760895,0,r1
mondrian_stage,vendor_stage,C0,cov_failure,18093,300,0.8466666666666667,0.8018500701907251,0.898554276783177,0.024549704332793174,0,r1
mondrian_stage,vendor_stage,C1,cov_failure,16494,388,0.8479381443298969,0.8120396088169471,0.8883116883116883,0.019316386678294176,0,r1
mondrian_stage,vendor_stage,C2,cov_failure,14914,593,0.8718381112984823,0.842800774270399,0.8998372287145242,0.014489465989374463,0,r1
mondrian_stage,vendor_stage,C3,cov_failure,8607,850,0.951764705882353,0.9339043413800884,0.9660868013055895,0.00838024772080087,0,r1
mondrian_stage,vendor_stage,C4,cov_failure,1,1,1.0,1.0,1.0,0.0,366,r1
mondrian_stage,vendor_stage,A0,set_size,12,0,1.0833333333333333,1.0,1.1111111111111112,0.04471557238342142,126,r1
mondrian_stage,vendor_stage,A1,set_size,11,0,1.0,1.0,1.0,0.0,126,r1
mondrian_stage,vendor_stage,A2,set_size,97,2,1.092783505154639,1.0451110885321413,1.1545477975632614,0.02723197733847444,0,r1
mondrian_stage,vendor_stage,A3,set_size,3444,13,1.0670731707317074,1.0500362622895467,1.08056748154713,0.008078861507098767,0,r1
mondrian_stage,vendor_stage,A4,set_size,18351,293,0.9985286905345758,0.9891143440768225,0.9990702115298714,0.0022684474777115325,0,r1
mondrian_stage,vendor_stage,B0,set_size,1953,21,1.4372759856630823,1.4018661020689236,1.4667448530209826,0.016658112384636603,0,r1
mondrian_stage,vendor_stage,B1,set_size,2918,119,1.59698423577793,1.5728182823583454,1.622931192942773,0.012453019000731522,0,r1
mondrian_stage,vendor_stage,B2,set_size,4190,97,1.5579952267303103,1.538975905181998,1.5952282699300029,0.01557888509919683,0,r1
mondrian_stage,vendor_stage,B3,set_size,6705,171,1.678448918717375,1.6560655005399567,1.6917364463819724,0.0089822188233987,0,r1
mondrian_stage,vendor_stage,B4,set_size,1478,24,0.9979702300405954,0.628946507515473,1.0,0.11146728693462145,0,r1
mondrian_stage,vendor_stage,C0,set_size,18093,300,1.6162604322113525,1.5837851738464666,1.6365989315355425,0.015427705012351649,0,r1
mondrian_stage,vendor_stage,C1,set_size,16494,388,1.5773614647750698,1.5672295824681859,1.602583231609036,0.009073815730196003,0,r1
mondrian_stage,vendor_stage,C2,set_size,14914,593,1.6398685798578516,1.624601675245453,1.662821704687809,0.009584971458900885,0,r1
mondrian_stage,vendor_stage,C3,set_size,8607,850,1.714534681073545,1.695901452330331,1.7326857897316055,0.00933696640719236,0,r1
mondrian_stage,vendor_stage,C4,set_size,1,1,1.0,1.0,1.0,0.0,366,r1
mondrian_stage,vendor_stage,A0,singleton,12,0,0.9166666666666666,0.8888888888888888,1.0,0.04471557238342142,126,r1
mondrian_stage,vendor_stage,A1,singleton,11,0,1.0,1.0,1.0,0.0,126,r1
mondrian_stage,vendor_stage,A2,singleton,97,2,0.9072164948453608,0.8454522024367386,0.9548889114678588,0.027231977338474427,0,r1
mondrian_stage,vendor_stage,A3,singleton,3444,13,0.9329268292682927,0.91943251845287,0.9499637377104531,0.00807886150709877,0,r1
mondrian_stage,vendor_stage,A4,singleton,18351,293,0.9985286905345758,0.9891143440768225,0.9990702115298714,0.0022684474777115325,0,r1
mondrian_stage,vendor_stage,B0,singleton,1953,21,0.5627240143369175,0.5332551469790174,0.5981338979310765,0.016658112384636603,0,r1
mondrian_stage,vendor_stage,B1,singleton,2918,119,0.4030157642220699,0.3770688070572271,0.4271817176416544,0.012453019000731522,0,r1
mondrian_stage,vendor_stage,B2,singleton,4190,97,0.44200477326968973,0.40477173006999695,0.46102409481800183,0.01557888509919683,0,r1
mondrian_stage,vendor_stage,B3,singleton,6705,171,0.3215510812826249,0.3082635536180276,0.3439344994600433,0.008982218823398695,0,r1
mondrian_stage,vendor_stage,B4,singleton,1478,24,0.9979702300405954,0.628946507515473,1.0,0.11146728693462145,0,r1
mondrian_stage,vendor_stage,C0,singleton,18093,300,0.38373956778864754,0.36340106846445763,0.4162148261535334,0.015427705012351653,0,r1
mondrian_stage,vendor_stage,C1,singleton,16494,388,0.4226385352249303,0.39741676839096385,0.4327704175318143,0.009073815730196009,0,r1
mondrian_stage,vendor_stage,C2,singleton,14914,593,0.36013142014214833,0.33717829531219096,0.375398324754547,0.009584971458900882,0,r1
mondrian_stage,vendor_stage,C3,singleton,8607,850,0.2854653189264552,0.26731421026839447,0.30409854766966904,0.009336966407192364,0,r1
mondrian_stage,vendor_stage,C4,singleton,1,1,1.0,1.0,1.0,0.0,366,r1
mondrian_stage,vendor_stage,A0,doubleton,12,0,0.08333333333333333,0.0,0.1111111111111111,0.04471557238342153,126,r1
mondrian_stage,vendor_stage,A1,doubleton,11,0,0.0,0.0,0.0,0.0,126,r1
mondrian_stage,vendor_stage,A2,doubleton,97,2,0.09278350515463918,0.04511108853214116,0.15454779756326148,0.02723197733847443,0,r1
mondrian_stage,vendor_stage,A3,doubleton,3444,13,0.06707317073170732,0.050036262289546884,0.08056748154713002,0.008078861507098776,0,r1
mondrian_stage,vendor_stage,A4,doubleton,18351,293,0.0,0.0,0.0,0.0,0,r1
mondrian_stage,vendor_stage,B0,doubleton,1953,21,0.43727598566308246,0.40186610206892354,0.4667448530209826,0.016658112384636603,0,r1
mondrian_stage,vendor_stage,B1,doubleton,2918,119,0.5969842357779301,0.5728182823583456,0.6229311929427729,0.01245301900073153,0,r1
mondrian_stage,vendor_stage,B2,doubleton,4190,97,0.5579952267303102,0.5389759051819981,0.595228269930003,0.01557888509919683,0,r1
mondrian_stage,vendor_stage,B3,doubleton,6705,171,0.6784489187173751,0.6560655005399567,0.6917364463819724,0.008982218823398688,0,r1
mondrian_stage,vendor_stage,B4,doubleton,1478,24,0.0,0.0,0.0,0.0,0,r1
mondrian_stage,vendor_stage,C0,doubleton,18093,300,0.6162604322113524,0.5837851738464667,0.6365989315355425,0.015427705012351647,0,r1
mondrian_stage,vendor_stage,C1,doubleton,16494,388,0.5773614647750698,0.5672295824681858,0.6025832316090362,0.009073815730196003,0,r1
mondrian_stage,vendor_stage,C2,doubleton,14914,593,0.6398685798578517,0.624601675245453,0.662821704687809,0.009584971458900882,0,r1
mondrian_stage,vendor_stage,C3,doubleton,8607,850,0.7145346810735448,0.695901452330331,0.7326857897316056,0.009336966407192351,0,r1
mondrian_stage,vendor_stage,C4,doubleton,1,1,0.0,0.0,0.0,0.0,366,r1
mondrian_stage,vendor_stage,A0,empty,12,0,0.0,0.0,0.0,0.0,126,r1
mondrian_stage,vendor_stage,A1,empty,11,0,0.0,0.0,0.0,0.0,126,r1
mondrian_stage,vendor_stage,A2,empty,97,2,0.0,0.0,0.0,0.0,0,r1
mondrian_stage,vendor_stage,A3,empty,3444,13,0.0,0.0,0.0,0.0,0,r1
mondrian_stage,vendor_stage,A4,empty,18351,293,0.0014713094654242277,0.0009297884701286312,0.010885655923177539,0.0022684474777115316,0,r1
mondrian_stage,vendor_stage,B0,empty,1953,21,0.0,0.0,0.0,0.0,0,r1
mondrian_stage,vendor_stage,B1,empty,2918,119,0.0,0.0,0.0,0.0,0,r1
mondrian_stage,vendor_stage,B2,empty,4190,97,0.0,0.0,0.0,0.0,0,r1
mondrian_stage,vendor_stage,B3,empty,6705,171,0.0,0.0,0.0,0.0,0,r1
mondrian_stage,vendor_stage,B4,empty,1478,24,0.0020297699594046007,0.0,0.3710534924845269,0.11146728693462143,0,r1
mondrian_stage,vendor_stage,C0,empty,18093,300,0.0,0.0,0.0,0.0,0,r1
mondrian_stage,vendor_stage,C1,empty,16494,388,0.0,0.0,0.0,0.0,0,r1
mondrian_stage,vendor_stage,C2,empty,14914,593,0.0,0.0,0.0,0.0,0,r1
mondrian_stage,vendor_stage,C3,empty,8607,850,0.0,0.0,0.0,0.0,0,r1
mondrian_stage,vendor_stage,C4,empty,1,1,0.0,0.0,0.0,0.0,366,r1
mondrian_stage,vendor_stage,A0,alert_rate,12,0,0.08333333333333333,0.0,0.1111111111111111,0.04471557238342153,126,r1
mondrian_stage,vendor_stage,A1,alert_rate,11,0,0.0,0.0,0.0,0.0,126,r1
mondrian_stage,vendor_stage,A2,alert_rate,97,2,0.13402061855670103,0.07141276864728192,0.21686746987951808,0.03722498001387702,0,r1
mondrian_stage,vendor_stage,A3,alert_rate,3444,13,0.08072009291521487,0.06321027656082469,0.09551191808600006,0.008255784982275756,0,r1
mondrian_stage,vendor_stage,A4,alert_rate,18351,293,0.056836139719906274,0.049402608408293025,0.06311867812728396,0.0035750999797345443,0,r1
mondrian_stage,vendor_stage,B0,alert_rate,1953,21,0.49206349206349204,0.4643363848610468,0.5190472948071303,0.0141029556869228,0,r1
mondrian_stage,vendor_stage,B1,alert_rate,2918,119,0.659698423577793,0.6415987440966584,0.6794453000508509,0.009827458038835422,0,r1
mondrian_stage,vendor_stage,B2,alert_rate,4190,97,0.6114558472553699,0.5948710748021445,0.644236237488626,0.013973328030023146,0,r1
mondrian_stage,vendor_stage,B3,alert_rate,6705,171,0.7488441461595824,0.7326015529875135,0.7602258600101949,0.006883837418750075,0,r1
mondrian_stage,vendor_stage,B4,alert_rate,1478,24,0.2936400541271989,0.2715251031862874,0.31378204316278974,0.01106113674798416,0,r1
mondrian_stage,vendor_stage,C0,alert_rate,18093,300,0.7320510694743824,0.7053066730529359,0.7488931315161027,0.012819589247288958,0,r1
mondrian_stage,vendor_stage,C1,alert_rate,16494,388,0.6895234630774827,0.6814673959186196,0.7091502044165552,0.006854454764268217,0,r1
mondrian_stage,vendor_stage,C2,alert_rate,14914,593,0.7552635107952259,0.744239797076568,0.7712736403975505,0.006732596819327848,0,r1
mondrian_stage,vendor_stage,C3,alert_rate,8607,850,0.9035668641803184,0.8930002918124458,0.9113995539039945,0.004722080087200734,0,r1
mondrian_stage,vendor_stage,C4,alert_rate,1,1,1.0,1.0,1.0,0.0,366,r1
mondrian_both,all,all,coverage,97268,2872,0.8974277254595551,0.8931089947993139,0.9054386082506648,0.003272191293138803,0,r1
mondrian_both,all,all,cov_healthy,97268,2872,0.8973367515572693,0.892760753988427,0.905635945428707,0.0033752873974878974,0,r1
mondrian_both,all,all,cov_failure,97268,2872,0.9004178272980501,0.8822070569850976,0.9158487730340407,0.008900057426069594,0,r1
mondrian_both,all,all,set_size,97268,2872,1.656135625282724,1.6300926454102553,1.6754896043669316,0.01135980633109476,0,r1
mondrian_both,all,all,singleton,97268,2872,0.343864374717276,0.3245103956330684,0.3699073545897447,0.011359806331094758,0,r1
mondrian_both,all,all,doubleton,97268,2872,0.6561356252827241,0.6300926454102553,0.6754896043669316,0.011359806331094773,0,r1
mondrian_both,all,all,empty,97268,2872,0.0,0.0,0.0,0.0,0,r1
mondrian_both,all,all,alert_rate,97268,2872,0.76417732450549,0.7390511917657131,0.78057583393873,0.011076978777190648,0,r1
mondrian_both,stage,0,coverage,20058,321,0.8925117160235317,0.8848938256655141,0.900856467679814,0.003987772726475337,0,r1
mondrian_both,stage,1,coverage,19423,507,0.9010451526540699,0.8951613761453906,0.9096988478600667,0.0035723291245499215,0,r1
mondrian_both,stage,2,coverage,19201,692,0.9018801104109161,0.8944046974861878,0.9093457374537187,0.003777423693930022,0,r1
mondrian_both,stage,3,coverage,18756,1034,0.8969396459799531,0.8872600532433748,0.9034178911480227,0.0039618531832512115,0,r1
mondrian_both,stage,4,coverage,19830,318,0.8950075642965204,0.8804036834838744,0.9298065902203415,0.0141440565120171,0,r1
mondrian_both,stage,0,cov_healthy,20058,321,0.8917261995237371,0.8840506483513209,0.9001162197128498,0.004058595983746759,0,r1
mondrian_both,stage,1,cov_healthy,19423,507,0.9015648128568408,0.8953466985598529,0.9101433178741987,0.003640303782474284,0,r1
mondrian_both,stage,2,cov_healthy,19201,692,0.9021557080339294,0.8947503897477986,0.9096351895905682,0.0038288839738417307,0,r1
mondrian_both,stage,3,cov_healthy,18756,1034,0.8972463604559305,0.8869700775705656,0.9035097808075053,0.004079070605514387,0,r1
mondrian_both,stage,4,cov_healthy,19830,318,0.8944239442394424,0.8798552570291701,0.9302066881210446,0.014384501673386627,0,r1
mondrian_both,stage,0,cov_failure,20058,321,0.940809968847352,0.894578072674083,0.9711584394904459,0.019532939973751103,0,r1
mondrian_both,stage,1,cov_failure,19423,507,0.8816568047337278,0.8420951026214184,0.9100452859970435,0.017333839896299146,0,r1
mondrian_both,stage,2,cov_failure,19201,692,0.8945086705202312,0.8518491602067183,0.9300334114109624,0.019723259929482703,0,r1
mondrian_both,stage,3,cov_failure,18756,1034,0.8916827852998066,0.8654539315833446,0.9226813212019267,0.015052537896617134,0,r1
mondrian_both,stage,4,cov_failure,19830,318,0.9308176100628931,0.8438169301376848,0.9676313932776608,0.033187220937012644,0,r1
mondrian_both,stage,0,set_size,20058,321,1.7170206401435837,1.678070511137906,1.7435639191235022,0.019590824216709136,0,r1
mondrian_both,stage,1,set_size,19423,507,1.6116459867167792,1.5759176448387753,1.6388237544317605,0.015667357262694626,0,r1
mondrian_both,stage,2,set_size,19201,692,1.6852247278787562,1.645132706903679,1.7284925929970296,0.01994653795184366,0,r1
mondrian_both,stage,3,set_size,18756,1034,1.5547558114736617,1.531443333664311,1.5804606625498037,0.01247734293713392,0,r1
mondrian_both,stage,4,set_size,19830,318,1.705849722642461,1.6234300711048333,1.772025790021001,0.04395140935005505,0,r1
mondrian_both,stage,0,singleton,20058,321,0.28297935985641637,0.2564360808764979,0.32192948886209405,0.019590824216709126,0,r1
mondrian_both,stage,1,singleton,19423,507,0.38835401328322094,0.3611762455682395,0.4240823551612247,0.015667357262694623,0,r1
mondrian_both,stage,2,singleton,19201,692,0.3147752721212437,0.2715074070029704,0.354867293096321,0.01994653795184365,0,r1
mondrian_both,stage,3,singleton,18756,1034,0.44524418852633824,0.4195393374501963,0.46855666633568893,0.012477342937133915,0,r1
mondrian_both,stage,4,singleton,19830,318,0.29415027735753907,0.22797420997899895,0.3765699288951666,0.043951409350055023,0,r1
mondrian_both,stage,0,doubleton,20058,321,0.7170206401435836,0.6780705111379058,0.7435639191235021,0.019590824216709136,0,r1
mondrian_both,stage,1,doubleton,19423,507,0.611645986716779,0.5759176448387754,0.6388237544317604,0.015667357262694633,0,r1
mondrian_both,stage,2,doubleton,19201,692,0.6852247278787563,0.6451327069036791,0.7284925929970297,0.01994653795184366,0,r1
mondrian_both,stage,3,doubleton,18756,1034,0.5547558114736617,0.5314433336643112,0.5804606625498037,0.012477342937133934,0,r1
mondrian_both,stage,4,doubleton,19830,318,0.7058497226424609,0.6234300711048333,0.772025790021001,0.043951409350055023,0,r1
mondrian_both,stage,0,empty,20058,321,0.0,0.0,0.0,0.0,0,r1
mondrian_both,stage,1,empty,19423,507,0.0,0.0,0.0,0.0,0,r1
mondrian_both,stage,2,empty,19201,692,0.0,0.0,0.0,0.0,0,r1
mondrian_both,stage,3,empty,18756,1034,0.0,0.0,0.0,0.0,0,r1
mondrian_both,stage,4,empty,19830,318,0.0,0.0,0.0,0.0,0,r1
mondrian_both,stage,0,alert_rate,20058,321,0.8286967793399143,0.7931093448125223,0.853054861729033,0.01946821728478724,0,r1
mondrian_both,stage,1,alert_rate,19423,507,0.7177058126962879,0.6802835468271783,0.7431242928231196,0.015347613777910676,0,r1
mondrian_both,stage,2,alert_rate,19201,692,0.7885005989271392,0.7485852001949422,0.8308756036387751,0.01965647556320129,0,r1
mondrian_both,stage,3,alert_rate,18756,1034,0.6662401364896566,0.6438591609562385,0.6933785705589216,0.012314038674330582,0,r1
mondrian_both,stage,4,alert_rate,19830,318,0.8135148764498235,0.7330919079657398,0.8704646359140144,0.042374468961791714,0,r1
mondrian_both,vendor,A,coverage,21915,308,0.9455167693360712,0.9360486308482288,0.9534335279959135,0.004545656813921432,0,r1
mondrian_both,vendor,B,coverage,17244,432,0.8890628624449084,0.8820322271304467,0.9216625092096797,0.012219362292644082,0,r1
mondrian_both,vendor,C,coverage,58109,2132,0.881773907656301,0.876999796143886,0.8866460917407816,0.0024554811012779546,0,r1
mondrian_both,vendor,A,cov_healthy,21915,308,0.9463599759337252,0.9370686956492049,0.9544400264550811,0.0046159003694588065,0,r1
mondrian_both,vendor,B,cov_healthy,17244,432,0.8906138472519629,0.8836539908162373,0.9239042306405665,0.012532298067063132,0,r1
mondrian_both,vendor,C,cov_healthy,58109,2132,0.8804330349965164,0.8753796308389539,0.885366775150079,0.0025454609696560757,0,r1
mondrian_both,vendor,A,cov_failure,21915,308,0.8863636363636364,0.7950134355314743,0.9288245036697048,0.03478701996974869,0,r1
mondrian_both,vendor,B,cov_failure,17244,432,0.8287037037037037,0.7922651699851009,0.8683754081388866,0.02034328411844841,0,r1
mondrian_both,vendor,C,cov_failure,58109,2132,0.9169793621013134,0.8999065782990932,0.9335260280400782,0.008786551783689747,0,r1
mondrian_both,vendor,A,set_size,21915,308,1.6270590919461556,1.553427709813251,1.677554354522164,0.03790344796802826,0,r1
mondrian_both,vendor,B,set_size,17244,432,1.6009046624913013,1.5819345339283326,1.644247856345171,0.015742778398999818,0,r1
mondrian_both,vendor,C,set_size,58109,2132,1.6834913696673492,1.6628787345960323,1.698964062117235,0.009117862668579127,0,r1
mondrian_both,vendor,A,singleton,21915,308,0.3729409080538444,0.32244564547783605,0.44657229018674893,0.03790344796802829,0,r1
mondrian_both,vendor,B,singleton,17244,432,0.3990953375086987,0.3557521436548289,0.41806546607166734,0.015742778398999843,0,r1
mondrian_both,vendor,C,singleton,58109,2132,0.3165086303326507,0.30103593788276495,0.3371212654039675,0.009117862668579143,0,r1
mondrian_both,vendor,A,doubleton,21915,308,0.6270590919461556,0.5534277098132511,0.677554354522164,0.03790344796802832,0,r1
mondrian_both,vendor,B,doubleton,17244,432,0.6009046624913014,0.5819345339283327,0.644247856345171,0.015742778398999843,0,r1
mondrian_both,vendor,C,doubleton,58109,2132,0.6834913696673492,0.6628787345960325,0.698964062117235,0.009117862668579129,0,r1
mondrian_both,vendor,A,empty,21915,308,0.0,0.0,0.0,0.0,0,r1
mondrian_both,vendor,B,empty,17244,432,0.0,0.0,0.0,0.0,0,r1
mondrian_both,vendor,C,empty,58109,2132,0.0,0.0,0.0,0.0,0,r1
mondrian_both,vendor,A,alert_rate,21915,308,0.6827743554642939,0.6091676908768933,0.7313608163644316,0.03807222097454618,0,r1
mondrian_both,vendor,B,alert_rate,17244,432,0.7150313152400835,0.696495460714823,0.7351421624729686,0.009882703307518195,0,r1
mondrian_both,vendor,C,alert_rate,58109,2132,0.8094615291951333,0.7903572951500962,0.8256260461864925,0.00894157614724214,0,r1
mondrian_both,vendor_stage,A0,coverage,12,0,1.0,1.0,1.0,0.0,126,r1
mondrian_both,vendor_stage,A1,coverage,11,0,1.0,1.0,1.0,0.0,126,r1
mondrian_both,vendor_stage,A2,coverage,97,2,0.9484536082474226,0.9019607843137255,0.9882352941176471,0.021996525031032735,0,r1
mondrian_both,vendor_stage,A3,coverage,3444,13,0.9831591173054588,0.9755191377081167,0.9894976860848411,0.0034755573825889087,0,r1
mondrian_both,vendor_stage,A4,coverage,18351,293,0.938368481281674,0.9274927033824573,0.9473947848384164,0.005341822941598173,0,r1
mondrian_both,vendor_stage,B0,coverage,1953,21,0.937532002048131,0.9265157282616453,0.9542874100396954,0.00716776250703603,0,r1
mondrian_both,vendor_stage,B1,coverage,2918,119,0.9451679232350926,0.9372812086987865,0.9582908492741284,0.005466972727147289,0,r1
mondrian_both,vendor_stage,B2,coverage,4190,97,0.9443914081145585,0.9353015052573779,0.9525182781983381,0.004373200881499959,0,r1
mondrian_both,vendor_stage,B3,coverage,6705,171,0.9333333333333333,0.9228930683404453,0.9401153382468448,0.004160452831647587,0,r1
mondrian_both,vendor_stage,B4,coverage,1478,24,0.3565629228687415,0.3023794901906604,0.7206084836505858,0.1408442149865527,0,r1
mondrian_both,vendor_stage,C0,coverage,18093,300,0.8875808323661084,0.8798369390231675,0.8956844686275974,0.004069400772602113,0,r1
mondrian_both,vendor_stage,C1,coverage,16494,388,0.8931732751303504,0.8863297342927892,0.9014399048581582,0.003805941770090418,0,r1
mondrian_both,vendor_stage,C2,coverage,14914,593,0.8896339010325869,0.8814930794607514,0.8980284230037617,0.004224487987210397,0,r1
mondrian_both,vendor_stage,C3,coverage,8607,850,0.8340885325897526,0.8212096410480569,0.8441042845304048,0.005845311117702234,0,r1
mondrian_both,vendor_stage,C4,coverage,1,1,1.0,1.0,1.0,0.0,366,r1
mondrian_both,vendor_stage,A0,cov_healthy,12,0,1.0,1.0,1.0,0.0,126,r1
mondrian_both,vendor_stage,A1,cov_healthy,11,0,1.0,1.0,1.0,0.0,126,r1
mondrian_both,vendor_stage,A2,cov_healthy,97,2,0.9578947368421052,0.9140557650862069,0.9909111384111384,0.020126777418194835,0,r1
mondrian_both,vendor_stage,A3,cov_healthy,3444,13,0.9868842902943749,0.979776484836488,0.9926791023508026,0.0033432184120994438,0,r1
mondrian_both,vendor_stage,A4,cov_healthy,18351,293,0.9385313988260051,0.9277293959006669,0.9480022407574933,0.005440121032291402,0,r1
mondrian_both,vendor_stage,B0,cov_healthy,1953,21,0.9389233954451346,0.927822577437676,0.9558836870673619,0.007196474709694473,0,r1
mondrian_both,vendor_stage,B1,cov_healthy,2918,119,0.9467667023937121,0.9392277986279557,0.9602216561057606,0.005573480208243218,0,r1
mondrian_both,vendor_stage,B2,cov_healthy,4190,97,0.9489372098705107,0.9397713107056773,0.9564287234423063,0.004241007296599195,0,r1
mondrian_both,vendor_stage,B3,cov_healthy,6705,171,0.9367921640648913,0.9267932909812175,0.9437422278768536,0.004104243508296791,0,r1
mondrian_both,vendor_stage,B4,cov_healthy,1478,24,0.3466299862448418,0.29214533975147355,0.7170761314896613,0.14317730167696222,0,r1
mondrian_both,vendor_stage,C0,cov_healthy,18093,300,0.8865284100488956,0.87850767012103,0.8949498342446166,0.004143407086565507,0,r1
mondrian_both,vendor_stage,C1,cov_healthy,16494,388,0.8936421209487148,0.8868162354668658,0.9019494121795729,0.0038594446421721285,0,r1
mondrian_both,vendor_stage,C2,cov_healthy,14914,593,0.888415613434816,0.880101609406454,0.897058773073434,0.00432814293399478,0,r1
mondrian_both,vendor_stage,C3,cov_healthy,8607,850,0.8242877401057109,0.8100520862686365,0.8351331169554292,0.006257388603237078,0,r1
mondrian_both,vendor_stage,C4,cov_healthy,1,1,NaN,NaN,NaN,NaN,1000,r1
mondrian_both,vendor_stage,A0,cov_failure,12,0,NaN,NaN,NaN,NaN,1000,r1
mondrian_both,vendor_stage,A1,cov_failure,11,0,NaN,NaN,NaN,NaN,1000,r1
mondrian_both,vendor_stage,A2,cov_failure,97,2,0.5,0.0,1.0,0.3689944458062766,129,r1
mondrian_both,vendor_stage,A3,cov_failure,3444,13,0.0,0.0,0.0,0.0,0,r1
mondrian_both,vendor_stage,A4,cov_failure,18351,293,0.9283276450511946,0.8384844198124176,0.9678600440006769,0.03455049594000093,0,r1
mondrian_both,vendor_stage,B0,cov_failure,1953,21,0.8095238095238095,0.6110507246376812,1.0,0.09822523704042088,0,r1
mondrian_both,vendor_stage,B1,cov_failure,2918,119,0.907563025210084,0.8548269652364547,0.9572649572649573,0.02694504826843076,0,r1
mondrian_both,vendor_stage,B2,cov_failure,4190,97,0.7525773195876289,0.6593253968253968,0.8515048379837984,0.04990273811515203,0,r1
mondrian_both,vendor_stage,B3,cov_failure,6705,171,0.8011695906432749,0.7356284760845384,0.8682711719418306,0.035598707844451134,0,r1
mondrian_both,vendor_stage,B4,cov_failure,1478,24,0.9583333333333334,0.8235294117647058,1.0,0.05010951889545373,0,r1
mondrian_both,vendor_stage,C0,cov_failure,18093,300,0.95,0.9084667934970598,0.976590579710145,0.01765429319691084,0,r1
mondrian_both,vendor_stage,C1,cov_failure,16494,388,0.8737113402061856,0.8254254987531172,0.9081891849774038,0.020577753738203006,0,r1
mondrian_both,vendor_stage,C2,cov_failure,14914,593,0.9190556492411467,0.8776707119518959,0.9515125720272394,0.018589626285990063,0,r1
mondrian_both,vendor_stage,C3,cov_failure,8607,850,0.9235294117647059,0.8985637066806822,0.9523373749498059,0.013633754110736713,0,r1
mondrian_both,vendor_stage,C4,cov_failure,1,1,1.0,1.0,1.0,0.0,366,r1
mondrian_both,vendor_stage,A0,set_size,12,0,1.0833333333333333,1.0,1.1111111111111112,0.04473910825462075,126,r1
mondrian_both,vendor_stage,A1,set_size,11,0,1.0,1.0,1.0,0.0,126,r1
mondrian_both,vendor_stage,A2,set_size,97,2,1.1649484536082475,1.10123417721519,1.2400267857142857,0.036926209459912554,0,r1
mondrian_both,vendor_stage,A3,set_size,3444,13,1.051684088269454,1.0398584943577514,1.0658322904261373,0.0066743725404753785,0,r1
mondrian_both,vendor_stage,A4,set_size,18351,293,1.7382159010408151,1.6506783480023084,1.7965484505331082,0.045178107898495926,0,r1
mondrian_both,vendor_stage,B0,set_size,1953,21,1.5729646697388633,1.5131062753144175,1.621496068246212,0.0296770278051379,0,r1
mondrian_both,vendor_stage,B1,set_size,2918,119,1.6172035640849898,1.585939059072845,1.6511239944363556,0.016302433039952356,0,r1
mondrian_both,vendor_stage,B2,set_size,4190,97,1.6424821002386636,1.5909942535358272,1.7007650142161126,0.02716256352926077,0,r1
mondrian_both,vendor_stage,B3,set_size,6705,171,1.6413124533929904,1.6123729041602555,1.6735807974908623,0.015776448057769992,0,r1
mondrian_both,vendor_stage,B4,set_size,1478,24,1.30446549391069,1.2490952776179651,1.675060150217054,0.14277428330068864,0,r1
mondrian_both,vendor_stage,C0,set_size,18093,300,1.7329906593710274,1.6948489142589114,1.758224480596255,0.01883566513437242,0,r1
mondrian_both,vendor_stage,C1,set_size,16494,388,1.611070692372984,1.5741496116121707,1.6386948702577686,0.01609036067856546,0,r1
mondrian_both,vendor_stage,C2,set_size,14914,593,1.700616870054982,1.6629105202781318,1.739988913786554,0.018392137810452933,0,r1
mondrian_both,vendor_stage,C3,set_size,8607,850,1.688625537353317,1.666018066490057,1.7150522438437381,0.012556905525751201,0,r1
mondrian_both,vendor_stage,C4,set_size,1,1,1.0,1.0,1.0,0.0,366,r1
mondrian_both,vendor_stage,A0,singleton,12,0,0.9166666666666666,0.8888888888888888,1.0,0.044739108254620456,126,r1
mondrian_both,vendor_stage,A1,singleton,11,0,1.0,1.0,1.0,0.0,126,r1
mondrian_both,vendor_stage,A2,singleton,97,2,0.8350515463917526,0.7599732142857143,0.8987658227848101,0.036926209459912554,0,r1
mondrian_both,vendor_stage,A3,singleton,3444,13,0.9483159117305459,0.9341677095738627,0.9601415056422489,0.006674372540475381,0,r1
mondrian_both,vendor_stage,A4,singleton,18351,293,0.2617840989591848,0.20345154946689176,0.3493216519976916,0.0451781078984959,0,r1
mondrian_both,vendor_stage,B0,singleton,1953,21,0.4270353302611367,0.37850393175378805,0.48689372468558234,0.02967702780513788,0,r1
mondrian_both,vendor_stage,B1,singleton,2918,119,0.3827964359150103,0.34887600556364434,0.4140609409271548,0.016302433039952356,0,r1
mondrian_both,vendor_stage,B2,singleton,4190,97,0.3575178997613365,0.29923498578388735,0.40900574646417287,0.027162563529260764,0,r1
mondrian_both,vendor_stage,B3,singleton,6705,171,0.3586875466070097,0.3264192025091378,0.38762709583974453,0.015776448057769996,0,r1
mondrian_both,vendor_stage,B4,singleton,1478,24,0.6955345060893099,0.32493984978294604,0.7509047223820348,0.14277428330068875,0,r1
mondrian_both,vendor_stage,C0,singleton,18093,300,0.2670093406289725,0.24177551940374492,0.30515108574108857,0.0188356651343724,0,r1
mondrian_both,vendor_stage,C1,singleton,16494,388,0.3889293076270159,0.36130512974223145,0.42585038838782924,0.016090360678565462,0,r1
mondrian_both,vendor_stage,C2,singleton,14914,593,0.2993831299450181,0.2600110862134458,0.33708947972186815,0.018392137810452937,0,r1
mondrian_both,vendor_stage,C3,singleton,8607,850,0.31137446264668295,0.28494775615626194,0.333981933509943,0.012556905525751214,0,r1
mondrian_both,vendor_stage,C4,singleton,1,1,1.0,1.0,1.0,0.0,366,r1
mondrian_both,vendor_stage,A0,doubleton,12,0,0.08333333333333333,0.0,0.1111111111111111,0.044739108254620706,126,r1
mondrian_both,vendor_stage,A1,doubleton,11,0,0.0,0.0,0.0,0.0,126,r1
mondrian_both,vendor_stage,A2,doubleton,97,2,0.16494845360824742,0.10123417721518987,0.24002678571428568,0.03692620945991257,0,r1
mondrian_both,vendor_stage,A3,doubleton,3444,13,0.05168408826945412,0.03985849435775117,0.06583229042613718,0.006674372540475378,0,r1
mondrian_both,vendor_stage,A4,doubleton,18351,293,0.7382159010408152,0.6506783480023084,0.7965484505331083,0.04517810789849591,0,r1
mondrian_both,vendor_stage,B0,doubleton,1953,21,0.5729646697388633,0.5131062753144178,0.621496068246212,0.029677027805137857,0,r1
mondrian_both,vendor_stage,B1,doubleton,2918,119,0.6172035640849897,0.5859390590728452,0.6511239944363557,0.016302433039952362,0,r1
mondrian_both,vendor_stage,B2,doubleton,4190,97,0.6424821002386635,0.5909942535358271,0.7007650142161127,0.02716256352926076,0,r1
mondrian_both,vendor_stage,B3,doubleton,6705,171,0.6413124533929903,0.6123729041602554,0.6735807974908622,0.01577644805776998,0,r1
mondrian_both,vendor_stage,B4,doubleton,1478,24,0.3044654939106901,0.24909527761796524,0.6750601502170539,0.14277428330068875,0,r1
mondrian_both,vendor_stage,C0,doubleton,18093,300,0.7329906593710275,0.6948489142589115,0.7582244805962551,0.01883566513437241,0,r1
mondrian_both,vendor_stage,C1,doubleton,16494,388,0.6110706923729842,0.5741496116121707,0.6386948702577686,0.016090360678565452,0,r1
mondrian_both,vendor_stage,C2,doubleton,14914,593,0.7006168700549819,0.6629105202781318,0.7399889137865542,0.018392137810452937,0,r1
mondrian_both,vendor_stage,C3,doubleton,8607,850,0.6886255373533171,0.666018066490057,0.715052243843738,0.012556905525751205,0,r1
mondrian_both,vendor_stage,C4,doubleton,1,1,0.0,0.0,0.0,0.0,366,r1
mondrian_both,vendor_stage,A0,empty,12,0,0.0,0.0,0.0,0.0,126,r1
mondrian_both,vendor_stage,A1,empty,11,0,0.0,0.0,0.0,0.0,126,r1
mondrian_both,vendor_stage,A2,empty,97,2,0.0,0.0,0.0,0.0,0,r1
mondrian_both,vendor_stage,A3,empty,3444,13,0.0,0.0,0.0,0.0,0,r1
mondrian_both,vendor_stage,A4,empty,18351,293,0.0,0.0,0.0,0.0,0,r1
mondrian_both,vendor_stage,B0,empty,1953,21,0.0,0.0,0.0,0.0,0,r1
mondrian_both,vendor_stage,B1,empty,2918,119,0.0,0.0,0.0,0.0,0,r1
mondrian_both,vendor_stage,B2,empty,4190,97,0.0,0.0,0.0,0.0,0,r1
mondrian_both,vendor_stage,B3,empty,6705,171,0.0,0.0,0.0,0.0,0,r1
mondrian_both,vendor_stage,B4,empty,1478,24,0.0,0.0,0.0,0.0,0,r1
mondrian_both,vendor_stage,C0,empty,18093,300,0.0,0.0,0.0,0.0,0,r1
mondrian_both,vendor_stage,C1,empty,16494,388,0.0,0.0,0.0,0.0,0,r1
mondrian_both,vendor_stage,C2,empty,14914,593,0.0,0.0,0.0,0.0,0,r1
mondrian_both,vendor_stage,C3,empty,8607,850,0.0,0.0,0.0,0.0,0,r1
mondrian_both,vendor_stage,C4,empty,1,1,0.0,0.0,0.0,0.0,366,r1
mondrian_both,vendor_stage,A0,alert_rate,12,0,0.08333333333333333,0.0,0.1111111111111111,0.044739108254620706,126,r1
mondrian_both,vendor_stage,A1,alert_rate,11,0,0.0,0.0,0.0,0.0,126,r1
mondrian_both,vendor_stage,A2,alert_rate,97,2,0.20618556701030927,0.12386663561558764,0.3036092615012106,0.04705487561981238,0,r1
mondrian_both,vendor_stage,A3,alert_rate,3444,13,0.06475029036004645,0.0510544722032787,0.07946367791500535,0.007466414612148276,0,r1
mondrian_both,vendor_stage,A4,alert_rate,18351,293,0.8020816304288595,0.7164818006066981,0.8633056032201561,0.04534360467503686,0,r1
mondrian_both,vendor_stage,B0,alert_rate,1953,21,0.6349206349206349,0.5729609560094769,0.6788166017084143,0.029463264778313444,0,r1
mondrian_both,vendor_stage,B1,alert_rate,2918,119,0.6840301576422207,0.6488006589688263,0.713078138844742,0.01539981321462928,0,r1
mondrian_both,vendor_stage,B2,alert_rate,4190,97,0.6968973747016707,0.6472377664770049,0.7555728225761896,0.026884206258701412,0,r1
mondrian_both,vendor_stage,B3,alert_rate,6705,171,0.7102162565249813,0.6837450456560136,0.7426584873909379,0.015360060294399286,0,r1
mondrian_both,vendor_stage,B4,alert_rate,1478,24,0.9553450608930988,0.941499420878586,0.9691376383381282,0.0073812652548991345,0,r1
mondrian_both,vendor_stage,C0,alert_rate,18093,300,0.8501077764881446,0.8165819917366257,0.873696030771089,0.01867305602426322,0,r1
mondrian_both,vendor_stage,C1,alert_rate,16494,388,0.7241421122832545,0.6852576677774942,0.749331600139229,0.015783957472594912,0,r1
mondrian_both,vendor_stage,C2,alert_rate,14914,593,0.8180233337803406,0.7796405315951735,0.8567130301396629,0.01801781764958239,0,r1
mondrian_both,vendor_stage,C3,alert_rate,8607,850,0.8726617869176252,0.85555512865981,0.8987806384447753,0.011154191886077705,0,r1
mondrian_both,vendor_stage,C4,alert_rate,1,1,1.0,1.0,1.0,0.0,366,r1
-,all,all,auc,194338,2858,0.6986258342259177,0.6888787990285054,0.7080490983566061,0.004956045737810835,0,r2p7
split,all,all,coverage,194338,2858,0.9237153824779508,0.9221248190258693,0.9253818366971089,0.0008424123513948911,0,r2p7
split,all,all,cov_healthy,194338,2858,0.92496866513474,0.9233451900380619,0.9266465153462121,0.0008524600665783274,0,r2p7
split,all,all,cov_failure,194338,2858,0.8397480755773268,0.8257320051080826,0.8535993131912188,0.007021478379097452,0,r2p7
split,all,all,set_size,194338,2858,1.5128796221016991,1.5072457801455448,1.5184374125104834,0.0029746218542812276,0,r2p7
split,all,all,singleton,194338,2858,0.48712037789830087,0.4815625874895167,0.4927542198544554,0.0029746218542812293,0,r2p7
split,all,all,doubleton,194338,2858,0.5128796221016991,0.5072457801455447,0.5184374125104834,0.002974621854281226,0,r2p7
split,all,all,empty,194338,2858,0.0,0.0,0.0,0.0,0,r2p7
split,all,all,alert_rate,194338,2858,0.5909755168829565,0.5844792213926854,0.5970582642126678,0.0033094401816123283,0,r2p7
split,stage,0,coverage,39569,357,0.9124567211706134,0.908717342967171,0.9161198137080526,0.0019273812090167416,0,r2p7
split,stage,1,coverage,38648,603,0.919245497826537,0.9158239690623179,0.9223716059489064,0.0016728691537671284,0,r2p7
split,stage,2,coverage,38108,942,0.9101763409257898,0.9068516724367146,0.9133563729172635,0.001671861695996603,0,r2p7
split,stage,3,coverage,39034,689,0.9065173950914587,0.9030913129781056,0.9100510532755256,0.0017612524422578196,0,r2p7
split,stage,4,coverage,38979,267,0.9700351471305062,0.9676559600928804,0.9723699168633951,0.0012647362770566897,0,r2p7
split,stage,0,cov_healthy,39569,357,0.9127562990921146,0.9090189724452828,0.9165213489496277,0.0019448422225630951,0,r2p7
split,stage,1,cov_healthy,38648,603,0.9194637928768563,0.9159918269077951,0.9226220087752098,0.0016865654437162414,0,r2p7
split,stage,2,cov_healthy,38108,942,0.9102136361190335,0.9068491772310056,0.9134813840016142,0.0017128147414609525,0,r2p7
split,stage,3,cov_healthy,39034,689,0.9072630069109402,0.9038475014990747,0.9108471236349402,0.0017736037540464257,0,r2p7
split,stage,4,cov_healthy,38979,267,0.9744523661913619,0.9720773633187892,0.9767787590473745,0.001231713833205911,0,r2p7
split,stage,0,cov_failure,39569,357,0.8795518207282913,0.8435659151763578,0.9108262548262548,0.017384261724156583,0,r2p7
split,stage,1,cov_failure,38648,603,0.9054726368159204,0.8807362793990793,0.9293112818590705,0.012175260633914692,0,r2p7
split,stage,2,cov_failure,38108,942,0.9087048832271762,0.8903687673601656,0.9263311490291193,0.009432686249198333,0,r2p7
split,stage,3,cov_failure,39034,689,0.865021770682148,0.8398805281639952,0.8913649025069638,0.01311959096647668,0,r2p7
split,stage,4,cov_failure,38979,267,0.3295880149812734,0.2759227561992539,0.3875125,0.02910751928421596,0,r2p7
split,stage,0,set_size,39569,357,1.6725466905911193,1.6672743629104363,1.6779560986966293,0.0026376458738173103,0,r2p7
split,stage,1,set_size,38648,603,1.6900227696129166,1.6849442720498187,1.6948596285537543,0.002473531387923912,0,r2p7
split,stage,2,set_size,38108,942,1.6944998425527449,1.6892658900608326,1.699239010534354,0.0024726014100354254,0,r2p7
split,stage,3,set_size,39034,689,1.4326228416252498,1.4221741782270743,1.4428359379878664,0.00514066820304152,0,r2p7
split,stage,4,set_size,38979,267,1.077965058108212,1.0733351291887274,1.082919761838921,0.002426006373717377,0,r2p7
split,stage,0,singleton,39569,357,0.3274533094088807,0.32204390130337057,0.3327256370895636,0.0026376458738173103,0,r2p7
split,stage,1,singleton,38648,603,0.3099772303870834,0.3051403714462456,0.31505572795018144,0.002473531387923914,0,r2p7
split,stage,2,singleton,38108,942,0.30550015744725517,0.30076098946564583,0.3107341099391676,0.0024726014100354267,0,r2p7
split,stage,3,singleton,39034,689,0.5673771583747502,0.5571640620121336,0.5778258217729257,0.005140668203041519,0,r2p7
split,stage,4,singleton,38979,267,0.9220349418917879,0.917080238161079,0.9266648708112726,0.002426006373717372,0,r2p7
split,stage,0,doubleton,39569,357,0.6725466905911193,0.6672743629104364,0.6779560986966294,0.0026376458738173133,0,r2p7
split,stage,1,doubleton,38648,603,0.6900227696129165,0.6849442720498186,0.6948596285537544,0.002473531387923917,0,r2p7
split,stage,2,doubleton,38108,942,0.6944998425527449,0.6892658900608324,0.6992390105343542,0.0024726014100354267,0,r2p7
split,stage,3,doubleton,39034,689,0.4326228416252498,0.4221741782270743,0.44283593798786636,0.00514066820304152,0,r2p7
split,stage,4,doubleton,38979,267,0.07796505810821211,0.07333512918872738,0.08291976183892097,0.0024260063737173727,0,r2p7
split,stage,0,empty,39569,357,0.0,0.0,0.0,0.0,0,r2p7
split,stage,1,empty,38648,603,0.0,0.0,0.0,0.0,0,r2p7
split,stage,2,empty,38108,942,0.0,0.0,0.0,0.0,0,r2p7
split,stage,3,empty,39034,689,0.0,0.0,0.0,0.0,0,r2p7
split,stage,4,empty,38979,267,0.0,0.0,0.0,0.0,0,r2p7
split,stage,0,alert_rate,39569,357,0.7618084864414062,0.7576952245338225,0.76587607172639,0.002116231653197372,0,r2p7
split,stage,1,alert_rate,38648,603,0.7753829434899606,0.770986356820217,0.7797089935558785,0.0022356035672265683,0,r2p7
split,stage,2,alert_rate,38108,942,0.7878398236590742,0.7827933063876517,0.792237427973247,0.0023937208283406485,0,r2p7
split,stage,3,alert_rate,39034,689,0.5290772147358713,0.5178519766475189,0.5402878879164765,0.005820340738146732,0,r2p7
split,stage,4,alert_rate,38979,267,0.10423561404859026,0.09787118927589325,0.11068628259026474,0.0032383296073126753,0,r2p7
split,vendor,A,coverage,53551,303,0.9807846725551344,0.9789145464430727,0.9826475014714264,0.0009522458301441777,0,r2p7
split,vendor,B,coverage,39605,430,0.9287716197449817,0.926367810992787,0.9312081877674305,0.001275333499438982,0,r2p7
split,vendor,C,coverage,101182,2125,0.891532090688067,0.8890587928386263,0.8940967703195041,0.0012906170180706589,0,r2p7
split,vendor,A,cov_healthy,53551,303,0.9847318209134616,0.982844430325437,0.9866686685777196,0.0009317036487955435,0,r2p7
split,vendor,B,cov_healthy,39605,430,0.929572431397575,0.9271502250496335,0.9320255200120006,0.0012881095141784081,0,r2p7
split,vendor,C,cov_healthy,101182,2125,0.891022340672542,0.8884892649039793,0.8936094775736342,0.0013172340695204855,0,r2p7
split,vendor,A,cov_failure,53551,303,0.2871287128712871,0.23945919791864964,0.3366710526315789,0.026186588938416046,0,r2p7
split,vendor,B,cov_failure,39605,430,0.8558139534883721,0.8216035534816941,0.8874227993154252,0.01678376765760822,0,r2p7
split,vendor,C,cov_failure,101182,2125,0.9152941176470588,0.9031022568155149,0.9278014684299281,0.006189826213778831,0,r2p7
split,vendor,A,set_size,53551,303,1.0685701480831358,1.0644552434389543,1.072801520211917,0.002088799916921542,0,r2p7
split,vendor,B,set_size,39605,430,1.632773639691958,1.6286278341707436,1.6371650680001073,0.0021141258252558677,0,r2p7
split,vendor,C,set_size,101182,2125,1.7011029629776047,1.6979265025775154,1.704242728242221,0.0016520820153196245,0,r2p7
split,vendor,A,singleton,53551,303,0.9314298519168643,0.9271984797880829,0.9355447565610456,0.0020887999169215497,0,r2p7
split,vendor,B,singleton,39605,430,0.3672263603080419,0.36283493199989264,0.3713721658292563,0.002114125825255866,0,r2p7
split,vendor,C,singleton,101182,2125,0.2988970370223953,0.295757271757779,0.30207349742248446,0.001652082015319622,0,r2p7
split,vendor,A,doubleton,53551,303,0.0685701480831357,0.06445524343895437,0.07280152021191712,0.002088799916921546,0,r2p7
split,vendor,B,doubleton,39605,430,0.6327736396919581,0.6286278341707437,0.6371650680001073,0.002114125825255864,0,r2p7
split,vendor,C,doubleton,101182,2125,0.7011029629776047,0.6979265025775155,0.704242728242221,0.001652082015319622,0,r2p7
split,vendor,A,empty,53551,303,0.0,0.0,0.0,0.0,0,r2p7
split,vendor,B,empty,39605,430,0.0,0.0,0.0,0.0,0,r2p7
split,vendor,C,empty,101182,2125,0.0,0.0,0.0,0.0,0,r2p7
split,vendor,A,alert_rate,53551,303,0.08440551997161584,0.07919486218507109,0.08992894821142668,0.0027516632360756726,0,r2p7
split,vendor,B,alert_rate,39605,430,0.7056684762024997,0.701988268166378,0.7093825037208599,0.0018809896920346503,0,r2p7
split,vendor,C,alert_rate,101182,2125,0.8141863177244965,0.8117630412302145,0.8164622164963767,0.0012067651776436217,0,r2p7
split,vendor_stage,A0,coverage,30,0,1.0,1.0,1.0,0.0,7,r2p7
split,vendor_stage,A1,coverage,35,0,1.0,1.0,1.0,0.0,1,r2p7
split,vendor_stage,A2,coverage,622,3,0.9839228295819936,0.9736842105263158,0.9925498814085524,0.004866150099016784,0,r2p7
split,vendor_stage,A3,coverage,15025,39,0.9849584026622297,0.9823478993547127,0.9876713852509835,0.0013233387570052257,0,r2p7
split,vendor_stage,A4,coverage,37839,261,0.9790427865429847,0.9768074211153522,0.9812658827835659,0.0011603670548694896,0,r2p7
split,vendor_stage,B0,coverage,4632,19,0.9617875647668394,0.9561764215871184,0.9672222417077811,0.0028413368783042027,0,r2p7
split,vendor_stage,B1,coverage,6594,130,0.9554140127388535,0.9503754728526465,0.960050251304236,0.0024790655368366154,0,r2p7
split,vendor_stage,B2,coverage,11822,130,0.9516156318727795,0.9474341316397338,0.9556779269469516,0.0020608966644279094,0,r2p7
split,vendor_stage,B3,coverage,15417,145,0.9089965622364922,0.9040276034709634,0.9141463863061209,0.002560432975215127,0,r2p7
split,vendor_stage,B4,coverage,1140,6,0.6710526315789473,0.6369583730753509,0.7009951493686479,0.016517983181211202,0,r2p7
split,vendor_stage,C0,coverage,34907,338,0.9058355057724812,0.9017654326172809,0.9099629195771285,0.002131278538483189,0,r2p7
split,vendor_stage,C1,coverage,32019,473,0.9117086729754208,0.9078164460339682,0.9152544222144352,0.001960779979076116,0,r2p7
split,vendor_stage,C2,coverage,25664,809,0.889300187032419,0.8848839368025827,0.8932831817750635,0.002192968203007299,0,r2p7
split,vendor_stage,C3,coverage,8592,505,0.7648975791433892,0.7561589063961631,0.7736962491418585,0.004437724991317386,0,r2p7
split,vendor_stage,C4,coverage,0,0,NaN,NaN,NaN,NaN,1000,r2p7
split,vendor_stage,A0,cov_healthy,30,0,1.0,1.0,1.0,0.0,7,r2p7
split,vendor_stage,A1,cov_healthy,35,0,1.0,1.0,1.0,0.0,1,r2p7
split,vendor_stage,A2,cov_healthy,622,3,0.9870759289176091,0.9778472912256447,0.9948733108108109,0.0043748749190574854,0,r2p7
split,vendor_stage,A3,cov_healthy,15025,39,0.9873215000667289,0.9848017823623694,0.9899311646703497,0.0012498802503270582,0,r2p7
split,vendor_stage,A4,cov_healthy,37839,261,0.9836340411943159,0.9814017282689742,0.9857582504070344,0.0011279493892385492,0,r2p7
split,vendor_stage,B0,cov_healthy,4632,19,0.9629308476045957,0.9573314250763156,0.9681659974409937,0.0027821780001077616,0,r2p7
split,vendor_stage,B1,cov_healthy,6594,130,0.9556002475247525,0.9505105143265837,0.9603357862831665,0.002510052028484427,0,r2p7
split,vendor_stage,B2,cov_healthy,11822,130,0.9533014026684913,0.9492136317000285,0.9572772796287172,0.002049916749077652,0,r2p7
split,vendor_stage,B3,cov_healthy,15417,145,0.909573074908329,0.9045253196715207,0.9146873165176667,0.002573995036983947,0,r2p7
split,vendor_stage,B4,cov_healthy,1140,6,0.6701940035273368,0.6354901908871885,0.7006933278450238,0.016632367894237512,0,r2p7
split,vendor_stage,C0,cov_healthy,34907,338,0.9059851311869016,0.901909159995049,0.9100732324526161,0.0021485437154774144,0,r2p7
split,vendor_stage,C1,cov_healthy,32019,473,0.9119698218474609,0.9079217847106003,0.9156989271082029,0.001976329259023477,0,r2p7
split,vendor_stage,C2,cov_healthy,25664,809,0.888030577348622,0.8833838749511589,0.8921251193318147,0.0022633453277486138,0,r2p7
split,vendor_stage,C3,cov_healthy,8592,505,0.7545443304068258,0.7455030425388821,0.7637163803989737,0.004631222243112711,0,r2p7
split,vendor_stage,C4,cov_healthy,0,0,NaN,NaN,NaN,NaN,1000,r2p7
split,vendor_stage,A0,cov_failure,30,0,NaN,NaN,NaN,NaN,1000,r2p7
split,vendor_stage,A1,cov_failure,35,0,NaN,NaN,NaN,NaN,1000,r2p7
split,vendor_stage,A2,cov_failure,622,3,0.3333333333333333,0.0,1.0,0.31139753681425514,51,r2p7
split,vendor_stage,A3,cov_failure,15025,39,0.07692307692307693,0.0,0.17074912891986063,0.04335919782356142,0,r2p7
split,vendor_stage,A4,cov_failure,37839,261,0.31800766283524906,0.2631363244176014,0.375,0.029033760517620428,0,r2p7
split,vendor_stage,B0,cov_failure,4632,19,0.6842105263157895,0.47058823529411764,0.8966379310344827,0.11145939497673236,0,r2p7
split,vendor_stage,B1,cov_failure,6594,130,0.9461538461538461,0.9071138583638584,0.9812514602803738,0.01919776150721976,0,r2p7
split,vendor_stage,B2,cov_failure,11822,130,0.8,0.7301065162907268,0.8699264568981567,0.035806837105493525,0,r2p7
split,vendor_stage,B3,cov_failure,15417,145,0.8482758620689655,0.78570230105465,0.9027889784946237,0.02990939788920073,0,r2p7
split,vendor_stage,B4,cov_failure,1140,6,0.8333333333333334,0.5,1.0,0.17005444552406274,0,r2p7
split,vendor_stage,C0,cov_failure,34907,338,0.8905325443786982,0.8539808349957253,0.9203598386257158,0.017060719333343036,0,r2p7
split,vendor_stage,C1,cov_failure,32019,473,0.8942917547568711,0.8639182615390768,0.9211059687200767,0.01468113827574367,0,r2p7
split,vendor_stage,C2,cov_failure,25664,809,0.9283065512978986,0.9107131779510812,0.9447978436864403,0.008940777557502947,0,r2p7
split,vendor_stage,C3,cov_failure,8592,505,0.9306930693069307,0.9089101144333702,0.9507204037252017,0.011124822149607026,0,r2p7
split,vendor_stage,C4,cov_failure,0,0,NaN,NaN,NaN,NaN,1000,r2p7
split,vendor_stage,A0,set_size,30,0,1.0666666666666667,1.0,1.1428571428571428,0.03868765062529103,7,r2p7
split,vendor_stage,A1,set_size,35,0,1.0285714285714285,1.0,1.0833333333333333,0.026121389008554777,1,r2p7
split,vendor_stage,A2,set_size,622,3,1.0996784565916398,1.0753974637041956,1.1277608968740187,0.0131272603562718,0,r2p7
split,vendor_stage,A3,set_size,15025,39,1.076073211314476,1.0694571428177404,1.083014960045099,0.003365160297387499,0,r2p7
split,vendor_stage,A4,set_size,37839,261,1.0651179999471445,1.0608145679048522,1.069704673337842,0.0022657651569456434,0,r2p7
split,vendor_stage,B0,set_size,4632,19,1.5477115716753023,1.5336901558313663,1.5608949872012554,0.006730967691415974,0,r2p7
split,vendor_stage,B1,set_size,6594,130,1.6401273885350318,1.6298506402827997,1.6504109528174205,0.0054019552653902705,0,r2p7
split,vendor_stage,B2,set_size,11822,130,1.6514972085941466,1.644888207789427,1.6580838536483835,0.0034587816614022986,0,r2p7
split,vendor_stage,B3,set_size,15417,145,1.6503210741389376,1.6437665313602967,1.657681198681095,0.0034019607009348487,0,r2p7
split,vendor_stage,B4,set_size,1140,6,1.5043859649122806,1.4748535985641351,1.5315476761130498,0.014479622748207679,0,r2p7
split,vendor_stage,C0,set_size,34907,338,1.6896324519437362,1.6839892179485711,1.6952910149438631,0.002779753686693051,0,r2p7
split,vendor_stage,C1,set_size,32019,473,1.7010212686217558,1.6957910244256909,1.7062806839658353,0.002691147608439356,0,r2p7
split,vendor_stage,C2,set_size,25664,809,1.7287250623441397,1.72308518703834,1.7339906166152037,0.002857196387755156,0,r2p7
split,vendor_stage,C3,set_size,8592,505,1.6655027932960893,1.654984879613197,1.6750401395487506,0.0051179924347047245,0,r2p7
split,vendor_stage,C4,set_size,0,0,NaN,NaN,NaN,NaN,1000,r2p7
split,vendor_stage,A0,singleton,30,0,0.9333333333333333,0.8571428571428571,1.0,0.03868765062529106,7,r2p7
split,vendor_stage,A1,singleton,35,0,0.9714285714285714,0.9166666666666666,1.0,0.026121389008554895,1,r2p7
split,vendor_stage,A2,singleton,622,3,0.9003215434083601,0.8722391031259814,0.9246025362958042,0.013127260356271804,0,r2p7
split,vendor_stage,A3,singleton,15025,39,0.9239267886855241,0.9169850399549011,0.9305428571822598,0.0033651602973875003,0,r2p7
split,vendor_stage,A4,singleton,37839,261,0.9348820000528555,0.9302953266621581,0.9391854320951479,0.002265765156945645,0,r2p7
split,vendor_stage,B0,singleton,4632,19,0.45228842832469773,0.4391050127987447,0.46630984416863386,0.0067309676914159774,0,r2p7
split,vendor_stage,B1,singleton,6594,130,0.35987261146496813,0.34958904718257944,0.37014935971720037,0.0054019552653902705,0,r2p7
split,vendor_stage,B2,singleton,11822,130,0.3485027914058535,0.3419161463516165,0.355111792210573,0.0034587816614022986,0,r2p7
split,vendor_stage,B3,singleton,15417,145,0.3496789258610625,0.34231880131890496,0.3562334686397034,0.0034019607009348504,0,r2p7
split,vendor_stage,B4,singleton,1140,6,0.4956140350877193,0.4684523238869502,0.5251464014358649,0.01447962274820771,0,r2p7
split,vendor_stage,C0,singleton,34907,338,0.31036754805626376,0.30470898505613686,0.31601078205142874,0.0027797536866930542,0,r2p7
split,vendor_stage,C1,singleton,32019,473,0.29897873137824416,0.2937193160341647,0.3042089755743091,0.0026911476084393606,0,r2p7
split,vendor_stage,C2,singleton,25664,809,0.27127493765586036,0.2660093833847961,0.2769148129616602,0.002857196387755156,0,r2p7
split,vendor_stage,C3,singleton,8592,505,0.3344972067039106,0.3249598604512493,0.34501512038680315,0.005117992434704721,0,r2p7
split,vendor_stage,C4,singleton,0,0,NaN,NaN,NaN,NaN,1000,r2p7
split,vendor_stage,A0,doubleton,30,0,0.06666666666666667,0.0,0.14285714285714285,0.03868765062529116,7,r2p7
split,vendor_stage,A1,doubleton,35,0,0.02857142857142857,0.0,0.08333333333333333,0.02612138900855482,1,r2p7
split,vendor_stage,A2,doubleton,622,3,0.09967845659163987,0.07539746370419569,0.1277608968740186,0.013127260356271816,0,r2p7
split,vendor_stage,A3,doubleton,15025,39,0.07607321131447588,0.06945714281774022,0.0830149600450989,0.0033651602973875025,0,r2p7
split,vendor_stage,A4,doubleton,37839,261,0.06511799994714448,0.060814567904852145,0.069704673337842,0.0022657651569456426,0,r2p7
split,vendor_stage,B0,doubleton,4632,19,0.5477115716753023,0.5336901558313663,0.5608949872012554,0.006730967691415978,0,r2p7
split,vendor_stage,B1,doubleton,6594,130,0.6401273885350318,0.6298506402827997,0.6504109528174206,0.0054019552653902705,0,r2p7
split,vendor_stage,B2,doubleton,11822,130,0.6514972085941465,0.644888207789427,0.6580838536483834,0.003458781661402298,0,r2p7
split,vendor_stage,B3,doubleton,15417,145,0.6503210741389376,0.6437665313602965,0.6576811986810951,0.0034019607009348517,0,r2p7
split,vendor_stage,B4,doubleton,1140,6,0.5043859649122807,0.4748535985641351,0.5315476761130498,0.014479622748207714,0,r2p7
split,vendor_stage,C0,doubleton,34907,338,0.6896324519437362,0.6839892179485713,0.6952910149438631,0.002779753686693054,0,r2p7
split,vendor_stage,C1,doubleton,32019,473,0.7010212686217558,0.6957910244256909,0.7062806839658352,0.00269114760843936,0,r2p7
split,vendor_stage,C2,doubleton,25664,809,0.7287250623441397,0.7230851870383397,0.7339906166152039,0.0028571963877551576,0,r2p7
split,vendor_stage,C3,doubleton,8592,505,0.6655027932960894,0.6549848796131967,0.6750401395487506,0.005117992434704719,0,r2p7
split,vendor_stage,C4,doubleton,0,0,NaN,NaN,NaN,NaN,1000,r2p7
split,vendor_stage,A0,empty,30,0,0.0,0.0,0.0,0.0,7,r2p7
split,vendor_stage,A1,empty,35,0,0.0,0.0,0.0,0.0,1,r2p7
split,vendor_stage,A2,empty,622,3,0.0,0.0,0.0,0.0,0,r2p7
split,vendor_stage,A3,empty,15025,39,0.0,0.0,0.0,0.0,0,r2p7
split,vendor_stage,A4,empty,37839,261,0.0,0.0,0.0,0.0,0,r2p7
split,vendor_stage,B0,empty,4632,19,0.0,0.0,0.0,0.0,0,r2p7
split,vendor_stage,B1,empty,6594,130,0.0,0.0,0.0,0.0,0,r2p7
split,vendor_stage,B2,empty,11822,130,0.0,0.0,0.0,0.0,0,r2p7
split,vendor_stage,B3,empty,15417,145,0.0,0.0,0.0,0.0,0,r2p7
split,vendor_stage,B4,empty,1140,6,0.0,0.0,0.0,0.0,0,r2p7
split,vendor_stage,C0,empty,34907,338,0.0,0.0,0.0,0.0,0,r2p7
split,vendor_stage,C1,empty,32019,473,0.0,0.0,0.0,0.0,0,r2p7
split,vendor_stage,C2,empty,25664,809,0.0,0.0,0.0,0.0,0,r2p7
split,vendor_stage,C3,empty,8592,505,0.0,0.0,0.0,0.0,0,r2p7
split,vendor_stage,C4,empty,0,0,NaN,NaN,NaN,NaN,1000,r2p7
split,vendor_stage,A0,alert_rate,30,0,0.06666666666666667,0.0,0.14285714285714285,0.03868765062529116,7,r2p7
split,vendor_stage,A1,alert_rate,35,0,0.02857142857142857,0.0,0.08333333333333333,0.02612138900855482,1,r2p7
split,vendor_stage,A2,alert_rate,622,3,0.11254019292604502,0.08635292449751499,0.14465941546259922,0.015130310244525578,0,r2p7
split,vendor_stage,A3,alert_rate,15025,39,0.08871880199667222,0.08115943053429363,0.09692932783624411,0.004018552410354765,0,r2p7
split,vendor_stage,A4,alert_rate,37839,261,0.0822960437643701,0.0761399894444715,0.08855780879614715,0.0030652423990732178,0,r2p7
split,vendor_stage,B0,alert_rate,4632,19,0.5850604490500864,0.5712392252844192,0.5991776962094408,0.007076828872166683,0,r2p7
split,vendor_stage,B1,alert_rate,6594,130,0.6907794965119806,0.6807348988971061,0.7005132117232622,0.0050499064571504345,0,r2p7
split,vendor_stage,B2,alert_rate,11822,130,0.7002199289460328,0.6939224987109323,0.7062517652784427,0.0032056911438511733,0,r2p7
split,vendor_stage,B3,alert_rate,15417,145,0.7430758253875592,0.7374394643303404,0.7488971789802522,0.0029792457254138906,0,r2p7
split,vendor_stage,B4,alert_rate,1140,6,0.8324561403508772,0.8109607817243518,0.8541318997959576,0.010842452254329588,0,r2p7
split,vendor_stage,C0,alert_rate,34907,338,0.785859569713811,0.7818746642242684,0.7898092848756504,0.002001026528421799,0,r2p7
split,vendor_stage,C1,alert_rate,32019,473,0.7936225366188825,0.7888975570731066,0.7982611260485787,0.002363714908603212,0,r2p7
split,vendor_stage,C2,alert_rate,25664,809,0.8445682668329177,0.8393080737866678,0.8491933548413416,0.0024344975927708505,0,r2p7
split,vendor_stage,C3,alert_rate,8592,505,0.9151536312849162,0.9083140127008219,0.9211973545487022,0.003313118460013892,0,r2p7
split,vendor_stage,C4,alert_rate,0,0,NaN,NaN,NaN,NaN,1000,r2p7
mondrian_class,all,all,coverage,194338,2858,0.9245335446490136,0.9229227500833861,0.926224347188148,0.0008388396307462486,0,r2p7
mondrian_class,all,all,cov_healthy,194338,2858,0.92496866513474,0.9233451900380619,0.9266465153462121,0.0008524600665783274,0,r2p7
mondrian_class,all,all,cov_failure,194338,2858,0.8953813855843247,0.8793338075085648,0.9128019366614517,0.008305839886938664,0,r2p7
mondrian_class,all,all,set_size,194338,2858,1.6024709526700902,1.5878612127047105,1.618321623111092,0.008010973058698643,0,r2p7
mondrian_class,all,all,singleton,194338,2858,0.39752904732990973,0.38167837688890804,0.41213878729528947,0.00801097305869864,0,r2p7
mondrian_class,all,all,doubleton,194338,2858,0.6024709526700902,0.5878612127047105,0.618321623111092,0.00801097305869864,0,r2p7
mondrian_class,all,all,empty,194338,2858,0.0,0.0,0.0,0.0,0,r2p7
mondrian_class,all,all,alert_rate,194338,2858,0.6805668474513477,0.665712024207892,0.6969075770055647,0.00819025273474908,0,r2p7
mondrian_class,stage,0,coverage,39569,357,0.9130885288988855,0.9093919161142382,0.916762817763682,0.0019185833552557415,0,r2p7
mondrian_class,stage,1,coverage,38648,603,0.920332229352101,0.9168441244724996,0.923458061278426,0.0016685999634765067,0,r2p7
mondrian_class,stage,2,coverage,38108,942,0.9115146425947308,0.9083134628208505,0.914713441585788,0.0016717285751620022,0,r2p7
mondrian_class,stage,3,coverage,39034,689,0.9073115745247733,0.9040022571382976,0.9108042234890189,0.0017452385290849693,0,r2p7
mondrian_class,stage,4,coverage,38979,267,0.9702916955283615,0.9679026362678953,0.9727593971494087,0.0012716684368049487,0,r2p7
mondrian_class,stage,0,cov_healthy,39569,357,0.9127562990921146,0.9090189724452828,0.9165213489496277,0.0019448422225630951,0,r2p7
mondrian_class,stage,1,cov_healthy,38648,603,0.9194637928768563,0.9159918269077951,0.9226220087752098,0.0016865654437162414,0,r2p7
mondrian_class,stage,2,cov_healthy,38108,942,0.9102136361190335,0.9068491772310056,0.9134813840016142,0.0017128147414609525,0,r2p7
mondrian_class,stage,3,cov_healthy,39034,689,0.9072630069109402,0.9038475014990747,0.9108471236349402,0.0017736037540464257,0,r2p7
mondrian_class,stage,4,cov_healthy,38979,267,0.9744523661913619,0.9720773633187892,0.9767787590473745,0.001231713833205911,0,r2p7
mondrian_class,stage,0,cov_failure,39569,357,0.9495798319327731,0.9235289951674721,0.9741416256157636,0.012532824341992233,0,r2p7
mondrian_class,stage,1,cov_failure,38648,603,0.9751243781094527,0.9497167840660675,0.9882943143812709,0.00985112638284832,0,r2p7
mondrian_class,stage,2,cov_failure,38108,942,0.9628450106157113,0.9484750297470806,0.9753379415361743,0.0069113674091408036,0,r2p7
mondrian_class,stage,3,cov_failure,39034,689,0.9100145137880987,0.885627667104864,0.9340233198087815,0.012039201474329362,0,r2p7
mondrian_class,stage,4,cov_failure,38979,267,0.36704119850187267,0.31027201770736257,0.4587872377930548,0.03765251043465343,0,r2p7
mondrian_class,stage,0,set_size,39569,357,1.755692587631732,1.7402521624893024,1.7682697342021507,0.007190432567059116,0,r2p7
mondrian_class,stage,1,set_size,38648,603,1.831297867936245,1.80852015261283,1.8422131391989902,0.008812034773344376,0,r2p7
mondrian_class,stage,2,set_size,38108,942,1.8076256953920438,1.7928896904300053,1.8210304915095716,0.007433526654016174,0,r2p7
mondrian_class,stage,3,set_size,39034,689,1.5076343700363786,1.4925528337907117,1.5284871723689992,0.009286767040544376,0,r2p7
mondrian_class,stage,4,set_size,38979,267,1.1144462402832294,1.1046330618981273,1.1398723466989003,0.008846817432220605,0,r2p7
mondrian_class,stage,0,singleton,39569,357,0.24430741236826808,0.23173026579784928,0.25974783751069763,0.007190432567059114,0,r2p7
mondrian_class,stage,1,singleton,38648,603,0.16870213206375492,0.15778686080100968,0.1914798473871699,0.008812034773344383,0,r2p7
mondrian_class,stage,2,singleton,38108,942,0.19237430460795635,0.17896950849042834,0.2071103095699947,0.007433526654016176,0,r2p7
mondrian_class,stage,3,singleton,39034,689,0.49236562996362143,0.4715128276310006,0.5074471662092884,0.009286767040544373,0,r2p7
mondrian_class,stage,4,singleton,38979,267,0.8855537597167705,0.8601276533010999,0.8953669381018728,0.008846817432220605,0,r2p7
mondrian_class,stage,0,doubleton,39569,357,0.7556925876317319,0.7402521624893024,0.7682697342021507,0.007190432567059117,0,r2p7
mondrian_class,stage,1,doubleton,38648,603,0.831297867936245,0.8085201526128302,0.8422131391989903,0.008812034773344376,0,r2p7
mondrian_class,stage,2,doubleton,38108,942,0.8076256953920437,0.7928896904300053,0.8210304915095716,0.007433526654016176,0,r2p7
mondrian_class,stage,3,doubleton,39034,689,0.5076343700363786,0.4925528337907117,0.5284871723689993,0.009286767040544373,0,r2p7
mondrian_class,stage,4,doubleton,38979,267,0.11444624028322943,0.10463306189812716,0.13987234669890017,0.008846817432220605,0,r2p7
mondrian_class,stage,0,empty,39569,357,0.0,0.0,0.0,0.0,0,r2p7
mondrian_class,stage,1,empty,38648,603,0.0,0.0,0.0,0.0,0,r2p7
mondrian_class,stage,2,empty,38108,942,0.0,0.0,0.0,0.0,0,r2p7
mondrian_class,stage,3,empty,39034,689,0.0,0.0,0.0,0.0,0,r2p7
mondrian_class,stage,4,empty,38979,267,0.0,0.0,0.0,0.0,0,r2p7
mondrian_class,stage,0,alert_rate,39569,357,0.8449543834820188,0.8296449227404343,0.8576506291354581,0.007080836929890657,0,r2p7
mondrian_class,stage,1,alert_rate,38648,603,0.9166580418132891,0.8942007821799607,0.9269116646103609,0.008679337126122403,0,r2p7
mondrian_class,stage,2,alert_rate,38108,942,0.900965676498373,0.8862297918215767,0.9142728972867401,0.007420442862611041,0,r2p7
mondrian_class,stage,3,alert_rate,39034,689,0.604088743147,0.5879975509215422,0.6252414544571404,0.009706493422864147,0,r2p7
mondrian_class,stage,4,alert_rate,38979,267,0.14071679622360758,0.13023815588250495,0.16621607687720324,0.009144680358159818,0,r2p7
mondrian_class,vendor,A,coverage,53551,303,0.9810087580063864,0.9791362352074043,0.9828972419719532,0.0009601400939123433,0,r2p7
mondrian_class,vendor,B,coverage,39605,430,0.9296048478727433,0.9271585969099002,0.9321290264734556,0.0012765619464786557,0,r2p7
mondrian_class,vendor,C,coverage,101182,2125,0.8926587732995988,0.8901327118705,0.8952389083914705,0.001288997718384581,0,r2p7
mondrian_class,vendor,A,cov_healthy,53551,303,0.9847318209134616,0.982844430325437,0.9866686685777196,0.0009317036487955435,0,r2p7
mondrian_class,vendor,B,cov_healthy,39605,430,0.929572431397575,0.9271502250496335,0.9320255200120006,0.0012881095141784081,0,r2p7
mondrian_class,vendor,C,cov_healthy,101182,2125,0.891022340672542,0.8884892649039793,0.8936094775736342,0.0013172340695204855,0,r2p7
mondrian_class,vendor,A,cov_failure,53551,303,0.32673267326732675,0.2717760566580821,0.4138042629170851,0.03524562239891145,0,r2p7
mondrian_class,vendor,B,cov_failure,39605,430,0.9325581395348838,0.903144065000643,0.9568800539083558,0.013513450324166454,0,r2p7
mondrian_class,vendor,C,cov_failure,101182,2125,0.9689411764705882,0.9557227314999336,0.978451746589785,0.005572336284208425,0,r2p7
mondrian_class,vendor,A,set_size,53551,303,1.1064966107075498,1.0977135575518684,1.1310088643646294,0.008409301061673495,0,r2p7
mondrian_class,vendor,B,set_size,39605,430,1.749829566973867,1.72856364015719,1.767239911431552,0.009933918131861577,0,r2p7
mondrian_class,vendor,C,set_size,101182,2125,1.8072878575240656,1.791939764262176,1.8174336593242153,0.006638235113591367,0,r2p7
mondrian_class,vendor,A,singleton,53551,303,0.8935033892924502,0.8689911356353707,0.9022864424481314,0.008409301061673487,0,r2p7
mondrian_class,vendor,B,singleton,39605,430,0.25017043302613307,0.2327600885684479,0.27143635984280995,0.009933918131861586,0,r2p7
mondrian_class,vendor,C,singleton,101182,2125,0.19271214247593446,0.18256634067578462,0.208060235737824,0.006638235113591372,0,r2p7
mondrian_class,vendor,A,doubleton,53551,303,0.10649661070754982,0.09771355755186852,0.13100886436462936,0.00840930106167348,0,r2p7
mondrian_class,vendor,B,doubleton,39605,430,0.7498295669738669,0.7285636401571901,0.7672399114315521,0.00993391813186158,0,r2p7
mondrian_class,vendor,C,doubleton,101182,2125,0.8072878575240655,0.791939764262176,0.8174336593242153,0.0066382351135913726,0,r2p7
mondrian_class,vendor,A,empty,53551,303,0.0,0.0,0.0,0.0,0,r2p7
mondrian_class,vendor,B,empty,39605,430,0.0,0.0,0.0,0.0,0,r2p7
mondrian_class,vendor,C,empty,101182,2125,0.0,0.0,0.0,0.0,0,r2p7
mondrian_class,vendor,A,alert_rate,53551,303,0.12233198259602995,0.11301200753516627,0.1468939960279279,0.008631396398295845,0,r2p7
mondrian_class,vendor,B,alert_rate,39605,430,0.8227244034844086,0.8018231938218222,0.8412944829279826,0.009860408852357349,0,r2p7
mondrian_class,vendor,C,alert_rate,101182,2125,0.9203712122709573,0.9049616813355613,0.9306743622190061,0.0065802137404886215,0,r2p7
mondrian_class,vendor_stage,A0,coverage,30,0,1.0,1.0,1.0,0.0,7,r2p7
mondrian_class,vendor_stage,A1,coverage,35,0,1.0,1.0,1.0,0.0,1,r2p7
mondrian_class,vendor_stage,A2,coverage,622,3,0.9855305466237942,0.9753759750390015,0.9937994051671623,0.004706528220270729,0,r2p7
mondrian_class,vendor_stage,A3,coverage,15025,39,0.9850915141430948,0.9825675799772925,0.9877511168004264,0.0013091334168112531,0,r2p7
mondrian_class,vendor_stage,A4,coverage,37839,261,0.979280636380454,0.9770897521006392,0.9815009691700226,0.0011684289331748302,0,r2p7
mondrian_class,vendor_stage,B0,coverage,4632,19,0.9626511226252159,0.9570739442012584,0.9679478380613524,0.002780838469882881,0,r2p7
mondrian_class,vendor_stage,B1,coverage,6594,130,0.9563239308462238,0.951234099214171,0.9609136649268616,0.002465380690869595,0,r2p7
mondrian_class,vendor_stage,B2,coverage,11822,130,0.9527152766029436,0.9485449081593819,0.9568138419312836,0.002040982607066183,0,r2p7
mondrian_class,vendor_stage,B3,coverage,15417,145,0.9095803333981968,0.9047211503856556,0.9146260814841906,0.0025497967743612596,0,r2p7
mondrian_class,vendor_stage,B4,coverage,1140,6,0.6719298245614035,0.6370285063017732,0.7014501581048157,0.016596394088429032,0,r2p7
mondrian_class,vendor_stage,C0,coverage,34907,338,0.9064371043057267,0.9024517550288254,0.9105621286723921,0.0021219529085584016,0,r2p7
mondrian_class,vendor_stage,C1,coverage,32019,473,0.9128330054030419,0.9088859936464171,0.9165739308951697,0.0019527353007134326,0,r2p7
mondrian_class,vendor_stage,C2,coverage,25664,809,0.8907418952618454,0.8862730231279448,0.8946632471641799,0.0021940641233759222,0,r2p7
mondrian_class,vendor_stage,C3,coverage,8592,505,0.7672253258845437,0.7586396783671061,0.7759816351737759,0.004413240789790828,0,r2p7
mondrian_class,vendor_stage,C4,coverage,0,0,NaN,NaN,NaN,NaN,1000,r2p7
mondrian_class,vendor_stage,A0,cov_healthy,30,0,1.0,1.0,1.0,0.0,7,r2p7
mondrian_class,vendor_stage,A1,cov_healthy,35,0,1.0,1.0,1.0,0.0,1,r2p7
mondrian_class,vendor_stage,A2,cov_healthy,622,3,0.9870759289176091,0.9778472912256447,0.9948733108108109,0.0043748749190574854,0,r2p7
mondrian_class,vendor_stage,A3,cov_healthy,15025,39,0.9873215000667289,0.9848017823623694,0.9899311646703497,0.0012498802503270582,0,r2p7
mondrian_class,vendor_stage,A4,cov_healthy,37839,261,0.9836340411943159,0.9814017282689742,0.9857582504070344,0.0011279493892385492,0,r2p7
mondrian_class,vendor_stage,B0,cov_healthy,4632,19,0.9629308476045957,0.9573314250763156,0.9681659974409937,0.0027821780001077616,0,r2p7
mondrian_class,vendor_stage,B1,cov_healthy,6594,130,0.9556002475247525,0.9505105143265837,0.9603357862831665,0.002510052028484427,0,r2p7
mondrian_class,vendor_stage,B2,cov_healthy,11822,130,0.9533014026684913,0.9492136317000285,0.9572772796287172,0.002049916749077652,0,r2p7
mondrian_class,vendor_stage,B3,cov_healthy,15417,145,0.909573074908329,0.9045253196715207,0.9146873165176667,0.002573995036983947,0,r2p7
mondrian_class,vendor_stage,B4,cov_healthy,1140,6,0.6701940035273368,0.6354901908871885,0.7006933278450238,0.016632367894237512,0,r2p7
mondrian_class,vendor_stage,C0,cov_healthy,34907,338,0.9059851311869016,0.901909159995049,0.9100732324526161,0.0021485437154774144,0,r2p7
mondrian_class,vendor_stage,C1,cov_healthy,32019,473,0.9119698218474609,0.9079217847106003,0.9156989271082029,0.001976329259023477,0,r2p7
mondrian_class,vendor_stage,C2,cov_healthy,25664,809,0.888030577348622,0.8833838749511589,0.8921251193318147,0.0022633453277486138,0,r2p7
mondrian_class,vendor_stage,C3,cov_healthy,8592,505,0.7545443304068258,0.7455030425388821,0.7637163803989737,0.004631222243112711,0,r2p7
mondrian_class,vendor_stage,C4,cov_healthy,0,0,NaN,NaN,NaN,NaN,1000,r2p7
mondrian_class,vendor_stage,A0,cov_failure,30,0,NaN,NaN,NaN,NaN,1000,r2p7
mondrian_class,vendor_stage,A1,cov_failure,35,0,NaN,NaN,NaN,NaN,1000,r2p7
mondrian_class,vendor_stage,A2,cov_failure,622,3,0.6666666666666666,0.0,1.0,0.321058743571765,51,r2p7
mondrian_class,vendor_stage,A3,cov_failure,15025,39,0.1282051282051282,0.030280748663101608,0.2571658986175115,0.0570912576082815,0,r2p7
mondrian_class,vendor_stage,A4,cov_failure,37839,261,0.3524904214559387,0.2957132118853909,0.442810266710262,0.03808724586446377,0,r2p7
mondrian_class,vendor_stage,B0,cov_failure,4632,19,0.8947368421052632,0.7142857142857143,1.0,0.07685414554922687,0,r2p7
mondrian_class,vendor_stage,B1,cov_failure,6594,130,0.9923076923076923,0.9590135863462833,1.0,0.012224608241584573,0,r2p7
mondrian_class,vendor_stage,B2,cov_failure,11822,130,0.9,0.8420753588516746,0.9500103305785124,0.027541786391075056,0,r2p7
mondrian_class,vendor_stage,B3,cov_failure,15417,145,0.9103448275862069,0.8618345141700404,0.9562635030864198,0.024802696489166078,0,r2p7
mondrian_class,vendor_stage,B4,cov_failure,1140,6,1.0,1.0,1.0,0.0,0,r2p7
mondrian_class,vendor_stage,C0,cov_failure,34907,338,0.9526627218934911,0.9273624587539613,0.9759036144578314,0.012361209146688468,0,r2p7
mondrian_class,vendor_stage,C1,cov_failure,32019,473,0.9704016913319239,0.9434312512883941,0.985418179460581,0.010896036708333235,0,r2p7
mondrian_class,vendor_stage,C2,cov_failure,25664,809,0.9740420271940667,0.9613473379890366,0.9845763304744398,0.006046062417952458,0,r2p7
mondrian_class,vendor_stage,C3,cov_failure,8592,505,0.9702970297029703,0.9519934362934362,0.9846750620865475,0.008587921287744587,0,r2p7
mondrian_class,vendor_stage,C4,cov_failure,0,0,NaN,NaN,NaN,NaN,1000,r2p7
mondrian_class,vendor_stage,A0,set_size,30,0,1.1,1.0,1.2978378378378377,0.06525892681874984,7,r2p7
mondrian_class,vendor_stage,A1,set_size,35,0,1.0857142857142856,1.0,1.2176328502415457,0.05736466704943704,1,r2p7
mondrian_class,vendor_stage,A2,set_size,622,3,1.139871382636656,1.1105689044514209,1.1762676443719735,0.016700540656682052,0,r2p7
mondrian_class,vendor_stage,A3,set_size,15025,39,1.118801996672213,1.1099067836944165,1.1424454905545192,0.008097981541782198,0,r2p7
mondrian_class,vendor_stage,A4,set_size,37839,261,1.101086180924443,1.0917562919167394,1.1266794146101504,0.00891931553852276,0,r2p7
mondrian_class,vendor_stage,B0,set_size,4632,19,1.6357944732297063,1.608961163844353,1.6612206441040527,0.01341699814757311,0,r2p7
mondrian_class,vendor_stage,B1,set_size,6594,130,1.7764634516226874,1.7419710360770295,1.7905056749453414,0.012612992417970401,0,r2p7
mondrian_class,vendor_stage,B2,set_size,11822,130,1.7705126036203689,1.7514662330927333,1.787892109600743,0.009288080670417441,0,r2p7
mondrian_class,vendor_stage,B3,set_size,15417,145,1.771031977686969,1.7517235377890013,1.7918406638655922,0.01045467999154115,0,r2p7
mondrian_class,vendor_stage,B4,set_size,1140,6,1.5578947368421052,1.5226505410907534,1.584460649029311,0.01584012648731577,0,r2p7
mondrian_class,vendor_stage,C0,set_size,34907,338,1.7721660411951758,1.757611608306453,1.7830454474488269,0.006629956746275248,0,r2p7
mondrian_class,vendor_stage,C1,set_size,32019,473,1.843405477997439,1.8229810921966427,1.8544772473698667,0.008269213287556684,0,r2p7
mondrian_class,vendor_stage,C2,set_size,25664,809,1.840905548628429,1.827440414580997,1.85285170221822,0.00677963842881555,0,r2p7
mondrian_class,vendor_stage,C3,set_size,8592,505,1.714967411545624,1.7026965915358772,1.7255180605153702,0.005983352734473451,0,r2p7
mondrian_class,vendor_stage,C4,set_size,0,0,NaN,NaN,NaN,NaN,1000,r2p7
mondrian_class,vendor_stage,A0,singleton,30,0,0.9,0.7021621621621622,1.0,0.06525892681874981,7,r2p7
mondrian_class,vendor_stage,A1,singleton,35,0,0.9142857142857143,0.7823671497584541,1.0,0.05736466704943703,1,r2p7
mondrian_class,vendor_stage,A2,singleton,622,3,0.860128617363344,0.8237323556280267,0.8894310955485792,0.016700540656682052,0,r2p7
mondrian_class,vendor_stage,A3,singleton,15025,39,0.881198003327787,0.8575545094454808,0.8900932163055835,0.008097981541782208,0,r2p7
mondrian_class,vendor_stage,A4,singleton,37839,261,0.898913819075557,0.8733205853898497,0.9082437080832605,0.008919315538522753,0,r2p7
mondrian_class,vendor_stage,B0,singleton,4632,19,0.3642055267702936,0.3387793558959473,0.3910388361556469,0.01341699814757311,0,r2p7
mondrian_class,vendor_stage,B1,singleton,6594,130,0.2235365483773127,0.2094943250546587,0.2580289639229705,0.012612992417970401,0,r2p7
mondrian_class,vendor_stage,B2,singleton,11822,130,0.2294873963796312,0.21210789039925712,0.2485337669072667,0.009288080670417443,0,r2p7
mondrian_class,vendor_stage,B3,singleton,15417,145,0.22896802231303107,0.20815933613440782,0.24827646221099878,0.010454679991541142,0,r2p7
mondrian_class,vendor_stage,B4,singleton,1140,6,0.4421052631578947,0.41553935097068895,0.47734945890924674,0.015840126487315778,0,r2p7
mondrian_class,vendor_stage,C0,singleton,34907,338,0.22783395880482424,0.21695455255117302,0.24238839169354706,0.006629956746275245,0,r2p7
mondrian_class,vendor_stage,C1,singleton,32019,473,0.156594522002561,0.14552275263013328,0.17701890780335727,0.00826921328755668,0,r2p7
mondrian_class,vendor_stage,C2,singleton,25664,809,0.15909445137157108,0.14714829778177999,0.17255958541900301,0.006779638428815556,0,r2p7
mondrian_class,vendor_stage,C3,singleton,8592,505,0.2850325884543762,0.2744819394846297,0.2973034084641228,0.005983352734473451,0,r2p7
mondrian_class,vendor_stage,C4,singleton,0,0,NaN,NaN,NaN,NaN,1000,r2p7
mondrian_class,vendor_stage,A0,doubleton,30,0,0.1,0.0,0.2978378378378377,0.06525892681874977,7,r2p7
mondrian_class,vendor_stage,A1,doubleton,35,0,0.08571428571428572,0.0,0.21763285024154566,0.05736466704943706,1,r2p7
mondrian_class,vendor_stage,A2,doubleton,622,3,0.13987138263665594,0.11056890445142074,0.17626764437197334,0.016700540656682056,0,r2p7
mondrian_class,vendor_stage,A3,doubleton,15025,39,0.11880199667221297,0.10990678369441662,0.14244549055451916,0.008097981541782207,0,r2p7
mondrian_class,vendor_stage,A4,doubleton,37839,261,0.10108618092444303,0.09175629191673947,0.1266794146101503,0.00891931553852275,0,r2p7
mondrian_class,vendor_stage,B0,doubleton,4632,19,0.6357944732297064,0.6089611638443532,0.6612206441040527,0.013416998147573104,0,r2p7
mondrian_class,vendor_stage,B1,doubleton,6594,130,0.7764634516226873,0.7419710360770295,0.7905056749453414,0.0126129924179704,0,r2p7
mondrian_class,vendor_stage,B2,doubleton,11822,130,0.7705126036203688,0.7514662330927333,0.787892109600743,0.00928808067041744,0,r2p7
mondrian_class,vendor_stage,B3,doubleton,15417,145,0.771031977686969,0.7517235377890013,0.7918406638655922,0.01045467999154114,0,r2p7
mondrian_class,vendor_stage,B4,doubleton,1140,6,0.5578947368421052,0.5226505410907532,0.5844606490293109,0.015840126487315778,0,r2p7
mondrian_class,vendor_stage,C0,doubleton,34907,338,0.7721660411951757,0.7576116083064529,0.783045447448827,0.006629956746275245,0,r2p7
mondrian_class,vendor_stage,C1,doubleton,32019,473,0.843405477997439,0.8229810921966427,0.8544772473698667,0.008269213287556683,0,r2p7
mondrian_class,vendor_stage,C2,doubleton,25664,809,0.8409055486284289,0.8274404145809969,0.85285170221822,0.006779638428815559,0,r2p7
mondrian_class,vendor_stage,C3,doubleton,8592,505,0.7149674115456238,0.7026965915358773,0.7255180605153703,0.005983352734473456,0,r2p7
mondrian_class,vendor_stage,C4,doubleton,0,0,NaN,NaN,NaN,NaN,1000,r2p7
mondrian_class,vendor_stage,A0,empty,30,0,0.0,0.0,0.0,0.0,7,r2p7
mondrian_class,vendor_stage,A1,empty,35,0,0.0,0.0,0.0,0.0,1,r2p7
mondrian_class,vendor_stage,A2,empty,622,3,0.0,0.0,0.0,0.0,0,r2p7
mondrian_class,vendor_stage,A3,empty,15025,39,0.0,0.0,0.0,0.0,0,r2p7
mondrian_class,vendor_stage,A4,empty,37839,261,0.0,0.0,0.0,0.0,0,r2p7
mondrian_class,vendor_stage,B0,empty,4632,19,0.0,0.0,0.0,0.0,0,r2p7
mondrian_class,vendor_stage,B1,empty,6594,130,0.0,0.0,0.0,0.0,0,r2p7
mondrian_class,vendor_stage,B2,empty,11822,130,0.0,0.0,0.0,0.0,0,r2p7
mondrian_class,vendor_stage,B3,empty,15417,145,0.0,0.0,0.0,0.0,0,r2p7
mondrian_class,vendor_stage,B4,empty,1140,6,0.0,0.0,0.0,0.0,0,r2p7
mondrian_class,vendor_stage,C0,empty,34907,338,0.0,0.0,0.0,0.0,0,r2p7
mondrian_class,vendor_stage,C1,empty,32019,473,0.0,0.0,0.0,0.0,0,r2p7
mondrian_class,vendor_stage,C2,empty,25664,809,0.0,0.0,0.0,0.0,0,r2p7
mondrian_class,vendor_stage,C3,empty,8592,505,0.0,0.0,0.0,0.0,0,r2p7
mondrian_class,vendor_stage,C4,empty,0,0,NaN,NaN,NaN,NaN,1000,r2p7
mondrian_class,vendor_stage,A0,alert_rate,30,0,0.1,0.0,0.2978378378378377,0.06525892681874977,7,r2p7
mondrian_class,vendor_stage,A1,alert_rate,35,0,0.08571428571428572,0.0,0.21763285024154566,0.05736466704943706,1,r2p7
mondrian_class,vendor_stage,A2,alert_rate,622,3,0.1527331189710611,0.12109830552744132,0.1959619208489312,0.018476263502324435,0,r2p7
mondrian_class,vendor_stage,A3,alert_rate,15025,39,0.1314475873544093,0.12172549265178075,0.15565681318289412,0.008396551838728818,0,r2p7
mondrian_class,vendor_stage,A4,alert_rate,37839,261,0.11826422474166864,0.10804241200217277,0.14450711732402238,0.00920161816490974,0,r2p7
mondrian_class,vendor_stage,B0,alert_rate,4632,19,0.6731433506044905,0.6452510769923958,0.6988576644440363,0.013664089869515986,0,r2p7
mondrian_class,vendor_stage,B1,alert_rate,6594,130,0.827115559599636,0.793307459756163,0.8407164601353557,0.012151899589189736,0,r2p7
mondrian_class,vendor_stage,B2,alert_rate,11822,130,0.8192353239722551,0.7999113854841559,0.8375056743299625,0.009310727041646446,0,r2p7
mondrian_class,vendor_stage,B3,alert_rate,15417,145,0.8637867289355906,0.8450396669156744,0.8849759341606668,0.010161392990600992,0,r2p7
mondrian_class,vendor_stage,B4,alert_rate,1140,6,0.8859649122807017,0.8651332493022419,0.9027573880958005,0.00951009444592802,0,r2p7
mondrian_class,vendor_stage,C0,alert_rate,34907,338,0.8683931589652505,0.8543942248113762,0.879444902029233,0.006395582701902786,0,r2p7
mondrian_class,vendor_stage,C1,alert_rate,32019,473,0.9360067459945657,0.9155186541048647,0.946323671143969,0.008085852280548676,0,r2p7
mondrian_class,vendor_stage,C2,alert_rate,25664,809,0.956748753117207,0.9436973339241004,0.968546034637896,0.006498521491523854,0,r2p7
mondrian_class,vendor_stage,C3,alert_rate,8592,505,0.9646182495344506,0.9546613695807243,0.9725447783463789,0.004465568276747283,0,r2p7
mondrian_class,vendor_stage,C4,alert_rate,0,0,NaN,NaN,NaN,NaN,1000,r2p7
mondrian_stage,all,all,coverage,194338,2858,0.9111908118844487,0.9090199565008492,0.9134856056131535,0.0011459117379274296,0,r2p7
mondrian_stage,all,all,cov_healthy,194338,2858,0.9124608314184249,0.9103222185514003,0.9147493255785413,0.0011451086230232965,0,r2p7
mondrian_stage,all,all,cov_failure,194338,2858,0.8261021693491952,0.8098254981930667,0.8398732141855074,0.007446951463687881,0,r2p7
mondrian_stage,all,all,set_size,194338,2858,1.4867807634121994,1.4799058051039407,1.493516185404945,0.003433891587522203,0,r2p7
mondrian_stage,all,all,singleton,194338,2858,0.4922969259743334,0.48622190209088856,0.4986007600496653,0.0032156086722994015,0,r2p7
mondrian_stage,all,all,doubleton,194338,2858,0.497241918718933,0.49122921743339704,0.5030764894390468,0.003102147374947911,0,r2p7
mondrian_stage,all,all,empty,194338,2858,0.01046115530673363,0.008009589059341262,0.012938280226031792,0.001201064922564639,0,r2p7
mondrian_stage,all,all,alert_rate,194338,2858,0.5774372485051817,0.5704839793624249,0.5838596142023145,0.0034556892570583877,0,r2p7
mondrian_stage,stage,0,coverage,39569,357,0.9124567211706134,0.908717342967171,0.9161198137080526,0.0019273812090167416,0,r2p7
mondrian_stage,stage,1,coverage,38648,603,0.919245497826537,0.9158239690623179,0.9223716059489064,0.0016728691537671284,0,r2p7
mondrian_stage,stage,2,coverage,38108,942,0.9101763409257898,0.9068516724367146,0.9133581796142938,0.0016767693360416856,0,r2p7
mondrian_stage,stage,3,coverage,39034,689,0.9065173950914587,0.9030913129781056,0.9100510532755256,0.0017650169984534318,0,r2p7
mondrian_stage,stage,4,coverage,38979,267,0.907591267092537,0.8991285110952468,0.9155873231125905,0.0042672762231750335,0,r2p7
mondrian_stage,stage,0,cov_healthy,39569,357,0.9127562990921146,0.9090189724452828,0.9165213489496277,0.0019448422225630951,0,r2p7
mondrian_stage,stage,1,cov_healthy,38648,603,0.9194637928768563,0.9159918269077951,0.9226220087752098,0.0016865654437162414,0,r2p7
mondrian_stage,stage,2,cov_healthy,38108,942,0.9102136361190335,0.9068491772310056,0.9135615903133497,0.0017180329697546023,0,r2p7
mondrian_stage,stage,3,cov_healthy,39034,689,0.9072630069109402,0.9038475014990747,0.9108471236349402,0.0017775641111660923,0,r2p7
mondrian_stage,stage,4,cov_healthy,38979,267,0.9125852448853069,0.904333014529573,0.9205654426261346,0.004184950565942169,0,r2p7
mondrian_stage,stage,0,cov_failure,39569,357,0.8795518207282913,0.8435659151763578,0.9108262548262548,0.017384261724156583,0,r2p7
mondrian_stage,stage,1,cov_failure,38648,603,0.9054726368159204,0.8807362793990793,0.9293112818590705,0.012175260633914692,0,r2p7
mondrian_stage,stage,2,cov_failure,38108,942,0.9087048832271762,0.8903687673601656,0.9263311490291193,0.009429422309378913,0,r2p7
mondrian_stage,stage,3,cov_failure,39034,689,0.865021770682148,0.8398805281639952,0.8913649025069638,0.01311959096647668,0,r2p7
mondrian_stage,stage,4,cov_failure,38979,267,0.18352059925093633,0.13136711515415622,0.23248758427433897,0.026427709761514095,0,r2p7
mondrian_stage,stage,0,set_size,39569,357,1.6725466905911193,1.6672743629104363,1.6779560986966293,0.0026376458738173103,0,r2p7
mondrian_stage,stage,1,set_size,38648,603,1.6900227696129166,1.6849442720498187,1.6948596285537543,0.002473531387923912,0,r2p7
mondrian_stage,stage,2,set_size,38108,942,1.6944998425527449,1.6892658900608326,1.6992671472720664,0.0024908646645030916,0,r2p7
mondrian_stage,stage,3,set_size,39034,689,1.4326228416252498,1.4221741782270743,1.4428359379878664,0.00514091653091491,0,r2p7
mondrian_stage,stage,4,set_size,38979,267,0.9478437107160266,0.9355584932561928,0.9594952527017135,0.005966373960679856,0,r2p7
mondrian_stage,stage,0,singleton,39569,357,0.3274533094088807,0.32204390130337057,0.3327256370895636,0.0026376458738173103,0,r2p7
mondrian_stage,stage,1,singleton,38648,603,0.3099772303870834,0.3051403714462456,0.31505572795018144,0.002473531387923914,0,r2p7
mondrian_stage,stage,2,singleton,38108,942,0.30550015744725517,0.3007328527279337,0.3107341099391676,0.0024908646645030955,0,r2p7
mondrian_stage,stage,3,singleton,39034,689,0.5673771583747502,0.5571640620121336,0.5778258217729257,0.005140916530914917,0,r2p7
mondrian_stage,stage,4,singleton,38979,267,0.9478437107160266,0.9355584932561928,0.9594952527017135,0.005966373960679856,0,r2p7
mondrian_stage,stage,0,doubleton,39569,357,0.6725466905911193,0.6672743629104364,0.6779560986966294,0.0026376458738173133,0,r2p7
mondrian_stage,stage,1,doubleton,38648,603,0.6900227696129165,0.6849442720498186,0.6948596285537544,0.002473531387923917,0,r2p7
mondrian_stage,stage,2,doubleton,38108,942,0.6944998425527449,0.6892658900608324,0.6992671472720663,0.002490864664503098,0,r2p7
mondrian_stage,stage,3,doubleton,39034,689,0.4326228416252498,0.4221741782270743,0.44283593798786636,0.005140916530914917,0,r2p7
mondrian_stage,stage,4,doubleton,38979,267,0.0,0.0,0.0,0.0,0,r2p7
mondrian_stage,stage,0,empty,39569,357,0.0,0.0,0.0,0.0,0,r2p7
mondrian_stage,stage,1,empty,38648,603,0.0,0.0,0.0,0.0,0,r2p7
mondrian_stage,stage,2,empty,38108,942,0.0,0.0,0.0,0.0,0,r2p7
mondrian_stage,stage,3,empty,39034,689,0.0,0.0,0.0,0.0,0,r2p7
mondrian_stage,stage,4,empty,38979,267,0.05215628928397342,0.04050474729828646,0.0644415067438072,0.005966373960679854,0,r2p7
mondrian_stage,stage,0,alert_rate,39569,357,0.7618084864414062,0.7576952245338225,0.76587607172639,0.002116231653197372,0,r2p7
mondrian_stage,stage,1,alert_rate,38648,603,0.7753829434899606,0.770986356820217,0.7797089935558785,0.0022356035672265683,0,r2p7
mondrian_stage,stage,2,alert_rate,38108,942,0.7878398236590742,0.7828016544538537,0.7922698781883374,0.0024006687674724006,0,r2p7
mondrian_stage,stage,3,alert_rate,39034,689,0.5290772147358713,0.5178519766475189,0.5402878879164765,0.005819583439861849,0,r2p7
mondrian_stage,stage,4,alert_rate,38979,267,0.03673773057287257,0.031591039559498275,0.04321978905100118,0.0031140684216479767,0,r2p7
mondrian_stage,vendor,A,coverage,53551,303,0.9456406042837668,0.9395250043068534,0.9514992994747029,0.002981274892582201,0,r2p7
mondrian_stage,vendor,B,coverage,39605,430,0.9148339856078778,0.9119896750962819,0.917796863446362,0.0015375391939049308,0,r2p7
mondrian_stage,vendor,C,coverage,101182,2125,0.891532090688067,0.8890587928386263,0.8940967703195041,0.0012921634799662523,0,r2p7
mondrian_stage,vendor,A,cov_healthy,53551,303,0.9500262920673077,0.9443075132371946,0.9558696273219399,0.0029145561232897963,0,r2p7
mondrian_stage,vendor,B,cov_healthy,39605,430,0.915609444798979,0.9126068318011135,0.9186592786068363,0.0015377766702895023,0,r2p7
mondrian_stage,vendor,C,cov_healthy,101182,2125,0.891022340672542,0.8884892649039793,0.8936094775736342,0.0013186672941547083,0,r2p7
mondrian_stage,vendor,A,cov_failure,53551,303,0.17491749174917492,0.12578629032258062,0.22023840222009378,0.0245572104630383,0,r2p7
mondrian_stage,vendor,B,cov_failure,39605,430,0.8441860465116279,0.8085081527142572,0.8759182682649167,0.017434351985007097,0,r2p7
mondrian_stage,vendor,C,cov_failure,101182,2125,0.9152941176470588,0.9031022568155149,0.9278014684299281,0.006190659516771324,0,r2p7
mondrian_stage,vendor,A,set_size,53551,303,0.9940430617542156,0.9856656791082107,1.0028019239724753,0.004073555124675699,0,r2p7
mondrian_stage,vendor,B,set_size,39605,430,1.605479106173463,1.6001336765043397,1.6116481724273477,0.0029689783031866075,0,r2p7
mondrian_stage,vendor,C,set_size,101182,2125,1.7011029629776047,1.6979265025775154,1.7042433465680735,0.0016540806561699492,0,r2p7
mondrian_stage,vendor,A,singleton,53551,303,0.9489271909021306,0.9407887130297659,0.9570765523129744,0.00410219874534364,0,r2p7
mondrian_stage,vendor,B,singleton,39605,430,0.3689685645751799,0.36471728400003195,0.37317106106316583,0.00226514544273099,0,r2p7
mondrian_stage,vendor,C,singleton,101182,2125,0.2988970370223953,0.2957566534319265,0.30207349742248446,0.001654080656169946,0,r2p7
mondrian_stage,vendor,A,doubleton,53551,303,0.022557935426042463,0.02032586538251218,0.024802769824765942,0.001107028192015911,0,r2p7
mondrian_stage,vendor,B,doubleton,39605,430,0.6182552707991416,0.6139756336084083,0.6227956878865805,0.0023291548192293132,0,r2p7
mondrian_stage,vendor,C,doubleton,101182,2125,0.7011029629776047,0.6979265025775155,0.7042433465680735,0.0016540806561699463,0,r2p7
mondrian_stage,vendor,A,empty,53551,303,0.028514873671826858,0.019931214765946097,0.03686097032904207,0.003935153304779533,0,r2p7
mondrian_stage,vendor,B,empty,39605,430,0.012776164625678576,0.010856785191980248,0.01460528451529049,0.0012441446253630567,0,r2p7
mondrian_stage,vendor,C,empty,101182,2125,0.0,0.0,0.0,0.0,0,r2p7
mondrian_stage,vendor,A,alert_rate,53551,303,0.045153218427293605,0.04046843054518871,0.05035264141474046,0.0024748095791295504,0,r2p7
mondrian_stage,vendor,B,alert_rate,39605,430,0.6923115768211084,0.6880944072197567,0.697147466052461,0.0023290286339940455,0,r2p7
mondrian_stage,vendor,C,alert_rate,101182,2125,0.8141863177244965,0.8117715855370747,0.8164622164963767,0.0012058786078852951,0,r2p7
mondrian_stage,vendor_stage,A0,coverage,30,0,1.0,1.0,1.0,0.0,7,r2p7
mondrian_stage,vendor_stage,A1,coverage,35,0,1.0,1.0,1.0,0.0,1,r2p7
mondrian_stage,vendor_stage,A2,coverage,622,3,0.9839228295819936,0.9736842105263158,0.9925498814085524,0.004866150099016784,0,r2p7
mondrian_stage,vendor_stage,A3,coverage,15025,39,0.9849584026622297,0.9823478993547127,0.9876713852509835,0.0013270248018945486,0,r2p7
mondrian_stage,vendor_stage,A4,coverage,37839,261,0.9293057427521869,0.9209827379172966,0.9373913368851863,0.0041001018680280055,0,r2p7
mondrian_stage,vendor_stage,B0,coverage,4632,19,0.9617875647668394,0.9561764215871184,0.9672222417077811,0.0028413368783042027,0,r2p7
mondrian_stage,vendor_stage,B1,coverage,6594,130,0.9554140127388535,0.9503754728526465,0.960050251304236,0.0024790655368366154,0,r2p7
mondrian_stage,vendor_stage,B2,coverage,11822,130,0.9516156318727795,0.9474341316397338,0.955703026944599,0.0020591952091018884,0,r2p7
mondrian_stage,vendor_stage,B3,coverage,15417,145,0.9089965622364922,0.9040276034709634,0.9141463863061209,0.0025620906858086277,0,r2p7
mondrian_stage,vendor_stage,B4,coverage,1140,6,0.1868421052631579,0.1624647414558881,0.21130606785063752,0.01233494536223841,0,r2p7
mondrian_stage,vendor_stage,C0,coverage,34907,338,0.9058355057724812,0.9017654326172809,0.9099629195771285,0.002131278538483189,0,r2p7
mondrian_stage,vendor_stage,C1,coverage,32019,473,0.9117086729754208,0.9078164460339682,0.9152544222144352,0.001960779979076116,0,r2p7
mondrian_stage,vendor_stage,C2,coverage,25664,809,0.889300187032419,0.8848839368025827,0.8933271621274733,0.0022013798973931392,0,r2p7
mondrian_stage,vendor_stage,C3,coverage,8592,505,0.7648975791433892,0.7561589063961631,0.7736962491418585,0.004439614653796736,0,r2p7
mondrian_stage,vendor_stage,C4,coverage,0,0,NaN,NaN,NaN,NaN,1000,r2p7
mondrian_stage,vendor_stage,A0,cov_healthy,30,0,1.0,1.0,1.0,0.0,7,r2p7
mondrian_stage,vendor_stage,A1,cov_healthy,35,0,1.0,1.0,1.0,0.0,1,r2p7
mondrian_stage,vendor_stage,A2,cov_healthy,622,3,0.9870759289176091,0.9778472912256447,0.9948733108108109,0.0043748749190574854,0,r2p7
mondrian_stage,vendor_stage,A3,cov_healthy,15025,39,0.9873215000667289,0.9848017823623694,0.9899422108883537,0.001253519332162858,0,r2p7
mondrian_stage,vendor_stage,A4,cov_healthy,37839,261,0.9344563308318697,0.9263076552259577,0.9422587866362538,0.004014626491842545,0,r2p7
mondrian_stage,vendor_stage,B0,cov_healthy,4632,19,0.9629308476045957,0.9573314250763156,0.9681659974409937,0.0027821780001077616,0,r2p7
mondrian_stage,vendor_stage,B1,cov_healthy,6594,130,0.9556002475247525,0.9505105143265837,0.9603357862831665,0.002510052028484427,0,r2p7
mondrian_stage,vendor_stage,B2,cov_healthy,11822,130,0.9533014026684913,0.9492136317000285,0.9573060054616105,0.0020485793470013157,0,r2p7
mondrian_stage,vendor_stage,B3,cov_healthy,15417,145,0.909573074908329,0.9045253196715207,0.9146873165176667,0.002575674608150278,0,r2p7
mondrian_stage,vendor_stage,B4,cov_healthy,1140,6,0.18783068783068782,0.1636325872368667,0.21225346940531506,0.012346522806238259,0,r2p7
mondrian_stage,vendor_stage,C0,cov_healthy,34907,338,0.9059851311869016,0.901909159995049,0.9100732324526161,0.0021485437154774144,0,r2p7
mondrian_stage,vendor_stage,C1,cov_healthy,32019,473,0.9119698218474609,0.9079217847106003,0.9156989271082029,0.001976329259023477,0,r2p7
mondrian_stage,vendor_stage,C2,cov_healthy,25664,809,0.888030577348622,0.8833838749511589,0.8921703791117639,0.0022717567029569724,0,r2p7
mondrian_stage,vendor_stage,C3,cov_healthy,8592,505,0.7545443304068258,0.7455030425388821,0.7637163803989737,0.004633640632170177,0,r2p7
mondrian_stage,vendor_stage,C4,cov_healthy,0,0,NaN,NaN,NaN,NaN,1000,r2p7
mondrian_stage,vendor_stage,A0,cov_failure,30,0,NaN,NaN,NaN,NaN,1000,r2p7
mondrian_stage,vendor_stage,A1,cov_failure,35,0,NaN,NaN,NaN,NaN,1000,r2p7
mondrian_stage,vendor_stage,A2,cov_failure,622,3,0.3333333333333333,0.0,1.0,0.31139753681425514,51,r2p7
mondrian_stage,vendor_stage,A3,cov_failure,15025,39,0.07692307692307693,0.0,0.17074912891986063,0.04335919782356142,0,r2p7
mondrian_stage,vendor_stage,A4,cov_failure,37839,261,0.18773946360153257,0.13409961685823754,0.23529944586530263,0.026833602224003456,0,r2p7
mondrian_stage,vendor_stage,B0,cov_failure,4632,19,0.6842105263157895,0.47058823529411764,0.8966379310344827,0.11145939497673236,0,r2p7
mondrian_stage,vendor_stage,B1,cov_failure,6594,130,0.9461538461538461,0.9071138583638584,0.9812514602803738,0.01919776150721976,0,r2p7
mondrian_stage,vendor_stage,B2,cov_failure,11822,130,0.8,0.7301065162907268,0.8699264568981567,0.035806837105493525,0,r2p7
mondrian_stage,vendor_stage,B3,cov_failure,15417,145,0.8482758620689655,0.78570230105465,0.9027889784946237,0.02990939788920073,0,r2p7
mondrian_stage,vendor_stage,B4,cov_failure,1140,6,0.0,0.0,0.0,0.06371083745551018,0,r2p7
mondrian_stage,vendor_stage,C0,cov_failure,34907,338,0.8905325443786982,0.8539808349957253,0.9203598386257158,0.017060719333343036,0,r2p7
mondrian_stage,vendor_stage,C1,cov_failure,32019,473,0.8942917547568711,0.8639182615390768,0.9211059687200767,0.01468113827574367,0,r2p7
mondrian_stage,vendor_stage,C2,cov_failure,25664,809,0.9283065512978986,0.9107131779510812,0.9447978436864403,0.008936495196557454,0,r2p7
mondrian_stage,vendor_stage,C3,cov_failure,8592,505,0.9306930693069307,0.9089101144333702,0.9507204037252017,0.011124822149607026,0,r2p7
mondrian_stage,vendor_stage,C4,cov_failure,0,0,NaN,NaN,NaN,NaN,1000,r2p7
mondrian_stage,vendor_stage,A0,set_size,30,0,1.0666666666666667,1.0,1.1428571428571428,0.03868765062529103,7,r2p7
mondrian_stage,vendor_stage,A1,set_size,35,0,1.0285714285714285,1.0,1.0833333333333333,0.026121389008554777,1,r2p7
mondrian_stage,vendor_stage,A2,set_size,622,3,1.0996784565916398,1.0753974637041956,1.1277608968740187,0.013128769399568054,0,r2p7
mondrian_stage,vendor_stage,A3,set_size,15025,39,1.076073211314476,1.0694571428177404,1.083014960045099,0.003364851297902904,0,r2p7
mondrian_stage,vendor_stage,A4,set_size,37839,261,0.9596448109093793,0.94797434374413,0.9718220432785204,0.005566326320924374,0,r2p7
mondrian_stage,vendor_stage,B0,set_size,4632,19,1.5477115716753023,1.5336901558313663,1.5608949872012554,0.006730967691415974,0,r2p7
mondrian_stage,vendor_stage,B1,set_size,6594,130,1.6401273885350318,1.6298506402827997,1.6504109528174205,0.0054019552653902705,0,r2p7
mondrian_stage,vendor_stage,B2,set_size,11822,130,1.6514972085941466,1.644888207789427,1.6580838536483835,0.0034658656085155746,0,r2p7
mondrian_stage,vendor_stage,B3,set_size,15417,145,1.6503210741389376,1.6437665313602967,1.657681198681095,0.003411140047862054,0,r2p7
mondrian_stage,vendor_stage,B4,set_size,1140,6,0.5561403508771929,0.5203046874999999,0.5892069780007428,0.03269739546123303,0,r2p7
mondrian_stage,vendor_stage,C0,set_size,34907,338,1.6896324519437362,1.6839892179485711,1.6952910149438631,0.002779753686693051,0,r2p7
mondrian_stage,vendor_stage,C1,set_size,32019,473,1.7010212686217558,1.6957910244256909,1.7062806839658353,0.002691147608439356,0,r2p7
mondrian_stage,vendor_stage,C2,set_size,25664,809,1.7287250623441397,1.72308518703834,1.7340819381429793,0.002879433347697967,0,r2p7
mondrian_stage,vendor_stage,C3,set_size,8592,505,1.6655027932960893,1.654984879613197,1.6750401395487506,0.005122006953546226,0,r2p7
mondrian_stage,vendor_stage,C4,set_size,0,0,NaN,NaN,NaN,NaN,1000,r2p7
mondrian_stage,vendor_stage,A0,singleton,30,0,0.9333333333333333,0.8571428571428571,1.0,0.03868765062529106,7,r2p7
mondrian_stage,vendor_stage,A1,singleton,35,0,0.9714285714285714,0.9166666666666666,1.0,0.026121389008554895,1,r2p7
mondrian_stage,vendor_stage,A2,singleton,622,3,0.9003215434083601,0.8722391031259814,0.9246025362958042,0.01312876939956805,0,r2p7
mondrian_stage,vendor_stage,A3,singleton,15025,39,0.9239267886855241,0.9169850399549011,0.9305428571822598,0.0033648512979029058,0,r2p7
mondrian_stage,vendor_stage,A4,singleton,37839,261,0.9596448109093793,0.94797434374413,0.9718220432785204,0.005566326320924374,0,r2p7
mondrian_stage,vendor_stage,B0,singleton,4632,19,0.45228842832469773,0.4391050127987447,0.46630984416863386,0.0067309676914159774,0,r2p7
mondrian_stage,vendor_stage,B1,singleton,6594,130,0.35987261146496813,0.34958904718257944,0.37014935971720037,0.0054019552653902705,0,r2p7
mondrian_stage,vendor_stage,B2,singleton,11822,130,0.3485027914058535,0.3419161463516165,0.355111792210573,0.0034658656085155746,0,r2p7
mondrian_stage,vendor_stage,B3,singleton,15417,145,0.3496789258610625,0.34231880131890496,0.3562334686397034,0.0034111400478620555,0,r2p7
mondrian_stage,vendor_stage,B4,singleton,1140,6,0.5561403508771929,0.5203046874999999,0.5892069780007428,0.03269739546123303,0,r2p7
mondrian_stage,vendor_stage,C0,singleton,34907,338,0.31036754805626376,0.30470898505613686,0.31601078205142874,0.0027797536866930542,0,r2p7
mondrian_stage,vendor_stage,C1,singleton,32019,473,0.29897873137824416,0.2937193160341647,0.3042089755743091,0.0026911476084393606,0,r2p7
mondrian_stage,vendor_stage,C2,singleton,25664,809,0.27127493765586036,0.2659180618570208,0.2769148129616602,0.0028794333476979688,0,r2p7
mondrian_stage,vendor_stage,C3,singleton,8592,505,0.3344972067039106,0.3249598604512493,0.34501512038680315,0.005122006953546222,0,r2p7
mondrian_stage,vendor_stage,C4,singleton,0,0,NaN,NaN,NaN,NaN,1000,r2p7
mondrian_stage,vendor_stage,A0,doubleton,30,0,0.06666666666666667,0.0,0.14285714285714285,0.03868765062529116,7,r2p7
mondrian_stage,vendor_stage,A1,doubleton,35,0,0.02857142857142857,0.0,0.08333333333333333,0.02612138900855482,1,r2p7
mondrian_stage,vendor_stage,A2,doubleton,622,3,0.09967845659163987,0.07539746370419569,0.1277608968740186,0.013128769399568058,0,r2p7
mondrian_stage,vendor_stage,A3,doubleton,15025,39,0.07607321131447588,0.06945714281774022,0.0830149600450989,0.003364851297902911,0,r2p7
mondrian_stage,vendor_stage,A4,doubleton,37839,261,0.0,0.0,0.0,0.0,0,r2p7
mondrian_stage,vendor_stage,B0,doubleton,4632,19,0.5477115716753023,0.5336901558313663,0.5608949872012554,0.006730967691415978,0,r2p7
mondrian_stage,vendor_stage,B1,doubleton,6594,130,0.6401273885350318,0.6298506402827997,0.6504109528174206,0.0054019552653902705,0,r2p7
mondrian_stage,vendor_stage,B2,doubleton,11822,130,0.6514972085941465,0.644888207789427,0.6580838536483834,0.0034658656085155737,0,r2p7
mondrian_stage,vendor_stage,B3,doubleton,15417,145,0.6503210741389376,0.6437665313602965,0.6576811986810951,0.003411140047862056,0,r2p7
mondrian_stage,vendor_stage,B4,doubleton,1140,6,0.0,0.0,0.0,0.0,0,r2p7
mondrian_stage,vendor_stage,C0,doubleton,34907,338,0.6896324519437362,0.6839892179485713,0.6952910149438631,0.002779753686693054,0,r2p7
mondrian_stage,vendor_stage,C1,doubleton,32019,473,0.7010212686217558,0.6957910244256909,0.7062806839658352,0.00269114760843936,0,r2p7
mondrian_stage,vendor_stage,C2,doubleton,25664,809,0.7287250623441397,0.7230851870383397,0.7340819381429792,0.002879433347697968,0,r2p7
mondrian_stage,vendor_stage,C3,doubleton,8592,505,0.6655027932960894,0.6549848796131967,0.6750401395487506,0.005122006953546227,0,r2p7
mondrian_stage,vendor_stage,C4,doubleton,0,0,NaN,NaN,NaN,NaN,1000,r2p7
mondrian_stage,vendor_stage,A0,empty,30,0,0.0,0.0,0.0,0.0,7,r2p7
mondrian_stage,vendor_stage,A1,empty,35,0,0.0,0.0,0.0,0.0,1,r2p7
mondrian_stage,vendor_stage,A2,empty,622,3,0.0,0.0,0.0,0.0,0,r2p7
mondrian_stage,vendor_stage,A3,empty,15025,39,0.0,0.0,0.0,0.0,0,r2p7
mondrian_stage,vendor_stage,A4,empty,37839,261,0.04035518909062079,0.02817795672147965,0.05202565625587003,0.0055663263209243755,0,r2p7
mondrian_stage,vendor_stage,B0,empty,4632,19,0.0,0.0,0.0,0.0,0,r2p7
mondrian_stage,vendor_stage,B1,empty,6594,130,0.0,0.0,0.0,0.0,0,r2p7
mondrian_stage,vendor_stage,B2,empty,11822,130,0.0,0.0,0.0,0.0,0,r2p7
mondrian_stage,vendor_stage,B3,empty,15417,145,0.0,0.0,0.0,0.0,0,r2p7
mondrian_stage,vendor_stage,B4,empty,1140,6,0.443859649122807,0.41079302199925705,0.47969531249999997,0.03269739546123301,0,r2p7
mondrian_stage,vendor_stage,C0,empty,34907,338,0.0,0.0,0.0,0.0,0,r2p7
mondrian_stage,vendor_stage,C1,empty,32019,473,0.0,0.0,0.0,0.0,0,r2p7
mondrian_stage,vendor_stage,C2,empty,25664,809,0.0,0.0,0.0,0.0,0,r2p7
mondrian_stage,vendor_stage,C3,empty,8592,505,0.0,0.0,0.0,0.0,0,r2p7
mondrian_stage,vendor_stage,C4,empty,0,0,NaN,NaN,NaN,NaN,1000,r2p7
mondrian_stage,vendor_stage,A0,alert_rate,30,0,0.06666666666666667,0.0,0.14285714285714285,0.03868765062529116,7,r2p7
mondrian_stage,vendor_stage,A1,alert_rate,35,0,0.02857142857142857,0.0,0.08333333333333333,0.02612138900855482,1,r2p7
mondrian_stage,vendor_stage,A2,alert_rate,622,3,0.11254019292604502,0.08635292449751499,0.14465941546259922,0.015133096665183579,0,r2p7
mondrian_stage,vendor_stage,A3,alert_rate,15025,39,0.08871880199667222,0.08115943053429363,0.09692932783624411,0.004019140500254615,0,r2p7
mondrian_stage,vendor_stage,A4,alert_rate,37839,261,0.02674489283543434,0.021825158350537523,0.03276486599961166,0.0027540799663596967,0,r2p7
mondrian_stage,vendor_stage,B0,alert_rate,4632,19,0.5850604490500864,0.5712392252844192,0.5991776962094408,0.007076828872166683,0,r2p7
mondrian_stage,vendor_stage,B1,alert_rate,6594,130,0.6907794965119806,0.6807348988971061,0.7005132117232622,0.0050499064571504345,0,r2p7
mondrian_stage,vendor_stage,B2,alert_rate,11822,130,0.7002199289460328,0.6939224987109323,0.7062810490408086,0.0032126430649649707,0,r2p7
mondrian_stage,vendor_stage,B3,alert_rate,15417,145,0.7430758253875592,0.7374394643303404,0.7488971789802522,0.0029835663307597442,0,r2p7
mondrian_stage,vendor_stage,B4,alert_rate,1140,6,0.3684210526315789,0.3376635770755132,0.40317083400235865,0.03160921710505041,0,r2p7
mondrian_stage,vendor_stage,C0,alert_rate,34907,338,0.785859569713811,0.7818746642242684,0.7898092848756504,0.002001026528421799,0,r2p7
mondrian_stage,vendor_stage,C1,alert_rate,32019,473,0.7936225366188825,0.7888975570731066,0.7982611260485787,0.002363714908603212,0,r2p7
mondrian_stage,vendor_stage,C2,alert_rate,25664,809,0.8445682668329177,0.8393080737866678,0.8491933548413416,0.0024396535037605705,0,r2p7
mondrian_stage,vendor_stage,C3,alert_rate,8592,505,0.9151536312849162,0.9083140127008219,0.9211973545487022,0.003312881488374637,0,r2p7
mondrian_stage,vendor_stage,C4,alert_rate,0,0,NaN,NaN,NaN,NaN,1000,r2p7
mondrian_both,all,all,coverage,194338,2858,0.9112525599728308,0.9088119635181041,0.9135443741474781,0.0012009714201991683,0,r2p7
mondrian_both,all,all,cov_healthy,194338,2858,0.9114790056402757,0.9090471578470393,0.9138491956844327,0.0012169308020907926,0,r2p7
mondrian_both,all,all,cov_failure,194338,2858,0.8960811756473058,0.8792999541690855,0.9097451746245768,0.00790599688826951,0,r2p7
mondrian_both,all,all,set_size,194338,2858,1.6329642169827825,1.6124743029944237,1.6553207094800741,0.010754020000411533,0,r2p7
mondrian_both,all,all,singleton,194338,2858,0.3670357830172174,0.34467929051992596,0.3875256970055762,0.010754020000411525,0,r2p7
mondrian_both,all,all,doubleton,194338,2858,0.6329642169827826,0.6124743029944238,0.655320709480074,0.010754020000411525,0,r2p7
mondrian_both,all,all,empty,194338,2858,0.0,0.0,0.0,0.0,0,r2p7
mondrian_both,all,all,alert_rate,194338,2858,0.7246189628379421,0.7040209235792837,0.7472864030604522,0.010796396276084372,0,r2p7
mondrian_both,stage,0,coverage,39569,357,0.9126841719527913,0.9087474947413446,0.9163531616044228,0.001934750904112631,0,r2p7
mondrian_both,stage,1,coverage,38648,603,0.9192972469468019,0.9158420674989386,0.922449380426575,0.0016858832092960367,0,r2p7
mondrian_both,stage,2,coverage,38108,942,0.9101763409257898,0.90674699590651,0.9132516214122787,0.0016846279160042785,0,r2p7
mondrian_both,stage,3,coverage,39034,689,0.9069529128452118,0.9035710411766084,0.9103790717628891,0.0017526675886806642,0,r2p7
mondrian_both,stage,4,coverage,38979,267,0.9071807896559686,0.8979969184711022,0.9157171849086259,0.004637401536886207,0,r2p7
mondrian_both,stage,0,cov_healthy,39569,357,0.9127562990921146,0.9090189724452828,0.9165213489496277,0.0019448422225630951,0,r2p7
mondrian_both,stage,1,cov_healthy,38648,603,0.9194637928768563,0.9159918269077951,0.9226220087752098,0.0016865654437162414,0,r2p7
mondrian_both,stage,2,cov_healthy,38108,942,0.9102136361190335,0.9068491772310056,0.9134970205102584,0.0017186199666013723,0,r2p7
mondrian_both,stage,3,cov_healthy,39034,689,0.9072630069109402,0.9038475014990747,0.9108471236349402,0.0017760879630380007,0,r2p7
mondrian_both,stage,4,cov_healthy,38979,267,0.9077288696011573,0.8984614047151487,0.9162938150030804,0.004670581313320665,0,r2p7
mondrian_both,stage,0,cov_failure,39569,357,0.9047619047619048,0.8452722063037249,0.9397598246388696,0.024483224386536665,0,r2p7
mondrian_both,stage,1,cov_failure,38648,603,0.9087893864013267,0.8685894326522979,0.9430940427718703,0.019343426975439306,0,r2p7
mondrian_both,stage,2,cov_failure,38108,942,0.9087048832271762,0.8825977776382697,0.9271392211101419,0.011367136735324499,0,r2p7
mondrian_both,stage,3,cov_failure,39034,689,0.8896952104499274,0.8534479468281126,0.9153118337170273,0.015549415895949768,0,r2p7
mondrian_both,stage,4,cov_failure,38979,267,0.8277153558052435,0.780300949050949,0.9017111361228813,0.03067034214224654,0,r2p7
mondrian_both,stage,0,set_size,39569,357,1.7046425231873437,1.6549654825555304,1.734916729018536,0.023163590781707842,0,r2p7
mondrian_both,stage,1,set_size,38648,603,1.6946025667563651,1.6492965868290395,1.7387089507633366,0.024099582832167628,0,r2p7
mondrian_both,stage,2,set_size,38108,942,1.6906686260102866,1.666968681868688,1.7106843064443196,0.011879544605072814,0,r2p7
mondrian_both,stage,3,set_size,39034,689,1.4569349797612339,1.4268465963452555,1.4820907839334265,0.014230638684749816,0,r2p7
mondrian_both,stage,4,set_size,38979,267,1.618948664665589,1.5693698440521169,1.723512816422188,0.03705701089160212,0,r2p7
mondrian_both,stage,0,singleton,39569,357,0.2953574768126564,0.26508327098146384,0.3450345174444697,0.023163590781707856,0,r2p7
mondrian_both,stage,1,singleton,38648,603,0.30539743324363483,0.26129104923666335,0.3507034131709604,0.02409958283216763,0,r2p7
mondrian_both,stage,2,singleton,38108,942,0.30933137398971344,0.2893156935556804,0.333031318131312,0.01187954460507281,0,r2p7
mondrian_both,stage,3,singleton,39034,689,0.5430650202387662,0.5179092160665736,0.5731534036547445,0.014230638684749832,0,r2p7
mondrian_both,stage,4,singleton,38979,267,0.3810513353344108,0.276487183577812,0.430630155947883,0.037057010891602106,0,r2p7
mondrian_both,stage,0,doubleton,39569,357,0.7046425231873437,0.6549654825555303,0.7349167290185361,0.023163590781707835,0,r2p7
mondrian_both,stage,1,doubleton,38648,603,0.6946025667563651,0.6492965868290396,0.7387089507633366,0.024099582832167635,0,r2p7
mondrian_both,stage,2,doubleton,38108,942,0.6906686260102866,0.666968681868688,0.7106843064443196,0.011879544605072808,0,r2p7
mondrian_both,stage,3,doubleton,39034,689,0.4569349797612338,0.42684659634525546,0.4820907839334264,0.014230638684749813,0,r2p7
mondrian_both,stage,4,doubleton,38979,267,0.6189486646655892,0.569369844052117,0.7235128164221879,0.03705701089160211,0,r2p7
mondrian_both,stage,0,empty,39569,357,0.0,0.0,0.0,0.0,0,r2p7
mondrian_both,stage,1,empty,38648,603,0.0,0.0,0.0,0.0,0,r2p7
mondrian_both,stage,2,empty,38108,942,0.0,0.0,0.0,0.0,0,r2p7
mondrian_both,stage,3,empty,39034,689,0.0,0.0,0.0,0.0,0,r2p7
mondrian_both,stage,4,empty,38979,267,0.0,0.0,0.0,0.0,0,r2p7
mondrian_both,stage,0,alert_rate,39569,357,0.7939043190376305,0.7433507643516962,0.8244086787734193,0.023095941614824422,0,r2p7
mondrian_both,stage,1,alert_rate,38648,603,0.7799627406334092,0.7348997786064547,0.8239682465102169,0.024122683618206266,0,r2p7
mondrian_both,stage,2,alert_rate,38108,942,0.7840086071166159,0.759542660328037,0.8044273512364791,0.011890659641157555,0,r2p7
mondrian_both,stage,3,alert_rate,39034,689,0.5533893528718553,0.5231572900735084,0.5785323581902516,0.014614513779534212,0,r2p7
mondrian_both,stage,4,alert_rate,38979,267,0.7128197234408271,0.6650123634649505,0.8220567764610277,0.03702037167884061,0,r2p7
mondrian_both,vendor,A,coverage,53551,303,0.9454165188325148,0.9389346118369474,0.9516560689896619,0.003254764800575912,0,r2p7
mondrian_both,vendor,B,coverage,39605,430,0.9149349829566974,0.9120750632734048,0.917976727713554,0.0015262488279632726,0,r2p7
mondrian_both,vendor,C,coverage,101182,2125,0.8917297543041253,0.8891533694563832,0.8941933475132001,0.0012950104885110026,0,r2p7
mondrian_both,vendor,A,cov_healthy,53551,303,0.9466646634615384,0.9398226572649032,0.9528769655276434,0.0032661958282325493,0,r2p7
mondrian_both,vendor,B,cov_healthy,39605,430,0.9153797064454371,0.9124997203326463,0.9184170923032077,0.00153682519662048,0,r2p7
mondrian_both,vendor,C,cov_healthy,101182,2125,0.891022340672542,0.8884892649039793,0.8936094775736342,0.0013187981078303242,0,r2p7
mondrian_both,vendor,A,cov_failure,53551,303,0.7260726072607261,0.6741899755002042,0.8054607508532423,0.03169940418212596,0,r2p7
mondrian_both,vendor,B,cov_failure,39605,430,0.8744186046511628,0.8381061951732625,0.902858718744893,0.01713545234562583,0,r2p7
mondrian_both,vendor,C,cov_failure,101182,2125,0.9247058823529412,0.906728106073414,0.9377402448866261,0.00781932501443003,0,r2p7
mondrian_both,vendor,A,set_size,53551,303,1.47560269649493,1.4373458404432589,1.5542524145233845,0.02714610709415676,0,r2p7
mondrian_both,vendor,B,set_size,39605,430,1.63603080419139,1.6183145134281183,1.656218250190612,0.009930220595177681,0,r2p7
mondrian_both,vendor,C,set_size,101182,2125,1.7150481310905101,1.6893579853371277,1.7317457830724865,0.011411788564344083,0,r2p7
mondrian_both,vendor,A,singleton,53551,303,0.52439730350507,0.4457475854766153,0.562654159556741,0.02714610709415673,0,r2p7
mondrian_both,vendor,B,singleton,39605,430,0.36396919580861004,0.3437817498093879,0.38168548657188184,0.009930220595177673,0,r2p7
mondrian_both,vendor,C,singleton,101182,2125,0.2849518689094898,0.2682542169275134,0.3106420146628723,0.01141178856434409,0,r2p7
mondrian_both,vendor,A,doubleton,53551,303,0.4756026964949301,0.43734584044325897,0.5542524145233847,0.027146107094156727,0,r2p7
mondrian_both,vendor,B,doubleton,39605,430,0.63603080419139,0.6183145134281182,0.6562182501906121,0.009930220595177676,0,r2p7
mondrian_both,vendor,C,doubleton,101182,2125,0.7150481310905101,0.6893579853371277,0.7317457830724866,0.01141178856434408,0,r2p7
mondrian_both,vendor,A,empty,53551,303,0.0,0.0,0.0,0.0,0,r2p7
mondrian_both,vendor,B,empty,39605,430,0.0,0.0,0.0,0.0,0,r2p7
mondrian_both,vendor,C,empty,101182,2125,0.0,0.0,0.0,0.0,0,r2p7
mondrian_both,vendor,A,alert_rate,53551,303,0.5301675038748109,0.4928008905953744,0.6100146887059505,0.027078272653425873,0,r2p7
mondrian_both,vendor,B,alert_rate,39605,430,0.7230905188738795,0.7056295901635157,0.7435456681041,0.009892175635332671,0,r2p7
mondrian_both,vendor,C,alert_rate,101182,2125,0.8281314858374019,0.8016696432464168,0.8454527265605706,0.011409553817869273,0,r2p7
mondrian_both,vendor_stage,A0,coverage,30,0,1.0,1.0,1.0,0.0,7,r2p7
mondrian_both,vendor_stage,A1,coverage,35,0,1.0,1.0,1.0,0.0,1,r2p7
mondrian_both,vendor_stage,A2,coverage,622,3,0.9839228295819936,0.9736842105263158,0.9925498814085524,0.004866150099016784,0,r2p7
mondrian_both,vendor_stage,A3,coverage,15025,39,0.9850249584026622,0.9824591185848228,0.9877277512114349,0.0013138401563976795,0,r2p7
mondrian_both,vendor_stage,A4,coverage,37839,261,0.9289621818758423,0.9196460025553564,0.9374303591838635,0.00448643923534763,0,r2p7
mondrian_both,vendor_stage,B0,coverage,4632,19,0.9622193436960277,0.9565390385033158,0.9673313193318848,0.0028243455823667124,0,r2p7
mondrian_both,vendor_stage,B1,coverage,6594,130,0.9555656657567485,0.950529608833709,0.9603169836746777,0.0024841359635953742,0,r2p7
mondrian_both,vendor_stage,B2,coverage,11822,130,0.9516156318727795,0.9472940912292007,0.9556184309825417,0.0020630538646905184,0,r2p7
mondrian_both,vendor_stage,B3,coverage,15417,145,0.9092560160861387,0.9042863382438583,0.9144506813371684,0.002547654016832244,0,r2p7
mondrian_both,vendor_stage,B4,coverage,1140,6,0.18421052631578946,0.1605754151291513,0.2100630847568164,0.012396680180866102,0,r2p7
mondrian_both,vendor_stage,C0,coverage,34907,338,0.9060360386168963,0.9019080968136106,0.9102202371302854,0.0021369308869818473,0,r2p7
mondrian_both,vendor_stage,C1,coverage,32019,473,0.9117399044317437,0.9077598039116473,0.9153219497492092,0.0019708426253051345,0,r2p7
mondrian_both,vendor_stage,C2,coverage,25664,809,0.889300187032419,0.884829397176341,0.8932429410886553,0.002206852923561953,0,r2p7
mondrian_both,vendor_stage,C3,coverage,8592,505,0.7662942271880819,0.757555061506038,0.7748577091169583,0.004453216757795101,0,r2p7
mondrian_both,vendor_stage,C4,coverage,0,0,NaN,NaN,NaN,NaN,1000,r2p7
mondrian_both,vendor_stage,A0,cov_healthy,30,0,1.0,1.0,1.0,0.0,7,r2p7
mondrian_both,vendor_stage,A1,cov_healthy,35,0,1.0,1.0,1.0,0.0,1,r2p7
mondrian_both,vendor_stage,A2,cov_healthy,622,3,0.9870759289176091,0.9778472912256447,0.9948733108108109,0.0043748749190574854,0,r2p7
mondrian_both,vendor_stage,A3,cov_healthy,15025,39,0.9873215000667289,0.9848017823623694,0.9899311646703497,0.001249992590446306,0,r2p7
mondrian_both,vendor_stage,A4,cov_healthy,37839,261,0.929692905423386,0.9202886331773509,0.9379991800153836,0.004512670501829703,0,r2p7
mondrian_both,vendor_stage,B0,cov_healthy,4632,19,0.9629308476045957,0.9573314250763156,0.9681659974409937,0.0027821780001077616,0,r2p7
mondrian_both,vendor_stage,B1,cov_healthy,6594,130,0.9556002475247525,0.9505105143265837,0.9603357862831665,0.002510052028484427,0,r2p7
mondrian_both,vendor_stage,B2,cov_healthy,11822,130,0.9533014026684913,0.9492136317000285,0.9572772796287172,0.0020465986169289465,0,r2p7
mondrian_both,vendor_stage,B3,cov_healthy,15417,145,0.909573074908329,0.9045253196715207,0.9146873165176667,0.0025740442732558578,0,r2p7
mondrian_both,vendor_stage,B4,cov_healthy,1140,6,0.17989417989417988,0.1564462668870365,0.2059835800855833,0.012351852467333176,0,r2p7
mondrian_both,vendor_stage,C0,cov_healthy,34907,338,0.9059851311869016,0.901909159995049,0.9100732324526161,0.0021485437154774144,0,r2p7
mondrian_both,vendor_stage,C1,cov_healthy,32019,473,0.9119698218474609,0.9079217847106003,0.9156989271082029,0.001976329259023477,0,r2p7
mondrian_both,vendor_stage,C2,cov_healthy,25664,809,0.888030577348622,0.8833838749511589,0.8921703791117639,0.002273672934057377,0,r2p7
mondrian_both,vendor_stage,C3,cov_healthy,8592,505,0.7545443304068258,0.7455030425388821,0.7637163803989737,0.0046325833600618285,0,r2p7
mondrian_both,vendor_stage,C4,cov_healthy,0,0,NaN,NaN,NaN,NaN,1000,r2p7
mondrian_both,vendor_stage,A0,cov_failure,30,0,NaN,NaN,NaN,NaN,1000,r2p7
mondrian_both,vendor_stage,A1,cov_failure,35,0,NaN,NaN,NaN,NaN,1000,r2p7
mondrian_both,vendor_stage,A2,cov_failure,622,3,0.3333333333333333,0.0,1.0,0.31139753681425514,51,r2p7
mondrian_both,vendor_stage,A3,cov_failure,15025,39,0.10256410256410256,0.023242600422832983,0.20933292533659728,0.05033525081057801,0,r2p7
mondrian_both,vendor_stage,A4,cov_failure,37839,261,0.8237547892720306,0.7759115029099624,0.8989606749466112,0.03127058838762156,0,r2p7
mondrian_both,vendor_stage,B0,cov_failure,4632,19,0.7894736842105263,0.5,0.9524350649350648,0.12579205474158714,0,r2p7
mondrian_both,vendor_stage,B1,cov_failure,6594,130,0.9538461538461539,0.904751552795031,0.992065054368204,0.022094020847482833,0,r2p7
mondrian_both,vendor_stage,B2,cov_failure,11822,130,0.8,0.7243547681539808,0.8695726622989874,0.03689848695449162,0,r2p7
mondrian_both,vendor_stage,B3,cov_failure,15417,145,0.8758620689655172,0.8079346797745877,0.9276422283226051,0.03054410707283184,0,r2p7
mondrian_both,vendor_stage,B4,cov_failure,1140,6,1.0,1.0,1.0,0.0,0,r2p7
mondrian_both,vendor_stage,C0,cov_failure,34907,338,0.9112426035502958,0.8583754740834387,0.9452501964893896,0.022007503247400508,0,r2p7
mondrian_both,vendor_stage,C1,cov_failure,32019,473,0.8964059196617337,0.8528706057623968,0.9358981693363845,0.021442412951946044,0,r2p7
mondrian_both,vendor_stage,C2,cov_failure,25664,809,0.9283065512978986,0.9026472100375204,0.9451552646808398,0.010812215246319572,0,r2p7
mondrian_both,vendor_stage,C3,cov_failure,8592,505,0.9544554455445544,0.9249480874535994,0.974668697037118,0.013018754967037792,0,r2p7
mondrian_both,vendor_stage,C4,cov_failure,0,0,NaN,NaN,NaN,NaN,1000,r2p7
mondrian_both,vendor_stage,A0,set_size,30,0,1.0666666666666667,1.0,1.1538461538461537,0.04088981085153485,7,r2p7
mondrian_both,vendor_stage,A1,set_size,35,0,1.0285714285714285,1.0,1.0833333333333333,0.026215037017885582,1,r2p7
mondrian_both,vendor_stage,A2,set_size,622,3,1.0980707395498392,1.0685394797257715,1.1352305680070458,0.016838116529694205,0,r2p7
mondrian_both,vendor_stage,A3,set_size,15025,39,1.0982362728785358,1.0720726251267352,1.1123648662445562,0.009895165995076267,0,r2p7
mondrian_both,vendor_stage,A4,set_size,37839,261,1.632389862311372,1.581774687384124,1.7403657534232306,0.03822745291906477,0,r2p7
mondrian_both,vendor_stage,B0,set_size,4632,19,1.5746977547495682,1.5259225846756086,1.6063331847143123,0.02202039094708413,0,r2p7
mondrian_both,vendor_stage,B1,set_size,6594,130,1.6445253260539885,1.604167712954036,1.6913826140651955,0.023639176400095364,0,r2p7
mondrian_both,vendor_stage,B2,set_size,11822,130,1.6441380477076637,1.620169921935239,1.673832487398423,0.014507856440323756,0,r2p7
mondrian_both,vendor_stage,B3,set_size,15417,145,1.678860997600052,1.6452262716471615,1.7121877680662232,0.01953867903738622,0,r2p7
mondrian_both,vendor_stage,B4,set_size,1140,6,1.1728070175438596,1.150312711271127,1.1984270825162757,0.012020054721117597,0,r2p7
mondrian_both,vendor_stage,C0,set_size,34907,338,1.722433895780216,1.6725914220138571,1.7527069778950506,0.023515223668818575,0,r2p7
mondrian_both,vendor_stage,C1,set_size,32019,473,1.7056435241575314,1.658428394961194,1.7478256640135608,0.024383604735294696,0,r2p7
mondrian_both,vendor_stage,C2,set_size,25664,809,1.7264650872817955,1.7012074718663606,1.7420529948205807,0.01101955527057399,0,r2p7
mondrian_both,vendor_stage,C3,set_size,8592,505,1.6859869646182495,1.659943741105044,1.7027842095509353,0.011215626099912593,0,r2p7
mondrian_both,vendor_stage,C4,set_size,0,0,NaN,NaN,NaN,NaN,1000,r2p7
mondrian_both,vendor_stage,A0,singleton,30,0,0.9333333333333333,0.8461538461538461,1.0,0.04088981085153491,7,r2p7
mondrian_both,vendor_stage,A1,singleton,35,0,0.9714285714285714,0.9166666666666666,1.0,0.026215037017885526,1,r2p7
mondrian_both,vendor_stage,A2,singleton,622,3,0.9019292604501608,0.8647694319929541,0.9314605202742285,0.016838116529694202,0,r2p7
mondrian_both,vendor_stage,A3,singleton,15025,39,0.9017637271214642,0.8876351337554439,0.9279273748732647,0.009895165995076264,0,r2p7
mondrian_both,vendor_stage,A4,singleton,37839,261,0.36761013768862816,0.25963424657676937,0.41822531261587587,0.03822745291906477,0,r2p7
mondrian_both,vendor_stage,B0,singleton,4632,19,0.42530224525043175,0.39366681528568775,0.4740774153243915,0.02202039094708413,0,r2p7
mondrian_both,vendor_stage,B1,singleton,6594,130,0.3554746739460115,0.3086173859348045,0.3958322870459642,0.023639176400095333,0,r2p7
mondrian_both,vendor_stage,B2,singleton,11822,130,0.3558619522923363,0.326167512601577,0.37983007806476093,0.014507856440323734,0,r2p7
mondrian_both,vendor_stage,B3,singleton,15417,145,0.32113900239994814,0.28781223193377686,0.35477372835283855,0.019538679037386226,0,r2p7
mondrian_both,vendor_stage,B4,singleton,1140,6,0.8271929824561404,0.8015729174837242,0.8496872887288729,0.012020054721117591,0,r2p7
mondrian_both,vendor_stage,C0,singleton,34907,338,0.277566104219784,0.24729302210494938,0.3274085779861428,0.02351522366881855,0,r2p7
mondrian_both,vendor_stage,C1,singleton,32019,473,0.29435647584246855,0.25217433598643924,0.341571605038806,0.0243836047352947,0,r2p7
mondrian_both,vendor_stage,C2,singleton,25664,809,0.2735349127182045,0.2579470051794194,0.2987925281336395,0.011019555270573985,0,r2p7
mondrian_both,vendor_stage,C3,singleton,8592,505,0.31401303538175046,0.2972157904490646,0.340056258894956,0.011215626099912607,0,r2p7
mondrian_both,vendor_stage,C4,singleton,0,0,NaN,NaN,NaN,NaN,1000,r2p7
mondrian_both,vendor_stage,A0,doubleton,30,0,0.06666666666666667,0.0,0.15384615384615385,0.0408898108515349,7,r2p7
mondrian_both,vendor_stage,A1,doubleton,35,0,0.02857142857142857,0.0,0.08333333333333333,0.02621503701788561,1,r2p7
mondrian_both,vendor_stage,A2,doubleton,622,3,0.09807073954983923,0.06853947972577147,0.13523056800704586,0.016838116529694202,0,r2p7
mondrian_both,vendor_stage,A3,doubleton,15025,39,0.09823627287853577,0.07207262512673522,0.11236486624455617,0.009895165995076257,0,r2p7
mondrian_both,vendor_stage,A4,doubleton,37839,261,0.6323898623113718,0.5817746873841242,0.7403657534232305,0.03822745291906477,0,r2p7
mondrian_both,vendor_stage,B0,doubleton,4632,19,0.5746977547495682,0.5259225846756084,0.6063331847143122,0.022020390947084127,0,r2p7
mondrian_both,vendor_stage,B1,doubleton,6594,130,0.6445253260539885,0.6041677129540358,0.6913826140651955,0.02363917640009535,0,r2p7
mondrian_both,vendor_stage,B2,doubleton,11822,130,0.6441380477076637,0.6201699219352391,0.673832487398423,0.014507856440323739,0,r2p7
mondrian_both,vendor_stage,B3,doubleton,15417,145,0.6788609976000519,0.6452262716471614,0.7121877680662231,0.019538679037386212,0,r2p7
mondrian_both,vendor_stage,B4,doubleton,1140,6,0.17280701754385966,0.1503127112711271,0.1984270825162758,0.012020054721117598,0,r2p7
mondrian_both,vendor_stage,C0,doubleton,34907,338,0.722433895780216,0.6725914220138571,0.7527069778950506,0.02351522366881855,0,r2p7
mondrian_both,vendor_stage,C1,doubleton,32019,473,0.7056435241575315,0.658428394961194,0.7478256640135608,0.024383604735294707,0,r2p7
mondrian_both,vendor_stage,C2,doubleton,25664,809,0.7264650872817955,0.7012074718663605,0.7420529948205807,0.011019555270573987,0,r2p7
mondrian_both,vendor_stage,C3,doubleton,8592,505,0.6859869646182495,0.659943741105044,0.7027842095509353,0.011215626099912598,0,r2p7
mondrian_both,vendor_stage,C4,doubleton,0,0,NaN,NaN,NaN,NaN,1000,r2p7
mondrian_both,vendor_stage,A0,empty,30,0,0.0,0.0,0.0,0.0,7,r2p7
mondrian_both,vendor_stage,A1,empty,35,0,0.0,0.0,0.0,0.0,1,r2p7
mondrian_both,vendor_stage,A2,empty,622,3,0.0,0.0,0.0,0.0,0,r2p7
mondrian_both,vendor_stage,A3,empty,15025,39,0.0,0.0,0.0,0.0,0,r2p7
mondrian_both,vendor_stage,A4,empty,37839,261,0.0,0.0,0.0,0.0,0,r2p7
mondrian_both,vendor_stage,B0,empty,4632,19,0.0,0.0,0.0,0.0,0,r2p7
mondrian_both,vendor_stage,B1,empty,6594,130,0.0,0.0,0.0,0.0,0,r2p7
mondrian_both,vendor_stage,B2,empty,11822,130,0.0,0.0,0.0,0.0,0,r2p7
mondrian_both,vendor_stage,B3,empty,15417,145,0.0,0.0,0.0,0.0,0,r2p7
mondrian_both,vendor_stage,B4,empty,1140,6,0.0,0.0,0.0,0.0,0,r2p7
mondrian_both,vendor_stage,C0,empty,34907,338,0.0,0.0,0.0,0.0,0,r2p7
mondrian_both,vendor_stage,C1,empty,32019,473,0.0,0.0,0.0,0.0,0,r2p7
mondrian_both,vendor_stage,C2,empty,25664,809,0.0,0.0,0.0,0.0,0,r2p7
mondrian_both,vendor_stage,C3,empty,8592,505,0.0,0.0,0.0,0.0,0,r2p7
mondrian_both,vendor_stage,C4,empty,0,0,NaN,NaN,NaN,NaN,1000,r2p7
mondrian_both,vendor_stage,A0,alert_rate,30,0,0.06666666666666667,0.0,0.15384615384615385,0.0408898108515349,7,r2p7
mondrian_both,vendor_stage,A1,alert_rate,35,0,0.02857142857142857,0.0,0.08333333333333333,0.02621503701788561,1,r2p7
mondrian_both,vendor_stage,A2,alert_rate,622,3,0.11093247588424437,0.07824256533306811,0.1524596117546911,0.018345121723398188,0,r2p7
mondrian_both,vendor_stage,A3,alert_rate,15025,39,0.11088186356073211,0.08479000330560964,0.126761248140059,0.010074546856530605,0,r2p7
mondrian_both,vendor_stage,A4,alert_rate,37839,261,0.7043790797854066,0.65487074808206,0.816737260808593,0.03807760150749356,0,r2p7
mondrian_both,vendor_stage,B0,alert_rate,4632,19,0.6120466321243523,0.5630645976779496,0.6444368858968319,0.022176006166912298,0,r2p7
mondrian_both,vendor_stage,B1,alert_rate,6594,130,0.6951774340309372,0.6553810802274163,0.7428602704438687,0.023599062712952604,0,r2p7
mondrian_both,vendor_stage,B2,alert_rate,11822,130,0.69286076805955,0.6682509431709813,0.7228220629032233,0.014483268989610809,0,r2p7
mondrian_both,vendor_stage,B3,alert_rate,15417,145,0.7716157488486736,0.7384409811593602,0.8050571142578034,0.01961971597406415,0,r2p7
mondrian_both,vendor_stage,B4,alert_rate,1140,6,0.9929824561403509,0.987928691289306,0.9975539515320663,0.0024571932874158896,0,r2p7
mondrian_both,vendor_stage,C0,alert_rate,34907,338,0.8186610135502908,0.7678014659247787,0.8494530093224494,0.023416564769267467,0,r2p7
mondrian_both,vendor_stage,C1,alert_rate,32019,473,0.7982447921546582,0.7513417796141139,0.8409297470086152,0.024398795663987314,0,r2p7
mondrian_both,vendor_stage,C2,alert_rate,25664,809,0.8423082917705735,0.8175042374872666,0.8584159725225275,0.010957010688030535,0,r2p7
mondrian_both,vendor_stage,C3,alert_rate,8592,505,0.9356378026070763,0.90904532425324,0.951160470081689,0.0105249901276422,0,r2p7
mondrian_both,vendor_stage,C4,alert_rate,0,0,NaN,NaN,NaN,NaN,1000,r2p7
-,all,all,auc,327386,2884,0.7094455707147325,0.7001759108206818,0.718554046754198,0.004789800637493857,0,r5
split,all,all,coverage,327386,2884,0.9249295938128081,0.9236189892310104,0.9260777497681322,0.000659340357248075,0,r5
split,all,all,cov_healthy,327386,2884,0.9257107814435658,0.9244243261036501,0.9268872769190806,0.000662825082863265,0,r5
split,all,all,cov_failure,327386,2884,0.8370319001386962,0.8229984208563816,0.850812186415855,0.006897699941182787,0,r5
split,all,all,set_size,327386,2884,1.4968813571747113,1.4922516853273846,1.501390111666587,0.002298171642171537,0,r5
split,all,all,singleton,327386,2884,0.5031186428252888,0.4986098883334129,0.5077483146726155,0.0022981716421715376,0,r5
split,all,all,doubleton,327386,2884,0.4968813571747112,0.49225168532738456,0.501390111666587,0.0022981716421715368,0,r5
split,all,all,empty,327386,2884,0.0,0.0,0.0,0.0,0,r5
split,all,all,alert_rate,327386,2884,0.5731216362336814,0.56800382888252,0.5784206481863408,0.0025788035799973997,0,r5
split,stage,0,coverage,65880,405,0.9141924711596843,0.9113551830695759,0.9168565456959398,0.001383011763708667,0,r5
split,stage,1,coverage,64423,656,0.9206339350852957,0.9178727460515123,0.923091613408076,0.0013197414243933888,0,r5
split,stage,2,coverage,64124,949,0.9040296924708378,0.9013117686928849,0.906859745024758,0.0014115055447091467,0,r5
split,stage,3,coverage,65162,595,0.906110923544397,0.9036152900190304,0.9089802876229169,0.0014140263444706225,0,r5
split,stage,4,coverage,67797,279,0.977299880525687,0.9755821396229041,0.978852318802409,0.0008289791370179317,0,r5
split,stage,0,cov_healthy,65880,405,0.9144253531882398,0.9115713189089666,0.916991379289105,0.0013861611091555985,0,r5
split,stage,1,cov_healthy,64423,656,0.9209308890178305,0.918110419545662,0.9234322025208624,0.0013279111094832573,0,r5
split,stage,2,cov_healthy,64124,949,0.9037910565888405,0.9010749827987774,0.9066873727548322,0.0014323260002005358,0,r5
split,stage,3,cov_healthy,65162,595,0.9066086390880791,0.9041275067022182,0.9094334389645048,0.0014102216918956984,0,r5
split,stage,4,cov_healthy,67797,279,0.9799460884504873,0.9783831906097157,0.9814285759280161,0.0007947772537528992,0,r5
split,stage,0,cov_failure,65880,405,0.8765432098765432,0.8420988602894096,0.9082817374042914,0.016682934840802032,0,r5
split,stage,1,cov_failure,64423,656,0.8917682926829268,0.8673107554611651,0.914465434467836,0.012055554662531586,0,r5
split,stage,2,cov_failure,64124,949,0.9199157007376185,0.9009700552015485,0.938371093033686,0.00927466601507592,0,r5
split,stage,3,cov_failure,65162,595,0.8521008403361344,0.8237158868100793,0.8803493751014446,0.014749360167326368,0,r5
split,stage,4,cov_failure,67797,279,0.33691756272401435,0.2806943456614509,0.3914673739841717,0.028917987139449566,0,r5
split,stage,0,set_size,65880,405,1.6734061930783242,1.669518837926186,1.6772153817723425,0.001934536147672446,0,r5
split,stage,1,set_size,64423,656,1.6828772332862487,1.6790450157420127,1.6866721503088467,0.0019366517456312672,0,r5
split,stage,2,set_size,64124,949,1.6998315763208782,1.6959353567915432,1.7037126328528547,0.001963301376704181,0,r5
split,stage,3,set_size,65162,595,1.3848408581688714,1.3770063364475968,1.3923798623066332,0.0038177028590639303,0,r5
split,stage,4,set_size,67797,279,1.0643391300500022,1.061024604786051,1.068075797915071,0.0017983413154865336,0,r5
split,stage,0,singleton,65880,405,0.3265938069216758,0.32278461822765747,0.3304811620738139,0.001934536147672441,0,r5
split,stage,1,singleton,64423,656,0.3171227667137513,0.3133278496911534,0.32095498425798724,0.001936651745631268,0,r5
split,stage,2,singleton,64124,949,0.3001684236791217,0.29628736714714543,0.30406464320845683,0.001963301376704178,0,r5
split,stage,3,singleton,65162,595,0.6151591418311285,0.6076201376933666,0.622993663552403,0.0038177028590639277,0,r5
split,stage,4,singleton,67797,279,0.9356608699499978,0.931924202084929,0.9389753952139491,0.0017983413154865342,0,r5
split,stage,0,doubleton,65880,405,0.6734061930783243,0.6695188379261862,0.6772153817723425,0.0019345361476724434,0,r5
split,stage,1,doubleton,64423,656,0.6828772332862487,0.6790450157420127,0.6866721503088465,0.0019366517456312648,0,r5
split,stage,2,doubleton,64124,949,0.6998315763208783,0.6959353567915432,0.7037126328528546,0.001963301376704177,0,r5
split,stage,3,doubleton,65162,595,0.3848408581688714,0.377006336447597,0.39237986230663324,0.003817702859063932,0,r5
split,stage,4,doubleton,67797,279,0.06433913005000222,0.06102460478605086,0.06807579791507101,0.0017983413154865325,0,r5
split,stage,0,empty,65880,405,0.0,0.0,0.0,0.0,0,r5
split,stage,1,empty,64423,656,0.0,0.0,0.0,0.0,0,r5
split,stage,2,empty,64124,949,0.0,0.0,0.0,0.0,0,r5
split,stage,3,empty,65162,595,0.0,0.0,0.0,0.0,0,r5
split,stage,4,empty,67797,279,0.0,0.0,0.0,0.0,0,r5
split,stage,0,alert_rate,65880,405,0.7606405585913782,0.7576481169490777,0.7638181459839959,0.0016104626303461342,0,r5
split,stage,1,alert_rate,64423,656,0.7649441969482949,0.7613639396110783,0.7681988275915383,0.001714648055091522,0,r5
split,stage,2,alert_rate,64124,949,0.7979851537645811,0.7944364268059716,0.8013630989269136,0.0017883254638377585,0,r5
split,stage,3,alert_rate,65162,595,0.4805408059912219,0.4717801194525372,0.4891637627697412,0.004435582824050405,0,r5
split,stage,4,alert_rate,67797,279,0.084930011652433,0.0806065631125837,0.08978183325193245,0.0023089613395356028,0,r5
split,vendor,A,coverage,96382,317,0.982060965740491,0.980686207150627,0.9833855471485846,0.0006851471000666036,0,r5
split,vendor,B,coverage,68573,435,0.9266037653303778,0.9244713569883228,0.9287319401867115,0.0010822263846024115,0,r5
split,vendor,C,coverage,162431,2132,0.8903226600833585,0.8881542030325865,0.8921313852419869,0.0010013704312957495,0,r5
split,vendor,A,cov_healthy,96382,317,0.9843335241763389,0.9829811177548037,0.9855948633830888,0.0006630959513824353,0,r5
split,vendor,B,cov_healthy,68573,435,0.9271184948193373,0.9249684433568893,0.9292652290091716,0.00108193118766595,0,r5
split,vendor,C,cov_healthy,162431,2132,0.8899805987560746,0.887796795258029,0.8918587298546253,0.001014190637538001,0,r5
split,vendor,A,cov_failure,96382,317,0.29337539432176657,0.24023752370791845,0.34097634679974953,0.02627424575497223,0,r5
split,vendor,B,cov_failure,68573,435,0.8459770114942529,0.808981962619365,0.8794879518072289,0.01863009454561517,0,r5
split,vendor,C,cov_failure,162431,2132,0.9160412757973734,0.9036797770920941,0.9278582903513392,0.006059531767532162,0,r5
split,vendor,A,set_size,96382,317,1.0592745533398353,1.0561720531911978,1.0625120153624186,0.0015721715665408852,0,r5
split,vendor,B,set_size,68573,435,1.6354104385107842,1.6318496127345967,1.6387230439214397,0.0017340807703683048,0,r5
split,vendor,C,set_size,162431,2132,1.6980625619493817,1.69554154928107,1.700661088822724,0.001322415639336299,0,r5
split,vendor,A,singleton,96382,317,0.9407254466601648,0.9374879846375814,0.9438279468088023,0.001572171566540886,0,r5
split,vendor,B,singleton,68573,435,0.3645895614892159,0.36127695607856036,0.36815038726540317,0.001734080770368308,0,r5
split,vendor,C,singleton,162431,2132,0.3019374380506184,0.2993389111772759,0.30445845071893,0.0013224156393363002,0,r5
split,vendor,A,doubleton,96382,317,0.05927455333983524,0.05617205319119771,0.06251201536241861,0.0015721715665408845,0,r5
split,vendor,B,doubleton,68573,435,0.6354104385107842,0.6318496127345967,0.6387230439214396,0.0017340807703683065,0,r5
split,vendor,C,doubleton,162431,2132,0.6980625619493815,0.6955415492810699,0.7006610888227242,0.001322415639336299,0,r5
split,vendor,A,empty,96382,317,0.0,0.0,0.0,0.0,0,r5
split,vendor,B,empty,68573,435,0.0,0.0,0.0,0.0,0,r5
split,vendor,C,empty,162431,2132,0.0,0.0,0.0,0.0,0,r5
split,vendor,A,alert_rate,96382,317,0.07533564358490175,0.07151157046421042,0.07955142724546245,0.002017080863613313,0,r5
split,vendor,B,alert_rate,68573,435,0.7096816531287825,0.7065923664273334,0.712814797676779,0.0015848669327838568,0,r5
split,vendor,C,alert_rate,162431,2132,0.8108427578479478,0.8089030853007467,0.812762253353233,0.0009666567329663066,0,r5
split,vendor_stage,A0,coverage,87,1,0.9770114942528736,0.9322033898305084,1.0,0.018233246017900117,0,r5
split,vendor_stage,A1,coverage,84,0,1.0,1.0,1.0,0.0,0,r5
split,vendor_stage,A2,coverage,1369,1,0.985390796201607,0.9782777065898773,0.9917243382053754,0.0034461854077013766,0,r5
split,vendor_stage,A3,coverage,28269,43,0.9845767448441756,0.9826637519199827,0.9867606108550152,0.0010175238620164168,0,r5
split,vendor_stage,A4,coverage,66573,272,0.9809081759872621,0.9793146519627833,0.9824107482265287,0.0007960949901502092,0,r5
split,vendor_stage,B0,coverage,8476,32,0.9536337895233601,0.9490817164097983,0.9582903563648258,0.0024503721363653063,0,r5
split,vendor_stage,B1,coverage,11757,148,0.9513481330271327,0.9468677574646472,0.9553532138597478,0.0021457906459393565,0,r5
split,vendor_stage,B2,coverage,21430,129,0.9523565095660289,0.9490305436892055,0.9554719986372721,0.0016584014425191247,0,r5
split,vendor_stage,B3,coverage,25686,119,0.8918087674219419,0.8878886091555614,0.8957057644536277,0.001997094946897534,0,r5
split,vendor_stage,B4,coverage,1224,7,0.7810457516339869,0.7553817684524606,0.8051965140123035,0.012269618098972167,0,r5
split,vendor_stage,C0,coverage,57317,372,0.9082645637419963,0.9051429159435725,0.9110828942527659,0.001535487076195371,0,r5
split,vendor_stage,C1,coverage,52582,508,0.9136396485489331,0.9105240222389833,0.9164674130212297,0.0015193563213011165,0,r5
split,vendor_stage,C2,coverage,41325,819,0.8762734422262553,0.872469994268317,0.8800858321183834,0.0019279425203136853,0,r5
split,vendor_stage,C3,coverage,11207,433,0.7409654680110646,0.7331488809439476,0.748051014423682,0.003897967658293235,0,r5
split,vendor_stage,C4,coverage,0,0,NaN,NaN,NaN,NaN,1000,r5
split,vendor_stage,A0,cov_healthy,87,1,0.9883720930232558,0.9560317460317461,1.0,0.012691365693887707,0,r5
split,vendor_stage,A1,cov_healthy,84,0,1.0,1.0,1.0,0.0,0,r5
split,vendor_stage,A2,cov_healthy,1369,1,0.9861111111111112,0.9788709982668288,0.9923943083065843,0.0033985142129705184,0,r5
split,vendor_stage,A3,cov_healthy,28269,43,0.9858995252603983,0.9839774488805585,0.9879578348872384,0.0009925911827182948,0,r5
split,vendor_stage,A4,cov_healthy,66573,272,0.9836050738299573,0.9821255141513535,0.985007567984913,0.0007612342775164786,0,r5
split,vendor_stage,B0,cov_healthy,8476,32,0.9540502131691142,0.9494142820498227,0.9586552745204757,0.0024567958384787004,0,r5
split,vendor_stage,B1,cov_healthy,11757,148,0.9521061245585322,0.9477188534921451,0.9561292098987769,0.002143944962171421,0,r5
split,vendor_stage,B2,cov_healthy,21430,129,0.9530069010844562,0.9496540516993132,0.9560401630627228,0.001657666424266961,0,r5
split,vendor_stage,B3,cov_healthy,25686,119,0.8922830210818633,0.8883378038840584,0.8961669726831459,0.0019990977339679867,0,r5
split,vendor_stage,B4,cov_healthy,1224,7,0.780608052588332,0.7549109043067754,0.8046131005836702,0.012333959467538982,0,r5
split,vendor_stage,C0,cov_healthy,57317,372,0.9084379664588638,0.9052760147652928,0.9112275493829657,0.0015398092014832626,0,r5
split,vendor_stage,C1,cov_healthy,52582,508,0.913853362522564,0.9106888198085004,0.9167398417480369,0.0015334053613099447,0,r5
split,vendor_stage,C2,cov_healthy,41325,819,0.8751296104280847,0.8712074363730614,0.8789847226633354,0.001972540126396176,0,r5
split,vendor_stage,C3,cov_healthy,11207,433,0.7328754408761834,0.7249511801860576,0.7402552248533323,0.003968831868526723,0,r5
split,vendor_stage,C4,cov_healthy,0,0,NaN,NaN,NaN,NaN,1000,r5
split,vendor_stage,A0,cov_failure,87,1,0.0,0.0,0.0,0.0,369,r5
split,vendor_stage,A1,cov_failure,84,0,NaN,NaN,NaN,NaN,1000,r5
split,vendor_stage,A2,cov_failure,1369,1,0.0,0.0,0.0,0.0,374,r5
split,vendor_stage,A3,cov_failure,28269,43,0.11627906976744186,0.030280748663101608,0.22229166666666658,0.04856586080533724,0,r5
split,vendor_stage,A4,cov_failure,66573,272,0.3235294117647059,0.26691132465844775,0.3765410608232644,0.029182400027834857,0,r5
split,vendor_stage,B0,cov_failure,8476,32,0.84375,0.7,0.9615384615384616,0.06647590786086852,0,r5
split,vendor_stage,B1,cov_failure,11757,148,0.8918918918918919,0.8388844086021505,0.9371167452830189,0.025621988280525844,0,r5
split,vendor_stage,B2,cov_failure,21430,129,0.8449612403100775,0.7812362938596491,0.9083969465648855,0.03304877423367928,0,r5
split,vendor_stage,B3,cov_failure,25686,119,0.7899159663865546,0.7075309043591411,0.8583333333333333,0.03774914776538453,0,r5
split,vendor_stage,B4,cov_failure,1224,7,0.8571428571428571,0.5,1.0,0.1439472255033946,0,r5
split,vendor_stage,C0,cov_failure,57317,372,0.8817204301075269,0.8482367088068786,0.91444023440747,0.016835090821115856,0,r5
split,vendor_stage,C1,cov_failure,52582,508,0.8917322834645669,0.8634591584158416,0.9185471433785009,0.013977641103964683,0,r5
split,vendor_stage,C2,cov_failure,41325,819,0.9328449328449329,0.9141694544518786,0.9504265420907176,0.009127614420160319,0,r5
split,vendor_stage,C3,cov_failure,11207,433,0.9422632794457275,0.9214272551772551,0.9637265697645965,0.011190884080205087,0,r5
split,vendor_stage,C4,cov_failure,0,0,NaN,NaN,NaN,NaN,1000,r5
split,vendor_stage,A0,set_size,87,1,1.0459770114942528,1.012471590909091,1.0816326530612246,0.01819843952775866,0,r5
split,vendor_stage,A1,set_size,84,0,1.0238095238095237,1.0,1.0602409638554218,0.016300187027973843,0,r5
split,vendor_stage,A2,set_size,1369,1,1.1008035062089117,1.0792992764384888,1.121733746348485,0.010911158376223064,0,r5
split,vendor_stage,A3,set_size,28269,43,1.0648059712052071,1.0601228384061567,1.0696209933628518,0.0023972153835500483,0,r5
split,vendor_stage,A4,set_size,66573,272,1.056133868084659,1.053016791308219,1.059474086169002,0.0016734475960616484,0,r5
split,vendor_stage,B0,set_size,8476,32,1.5816422840962718,1.5716909942096835,1.5919357503086657,0.005098585030632688,0,r5
split,vendor_stage,B1,set_size,11757,148,1.600153100280684,1.591971026566261,1.608413366664394,0.004149744518071559,0,r5
split,vendor_stage,B2,set_size,21430,129,1.6889407372841811,1.6829757763358613,1.6946741984989395,0.0029334421646276913,0,r5
split,vendor_stage,B3,set_size,25686,119,1.6305769679981312,1.6252938352245887,1.6366738743096445,0.002841430876788559,0,r5
split,vendor_stage,B4,set_size,1224,7,1.5106209150326797,1.482284027134625,1.5369858123708835,0.013926055931614731,0,r5
split,vendor_stage,C0,set_size,57317,372,1.687928537781112,1.683949844077922,1.691916883430859,0.002059562000403011,0,r5
split,vendor_stage,C1,set_size,52582,508,1.7024266859381538,1.698201671758125,1.706462792816375,0.0021541829723649803,0,r5
split,vendor_stage,C2,set_size,41325,819,1.7253236539624925,1.7205706273962729,1.729982280349702,0.0023791721482996106,0,r5
split,vendor_stage,C3,set_size,11207,433,1.6288926563754795,1.6188832212610451,1.6373624150631474,0.004906701790878529,0,r5
split,vendor_stage,C4,set_size,0,0,NaN,NaN,NaN,NaN,1000,r5
split,vendor_stage,A0,singleton,87,1,0.9540229885057471,0.9183673469387755,0.9875284090909091,0.01819843952775866,0,r5
split,vendor_stage,A1,singleton,84,0,0.9761904761904762,0.9397590361445783,1.0,0.016300187027973836,0,r5
split,vendor_stage,A2,singleton,1369,1,0.8991964937910883,0.8782662536515149,0.9207007235615113,0.01091115837622306,0,r5
split,vendor_stage,A3,singleton,28269,43,0.9351940287947929,0.9303790066371482,0.9398771615938432,0.002397215383550051,0,r5
split,vendor_stage,A4,singleton,66573,272,0.9438661319153411,0.9405259138309982,0.9469832086917811,0.0016734475960616484,0,r5
split,vendor_stage,B0,singleton,8476,32,0.41835771590372817,0.4080642496913345,0.42830900579031667,0.005098585030632691,0,r5
split,vendor_stage,B1,singleton,11757,148,0.39984689971931614,0.391586633335606,0.4080289734337392,0.004149744518071562,0,r5
split,vendor_stage,B2,singleton,21430,129,0.31105926271581896,0.3053258015010606,0.3170242236641387,0.002933442164627686,0,r5
split,vendor_stage,B3,singleton,25686,119,0.3694230320018687,0.36332612569035555,0.3747061647754112,0.002841430876788557,0,r5
split,vendor_stage,B4,singleton,1224,7,0.48937908496732024,0.4630141876291165,0.517715972865375,0.013926055931614717,0,r5
split,vendor_stage,C0,singleton,57317,372,0.31207146221888793,0.30808311656914084,0.31605015592207814,0.0020595620004030136,0,r5
split,vendor_stage,C1,singleton,52582,508,0.2975733140618463,0.293537207183625,0.3017983282418749,0.002154182972364982,0,r5
split,vendor_stage,C2,singleton,41325,819,0.27467634603750757,0.270017719650298,0.27942937260372713,0.002379172148299614,0,r5
split,vendor_stage,C3,singleton,11207,433,0.3711073436245204,0.3626375849368525,0.38111677873895494,0.004906701790878525,0,r5
split,vendor_stage,C4,singleton,0,0,NaN,NaN,NaN,NaN,1000,r5
split,vendor_stage,A0,doubleton,87,1,0.04597701149425287,0.012471590909090911,0.08163265306122448,0.01819843952775864,0,r5
split,vendor_stage,A1,doubleton,84,0,0.023809523809523808,0.0,0.060240963855421686,0.016300187027973843,0,r5
split,vendor_stage,A2,doubleton,1369,1,0.10080350620891161,0.07929927643848864,0.12173374634848506,0.010911158376223059,0,r5
split,vendor_stage,A3,doubleton,28269,43,0.06480597120520712,0.06012283840615685,0.06962099336285175,0.0023972153835500496,0,r5
split,vendor_stage,A4,doubleton,66573,272,0.05613386808465894,0.05301679130821894,0.05947408616900187,0.001673447596061649,0,r5
split,vendor_stage,B0,doubleton,8476,32,0.5816422840962718,0.5716909942096834,0.5919357503086655,0.005098585030632695,0,r5
split,vendor_stage,B1,doubleton,11757,148,0.6001531002806838,0.5919710265662609,0.6084133666643939,0.004149744518071559,0,r5
split,vendor_stage,B2,doubleton,21430,129,0.688940737284181,0.6829757763358613,0.6946741984989394,0.002933442164627688,0,r5
split,vendor_stage,B3,doubleton,25686,119,0.6305769679981312,0.6252938352245888,0.6366738743096445,0.0028414308767885556,0,r5
split,vendor_stage,B4,doubleton,1224,7,0.5106209150326797,0.482284027134625,0.5369858123708835,0.01392605593161472,0,r5
split,vendor_stage,C0,doubleton,57317,372,0.6879285377811121,0.6839498440779218,0.6919168834308592,0.0020595620004030153,0,r5
split,vendor_stage,C1,doubleton,52582,508,0.7024266859381537,0.6982016717581251,0.706462792816375,0.0021541829723649825,0,r5
split,vendor_stage,C2,doubleton,41325,819,0.7253236539624924,0.7205706273962729,0.729982280349702,0.0023791721482996136,0,r5
split,vendor_stage,C3,doubleton,11207,433,0.6288926563754796,0.6188832212610451,0.6373624150631475,0.004906701790878527,0,r5
split,vendor_stage,C4,doubleton,0,0,NaN,NaN,NaN,NaN,1000,r5
split,vendor_stage,A0,empty,87,1,0.0,0.0,0.0,0.0,0,r5
split,vendor_stage,A1,empty,84,0,0.0,0.0,0.0,0.0,0,r5
split,vendor_stage,A2,empty,1369,1,0.0,0.0,0.0,0.0,0,r5
split,vendor_stage,A3,empty,28269,43,0.0,0.0,0.0,0.0,0,r5
split,vendor_stage,A4,empty,66573,272,0.0,0.0,0.0,0.0,0,r5
split,vendor_stage,B0,empty,8476,32,0.0,0.0,0.0,0.0,0,r5
split,vendor_stage,B1,empty,11757,148,0.0,0.0,0.0,0.0,0,r5
split,vendor_stage,B2,empty,21430,129,0.0,0.0,0.0,0.0,0,r5
split,vendor_stage,B3,empty,25686,119,0.0,0.0,0.0,0.0,0,r5
split,vendor_stage,B4,empty,1224,7,0.0,0.0,0.0,0.0,0,r5
split,vendor_stage,C0,empty,57317,372,0.0,0.0,0.0,0.0,0,r5
split,vendor_stage,C1,empty,52582,508,0.0,0.0,0.0,0.0,0,r5
split,vendor_stage,C2,empty,41325,819,0.0,0.0,0.0,0.0,0,r5
split,vendor_stage,C3,empty,11207,433,0.0,0.0,0.0,0.0,0,r5
split,vendor_stage,C4,empty,0,0,NaN,NaN,NaN,NaN,1000,r5
split,vendor_stage,A0,alert_rate,87,1,0.05747126436781609,0.019990196078431374,0.09757293161166905,0.02019873766147798,0,r5
split,vendor_stage,A1,alert_rate,84,0,0.023809523809523808,0.0,0.060240963855421686,0.016300187027973843,0,r5
split,vendor_stage,A2,alert_rate,1369,1,0.11468224981738495,0.09009416971063029,0.139238225572083,0.012393375800189546,0,r5
split,vendor_stage,A3,alert_rate,28269,43,0.07899112101595387,0.07301739649767346,0.08488806672411565,0.0029219189759850544,0,r5
split,vendor_stage,A4,alert_rate,66573,272,0.07306265302750364,0.06912885108059988,0.07750107297329324,0.0021730914885042156,0,r5
split,vendor_stage,B0,alert_rate,8476,32,0.6283624351109014,0.6180286886673979,0.6377053878647855,0.005013471363301609,0,r5
split,vendor_stage,B1,alert_rate,11757,148,0.6515267500212639,0.6439412892716716,0.6590244628991896,0.0038424075880998092,0,r5
split,vendor_stage,B2,alert_rate,21430,129,0.7367708819412039,0.7316549461546948,0.7417929125558229,0.0026309507509417276,0,r5
split,vendor_stage,B3,alert_rate,25686,119,0.7395468348516702,0.7346904559184099,0.7445030832226016,0.0025089588174582555,0,r5
split,vendor_stage,B4,alert_rate,1224,7,0.7303921568627451,0.7049290186101689,0.7544691605273824,0.013077545031084896,0,r5
split,vendor_stage,C0,alert_rate,57317,372,0.7812690824711691,0.7783967970285476,0.7843491846361393,0.0015660925966406785,0,r5
split,vendor_stage,C1,alert_rate,52582,508,0.7914875813015861,0.7878035533132084,0.7949505468063331,0.0018253673844845003,0,r5
split,vendor_stage,C2,alert_rate,41325,819,0.8523653962492438,0.8486723508570718,0.8560328407148426,0.0018340339735776212,0,r5
split,vendor_stage,C3,alert_rate,11207,433,0.8997947711251896,0.8933247260632572,0.9055112611865586,0.003167505083056388,0,r5
split,vendor_stage,C4,alert_rate,0,0,NaN,NaN,NaN,NaN,1000,r5
mondrian_class,all,all,coverage,327386,2884,0.9255710384683523,0.9242718139519782,0.9267358283938355,0.000661164315655181,0,r5
mondrian_class,all,all,cov_healthy,327386,2884,0.9257107814435658,0.9244243261036501,0.9268872769190806,0.000662825082863265,0,r5
mondrian_class,all,all,cov_failure,327386,2884,0.9098474341192788,0.8883096234523801,0.9240134634723239,0.00883679989404762,0,r5
mondrian_class,all,all,set_size,327386,2884,1.6069776960529771,1.577637782730672,1.623745351549497,0.012261241159097968,0,r5
mondrian_class,all,all,singleton,327386,2884,0.39302230394702276,0.3762546484505028,0.42236221726932804,0.012261241159097968,0,r5
mondrian_class,all,all,doubleton,327386,2884,0.6069776960529772,0.577637782730672,0.6237453515494971,0.012261241159097972,0,r5
mondrian_class,all,all,empty,327386,2884,0.0,0.0,0.0,0.0,0,r5
mondrian_class,all,all,alert_rate,327386,2884,0.6832179751119474,0.6544279555971174,0.7005485509122041,0.012304447748548818,0,r5
mondrian_class,stage,0,coverage,65880,405,0.9146630236794171,0.9117918523956319,0.9172495178382563,0.00137767323711034,0,r5
mondrian_class,stage,1,coverage,64423,656,0.9214721450413672,0.9186688915220711,0.9238834822288035,0.0013138517495481937,0,r5
mondrian_class,stage,2,coverage,64124,949,0.904903000436654,0.9021656144593437,0.9076987342630572,0.001409176823390102,0,r5
mondrian_class,stage,3,coverage,65162,595,0.9067401246125042,0.9041613946542212,0.9095365044719295,0.0014115362449403847,0,r5
mondrian_class,stage,4,coverage,67797,279,0.9777128781509506,0.976125627022356,0.9793032899840458,0.0008298340390335046,0,r5
mondrian_class,stage,0,cov_healthy,65880,405,0.9144253531882398,0.9115713189089666,0.916991379289105,0.0013861611091555985,0,r5
mondrian_class,stage,1,cov_healthy,64423,656,0.9209308890178305,0.918110419545662,0.9234322025208624,0.0013279111094832573,0,r5
mondrian_class,stage,2,cov_healthy,64124,949,0.9037910565888405,0.9010749827987774,0.9066873727548322,0.0014323260002005358,0,r5
mondrian_class,stage,3,cov_healthy,65162,595,0.9066086390880791,0.9041275067022182,0.9094334389645048,0.0014102216918956984,0,r5
mondrian_class,stage,4,cov_healthy,67797,279,0.9799460884504873,0.9783831906097157,0.9814285759280161,0.0007947772537528992,0,r5
mondrian_class,stage,0,cov_failure,65880,405,0.9530864197530864,0.9191076861779194,0.9751350217129511,0.014264401993343659,0,r5
mondrian_class,stage,1,cov_failure,64423,656,0.9740853658536586,0.9501137729692598,0.9852518219677252,0.009144581923450643,0,r5
mondrian_class,stage,2,cov_failure,64124,949,0.9789251844046365,0.965179069313556,0.9888103340545621,0.00606053560662688,0,r5
mondrian_class,stage,3,cov_failure,65162,595,0.9210084033613445,0.8885039571484458,0.9434931506849316,0.013577937204371962,0,r5
mondrian_class,stage,4,cov_failure,67797,279,0.43727598566308246,0.3749775179856115,0.5103619421906693,0.034235554208826215,0,r5
mondrian_class,stage,0,set_size,65880,405,1.7765482695810564,1.7506729653937076,1.7884439872500921,0.009809161303450494,0,r5
mondrian_class,stage,1,set_size,64423,656,1.8493860888192106,1.822391722566708,1.8581576417274541,0.009916928148592066,0,r5
mondrian_class,stage,2,set_size,64124,949,1.8246054519368724,1.7934317194349259,1.8344246650714184,0.01144412665874376,0,r5
mondrian_class,stage,3,set_size,65162,595,1.4886743807740708,1.454487552004328,1.5124938022844177,0.015761880769901336,0,r5
mondrian_class,stage,4,set_size,67797,279,1.119725061580896,1.0960787827005107,1.1512566855922703,0.014798948143939061,0,r5
mondrian_class,stage,0,singleton,65880,405,0.22345173041894353,0.21155601274990793,0.24932703460629213,0.00980916130345049,0,r5
mondrian_class,stage,1,singleton,64423,656,0.15061391118078946,0.14184235827254596,0.17760827743329222,0.009916928148592075,0,r5
mondrian_class,stage,2,singleton,64124,949,0.17539454806312768,0.16557533492858165,0.2065682805650743,0.011444126658743756,0,r5
mondrian_class,stage,3,singleton,65162,595,0.5113256192259292,0.4875061977155823,0.5455124479956719,0.01576188076990134,0,r5
mondrian_class,stage,4,singleton,67797,279,0.8802749384191041,0.8487433144077297,0.9039212172994893,0.014798948143939075,0,r5
mondrian_class,stage,0,doubleton,65880,405,0.7765482695810565,0.7506729653937079,0.7884439872500921,0.009809161303450494,0,r5
mondrian_class,stage,1,doubleton,64423,656,0.8493860888192105,0.8223917225667078,0.858157641727454,0.00991692814859207,0,r5
mondrian_class,stage,2,doubleton,64124,949,0.8246054519368723,0.7934317194349256,0.8344246650714183,0.011444126658743751,0,r5
mondrian_class,stage,3,doubleton,65162,595,0.48867438077407077,0.4544875520043281,0.5124938022844177,0.01576188076990134,0,r5
mondrian_class,stage,4,doubleton,67797,279,0.11972506158089591,0.09607878270051075,0.1512566855922703,0.014798948143939075,0,r5
mondrian_class,stage,0,empty,65880,405,0.0,0.0,0.0,0.0,0,r5
mondrian_class,stage,1,empty,64423,656,0.0,0.0,0.0,0.0,0,r5
mondrian_class,stage,2,empty,64124,949,0.0,0.0,0.0,0.0,0,r5
mondrian_class,stage,3,empty,65162,595,0.0,0.0,0.0,0.0,0,r5
mondrian_class,stage,4,empty,67797,279,0.0,0.0,0.0,0.0,0,r5
mondrian_class,stage,0,alert_rate,65880,405,0.8637826350941105,0.838008052781112,0.875185477110262,0.009745480274366163,0,r5
mondrian_class,stage,1,alert_rate,64423,656,0.9314530524812566,0.9047587384772939,0.9395641811432539,0.009829937906972194,0,r5
mondrian_class,stage,2,alert_rate,64124,949,0.9227590293805752,0.8911588926780094,0.9320892400305382,0.011417164340011127,0,r5
mondrian_class,stage,3,alert_rate,65162,595,0.5843743285964212,0.5499620832355768,0.6090944931609827,0.015840974223861496,0,r5
mondrian_class,stage,4,alert_rate,67797,279,0.14031594318332669,0.11640452671564754,0.1726219312946925,0.0148486328389816,0,r5
mondrian_class,vendor,A,coverage,96382,317,0.9823826025606441,0.9810225226130822,0.9837038935945565,0.0006877346875995482,0,r5
mondrian_class,vendor,B,coverage,68573,435,0.9272308342933808,0.925083103481236,0.9293551097586197,0.0010813601122364378,0,r5
mondrian_class,vendor,C,coverage,162431,2132,0.8911599386816556,0.8889750254962574,0.8929466495108169,0.0010041649323363788,0,r5
mondrian_class,vendor,A,cov_healthy,96382,317,0.9843335241763389,0.9829811177548037,0.9855948633830888,0.0006630959513824353,0,r5
mondrian_class,vendor,B,cov_healthy,68573,435,0.9271184948193373,0.9249684433568893,0.9292652290091716,0.00108193118766595,0,r5
mondrian_class,vendor,C,cov_healthy,162431,2132,0.8899805987560746,0.887796795258029,0.8918587298546253,0.001014190637538001,0,r5
mondrian_class,vendor,A,cov_failure,96382,317,0.3911671924290221,0.33110088724741044,0.4615615615615616,0.0324943873101717,0,r5
mondrian_class,vendor,B,cov_failure,68573,435,0.9448275862068966,0.9139411896243291,0.9698507002605621,0.014419479425315549,0,r5
mondrian_class,vendor,C,cov_failure,162431,2132,0.9798311444652908,0.9620692007513528,0.9868179452869461,0.006114335434478745,0,r5
mondrian_class,vendor,A,set_size,96382,317,1.1173766885933059,1.0934576385686916,1.1478921438189724,0.014548056243902062,0,r5
mondrian_class,vendor,B,set_size,68573,435,1.7813279279016523,1.7413321151489736,1.7998884232764956,0.016973354730990136,0,r5
mondrian_class,vendor,C,set_size,162431,2132,1.8238882971846506,1.7976359853738364,1.831032522036049,0.008973742066884519,0,r5
mondrian_class,vendor,A,singleton,96382,317,0.8826233114066941,0.8521078561810276,0.9065423614313084,0.014548056243902067,0,r5
mondrian_class,vendor,B,singleton,68573,435,0.21867207209834774,0.20011157672350424,0.2586678848510266,0.016973354730990143,0,r5
mondrian_class,vendor,C,singleton,162431,2132,0.1761117028153493,0.1689674779639509,0.20236401462616366,0.008973742066884522,0,r5
mondrian_class,vendor,A,doubleton,96382,317,0.1173766885933058,0.09345763856869155,0.14789214381897248,0.014548056243902057,0,r5
mondrian_class,vendor,B,doubleton,68573,435,0.7813279279016523,0.7413321151489733,0.7998884232764958,0.01697335473099014,0,r5
mondrian_class,vendor,C,doubleton,162431,2132,0.8238882971846507,0.7976359853738363,0.8310325220360492,0.00897374206688452,0,r5
mondrian_class,vendor,A,empty,96382,317,0.0,0.0,0.0,0.0,0,r5
mondrian_class,vendor,B,empty,68573,435,0.0,0.0,0.0,0.0,0,r5
mondrian_class,vendor,C,empty,162431,2132,0.0,0.0,0.0,0.0,0,r5
mondrian_class,vendor,A,alert_rate,96382,317,0.13343777883837232,0.10959110658001094,0.16425717825755495,0.01457006478359783,0,r5
mondrian_class,vendor,B,alert_rate,68573,435,0.8555991425196506,0.8159088307475557,0.87356839885573,0.016960727337424444,0,r5
mondrian_class,vendor,C,alert_rate,162431,2132,0.9366684930832169,0.9107303577234627,0.94320199521518,0.008898726098302666,0,r5
mondrian_class,vendor_stage,A0,coverage,87,1,0.9770114942528736,0.9322033898305084,1.0,0.01823281879996768,0,r5
mondrian_class,vendor_stage,A1,coverage,84,0,1.0,1.0,1.0,0.0,0,r5
mondrian_class,vendor_stage,A2,coverage,1369,1,0.9861212563915267,0.9788713731150152,0.9923994340926575,0.0033957674097367043,0,r5
mondrian_class,vendor_stage,A3,coverage,28269,43,0.9846474937210372,0.9827403438920479,0.9868303535377854,0.0010179479328172045,0,r5
mondrian_class,vendor_stage,A4,coverage,66573,272,0.9813287669175191,0.9797642096688202,0.9828684183974717,0.0007967009148931809,0,r5
mondrian_class,vendor_stage,B0,coverage,8476,32,0.9541057102406796,0.9494551779541779,0.958734222665503,0.002451914712475238,0,r5
mondrian_class,vendor_stage,B1,coverage,11757,148,0.9523688015650251,0.9480608589051451,0.9563550209307741,0.0021228933109719407,0,r5
mondrian_class,vendor_stage,B2,coverage,21430,129,0.9527764815678955,0.9494876086941834,0.9558644003446046,0.0016551271037288354,0,r5
mondrian_class,vendor_stage,B3,coverage,25686,119,0.8925095382698747,0.8886059337516942,0.8963521030550223,0.0019961387116679925,0,r5
mondrian_class,vendor_stage,B4,coverage,1224,7,0.7810457516339869,0.7556269591120518,0.8053296876746924,0.012248367109303293,0,r5
mondrian_class,vendor_stage,C0,coverage,57317,372,0.9087356281731424,0.9055537920290391,0.9115267707247712,0.0015294138122726821,0,r5
mondrian_class,vendor_stage,C1,coverage,52582,508,0.9144384009737172,0.9112910929582752,0.9172886597313085,0.001518279587431979,0,r5
mondrian_class,vendor_stage,C2,coverage,41325,819,0.8773865698729583,0.8735366561618002,0.8812007990495512,0.0019285929315564995,0,r5
mondrian_class,vendor_stage,C3,coverage,11207,433,0.742839296868029,0.7348733548327897,0.7496434035445169,0.003865161908815168,0,r5
mondrian_class,vendor_stage,C4,coverage,0,0,NaN,NaN,NaN,NaN,1000,r5
mondrian_class,vendor_stage,A0,cov_healthy,87,1,0.9883720930232558,0.9560317460317461,1.0,0.012691365693887707,0,r5
mondrian_class,vendor_stage,A1,cov_healthy,84,0,1.0,1.0,1.0,0.0,0,r5
mondrian_class,vendor_stage,A2,cov_healthy,1369,1,0.9861111111111112,0.9788709982668288,0.9923943083065843,0.0033985142129705184,0,r5
mondrian_class,vendor_stage,A3,cov_healthy,28269,43,0.9858995252603983,0.9839774488805585,0.9879578348872384,0.0009925911827182948,0,r5
mondrian_class,vendor_stage,A4,cov_healthy,66573,272,0.9836050738299573,0.9821255141513535,0.985007567984913,0.0007612342775164786,0,r5
mondrian_class,vendor_stage,B0,cov_healthy,8476,32,0.9540502131691142,0.9494142820498227,0.9586552745204757,0.0024567958384787004,0,r5
mondrian_class,vendor_stage,B1,cov_healthy,11757,148,0.9521061245585322,0.9477188534921451,0.9561292098987769,0.002143944962171421,0,r5
mondrian_class,vendor_stage,B2,cov_healthy,21430,129,0.9530069010844562,0.9496540516993132,0.9560401630627228,0.001657666424266961,0,r5
mondrian_class,vendor_stage,B3,cov_healthy,25686,119,0.8922830210818633,0.8883378038840584,0.8961669726831459,0.0019990977339679867,0,r5
mondrian_class,vendor_stage,B4,cov_healthy,1224,7,0.780608052588332,0.7549109043067754,0.8046131005836702,0.012333959467538982,0,r5
mondrian_class,vendor_stage,C0,cov_healthy,57317,372,0.9084379664588638,0.9052760147652928,0.9112275493829657,0.0015398092014832626,0,r5
mondrian_class,vendor_stage,C1,cov_healthy,52582,508,0.913853362522564,0.9106888198085004,0.9167398417480369,0.0015334053613099447,0,r5
mondrian_class,vendor_stage,C2,cov_healthy,41325,819,0.8751296104280847,0.8712074363730614,0.8789847226633354,0.001972540126396176,0,r5
mondrian_class,vendor_stage,C3,cov_healthy,11207,433,0.7328754408761834,0.7249511801860576,0.7402552248533323,0.003968831868526723,0,r5
mondrian_class,vendor_stage,C4,cov_healthy,0,0,NaN,NaN,NaN,NaN,1000,r5
mondrian_class,vendor_stage,A0,cov_failure,87,1,0.0,0.0,0.0,0.06884231955080389,369,r5
mondrian_class,vendor_stage,A1,cov_failure,84,0,NaN,NaN,NaN,NaN,1000,r5
mondrian_class,vendor_stage,A2,cov_failure,1369,1,1.0,1.0,1.0,0.056478105118952696,374,r5
mondrian_class,vendor_stage,A3,cov_failure,28269,43,0.16279069767441862,0.0681439393939394,0.3077380952380952,0.06121327485184951,0,r5
mondrian_class,vendor_stage,A4,cov_failure,66573,272,0.4264705882352941,0.35788834064327485,0.4981741573033707,0.03406604021366381,0,r5
mondrian_class,vendor_stage,B0,cov_failure,8476,32,0.96875,0.8888888888888888,1.0,0.032148949441825135,0,r5
mondrian_class,vendor_stage,B1,cov_failure,11757,148,0.972972972972973,0.9407882553606237,1.0,0.014696008065232961,0,r5
mondrian_class,vendor_stage,B2,cov_failure,21430,129,0.9147286821705426,0.8615034965034966,0.9600079365079365,0.02629623787106271,0,r5
mondrian_class,vendor_stage,B3,cov_failure,25686,119,0.9411764705882353,0.8749768518518518,0.9818222768222769,0.027558886666401047,0,r5
mondrian_class,vendor_stage,B4,cov_failure,1224,7,0.8571428571428571,0.5553030303030303,1.0,0.13490671718358946,0,r5
mondrian_class,vendor_stage,C0,cov_failure,57317,372,0.9543010752688172,0.9200502509136529,0.9765058712915489,0.014655625404171752,0,r5
mondrian_class,vendor_stage,C1,cov_failure,52582,508,0.9744094488188977,0.9464975578627004,0.9867729190672041,0.010078236665328302,0,r5
mondrian_class,vendor_stage,C2,cov_failure,41325,819,0.989010989010989,0.977751756440281,0.9962503502490659,0.004820831852872083,0,r5
mondrian_class,vendor_stage,C3,cov_failure,11207,433,0.9907621247113164,0.9723486340077266,0.9977325545602856,0.006760745832692053,0,r5
mondrian_class,vendor_stage,C4,cov_failure,0,0,NaN,NaN,NaN,NaN,1000,r5
mondrian_class,vendor_stage,A0,set_size,87,1,1.1379310344827587,1.0686240934730056,1.2297297297297298,0.039942645400441304,0,r5
mondrian_class,vendor_stage,A1,set_size,84,0,1.0833333333333333,1.03125,1.1647058823529413,0.03397421707174615,0,r5
mondrian_class,vendor_stage,A2,set_size,1369,1,1.1658144631117604,1.1344524938162606,1.207642121792456,0.019223142413024166,0,r5
mondrian_class,vendor_stage,A3,set_size,28269,43,1.1311330432629383,1.1054769526096206,1.1608674033057698,0.015092650059771074,0,r5
mondrian_class,vendor_stage,A4,set_size,66573,272,1.1105553302389857,1.0872476464245897,1.1416223308478461,0.014454492840781203,0,r5
mondrian_class,vendor_stage,B0,set_size,8476,32,1.6832232184992921,1.6484098259534044,1.7116286166083405,0.017236692448958448,0,r5
mondrian_class,vendor_stage,B1,set_size,11757,148,1.7774092030279833,1.7445107111981686,1.7996408587094945,0.015590424537971777,0,r5
mondrian_class,vendor_stage,B2,set_size,21430,129,1.8230984601026599,1.7835246348508844,1.8371529691532824,0.014577561400889423,0,r5
mondrian_class,vendor_stage,B3,set_size,25686,119,1.7884061356380907,1.741358104810149,1.809327183549609,0.019397434718450953,0,r5
mondrian_class,vendor_stage,B4,set_size,1224,7,1.6184640522875817,1.546353498228139,1.6756329113924051,0.038928597721578126,0,r5
mondrian_class,vendor_stage,C0,set_size,57317,372,1.7913184570022855,1.7656545414917741,1.8013847980931508,0.008921375439531342,0,r5
mondrian_class,vendor_stage,C1,set_size,52582,508,1.8667034346354265,1.8406707329599759,1.8733491095381247,0.008841831105720586,0,r5
mondrian_class,vendor_stage,C2,set_size,41325,819,1.847211131276467,1.818720532114788,1.855226777180616,0.009981872678871727,0,r5
mondrian_class,vendor_stage,C3,set_size,11207,433,1.7035781208173464,1.6788105608627706,1.7154458648833333,0.009615445526288256,0,r5
mondrian_class,vendor_stage,C4,set_size,0,0,NaN,NaN,NaN,NaN,1000,r5
mondrian_class,vendor_stage,A0,singleton,87,1,0.8620689655172413,0.7702702702702703,0.9313759065269944,0.03994264540044128,0,r5
mondrian_class,vendor_stage,A1,singleton,84,0,0.9166666666666666,0.8352941176470589,0.96875,0.03397421707174617,0,r5
mondrian_class,vendor_stage,A2,singleton,1369,1,0.8341855368882396,0.7923578782075439,0.8655475061837393,0.01922314241302416,0,r5
mondrian_class,vendor_stage,A3,singleton,28269,43,0.8688669567370618,0.8391325966942301,0.8945230473903792,0.015092650059771078,0,r5
mondrian_class,vendor_stage,A4,singleton,66573,272,0.8894446697610142,0.8583776691521537,0.9127523535754104,0.014454492840781211,0,r5
mondrian_class,vendor_stage,B0,singleton,8476,32,0.31677678150070787,0.2883713833916593,0.3515901740465956,0.017236692448958455,0,r5
mondrian_class,vendor_stage,B1,singleton,11757,148,0.22259079697201667,0.20035914129050553,0.25548928880183147,0.015590424537971784,0,r5
mondrian_class,vendor_stage,B2,singleton,21430,129,0.17690153989734017,0.16284703084671756,0.21647536514911553,0.014577561400889403,0,r5
mondrian_class,vendor_stage,B3,singleton,25686,119,0.21159386436190922,0.19067281645039114,0.2586418951898511,0.019397434718450953,0,r5
mondrian_class,vendor_stage,B4,singleton,1224,7,0.3815359477124183,0.32436708860759494,0.4536465017718609,0.038928597721578154,0,r5
mondrian_class,vendor_stage,C0,singleton,57317,372,0.20868154299771446,0.19861520190684914,0.23434545850822583,0.008921375439531342,0,r5
mondrian_class,vendor_stage,C1,singleton,52582,508,0.13329656536457343,0.12665089046187528,0.15932926704002406,0.008841831105720599,0,r5
mondrian_class,vendor_stage,C2,singleton,41325,819,0.15278886872353298,0.14477322281938415,0.1812794678852122,0.009981872678871717,0,r5
mondrian_class,vendor_stage,C3,singleton,11207,433,0.2964218791826537,0.2845541351166668,0.32118943913722947,0.009615445526288248,0,r5
mondrian_class,vendor_stage,C4,singleton,0,0,NaN,NaN,NaN,NaN,1000,r5
mondrian_class,vendor_stage,A0,doubleton,87,1,0.13793103448275862,0.06862409347300565,0.22972972972972974,0.03994264540044129,0,r5
mondrian_class,vendor_stage,A1,doubleton,84,0,0.08333333333333333,0.03125,0.16470588235294117,0.03397421707174618,0,r5
mondrian_class,vendor_stage,A2,doubleton,1369,1,0.1658144631117604,0.1344524938162606,0.2076421217924561,0.019223142413024166,0,r5
mondrian_class,vendor_stage,A3,doubleton,28269,43,0.1311330432629382,0.10547695260962071,0.16086740330576985,0.015092650059771074,0,r5
mondrian_class,vendor_stage,A4,doubleton,66573,272,0.11055533023898577,0.08724764642458965,0.1416223308478462,0.01445449284078121,0,r5
mondrian_class,vendor_stage,B0,doubleton,8476,32,0.6832232184992921,0.6484098259534044,0.7116286166083406,0.017236692448958455,0,r5
mondrian_class,vendor_stage,B1,doubleton,11757,148,0.7774092030279833,0.7445107111981686,0.7996408587094944,0.01559042453797177,0,r5
mondrian_class,vendor_stage,B2,doubleton,21430,129,0.8230984601026599,0.7835246348508844,0.8371529691532825,0.014577561400889418,0,r5
mondrian_class,vendor_stage,B3,doubleton,25686,119,0.7884061356380908,0.7413581048101489,0.8093271835496089,0.019397434718450953,0,r5
mondrian_class,vendor_stage,B4,doubleton,1224,7,0.6184640522875817,0.5463534982281391,0.6756329113924051,0.03892859772157815,0,r5
mondrian_class,vendor_stage,C0,doubleton,57317,372,0.7913184570022855,0.7656545414917743,0.8013847980931509,0.008921375439531355,0,r5
mondrian_class,vendor_stage,C1,doubleton,52582,508,0.8667034346354265,0.8406707329599759,0.8733491095381247,0.008841831105720593,0,r5
mondrian_class,vendor_stage,C2,doubleton,41325,819,0.8472111312764671,0.8187205321147878,0.8552267771806158,0.009981872678871725,0,r5
mondrian_class,vendor_stage,C3,doubleton,11207,433,0.7035781208173463,0.6788105608627705,0.7154458648833332,0.00961544552628825,0,r5
mondrian_class,vendor_stage,C4,doubleton,0,0,NaN,NaN,NaN,NaN,1000,r5
mondrian_class,vendor_stage,A0,empty,87,1,0.0,0.0,0.0,0.0,0,r5
mondrian_class,vendor_stage,A1,empty,84,0,0.0,0.0,0.0,0.0,0,r5
mondrian_class,vendor_stage,A2,empty,1369,1,0.0,0.0,0.0,0.0,0,r5
mondrian_class,vendor_stage,A3,empty,28269,43,0.0,0.0,0.0,0.0,0,r5
mondrian_class,vendor_stage,A4,empty,66573,272,0.0,0.0,0.0,0.0,0,r5
mondrian_class,vendor_stage,B0,empty,8476,32,0.0,0.0,0.0,0.0,0,r5
mondrian_class,vendor_stage,B1,empty,11757,148,0.0,0.0,0.0,0.0,0,r5
mondrian_class,vendor_stage,B2,empty,21430,129,0.0,0.0,0.0,0.0,0,r5
mondrian_class,vendor_stage,B3,empty,25686,119,0.0,0.0,0.0,0.0,0,r5
mondrian_class,vendor_stage,B4,empty,1224,7,0.0,0.0,0.0,0.0,0,r5
mondrian_class,vendor_stage,C0,empty,57317,372,0.0,0.0,0.0,0.0,0,r5
mondrian_class,vendor_stage,C1,empty,52582,508,0.0,0.0,0.0,0.0,0,r5
mondrian_class,vendor_stage,C2,empty,41325,819,0.0,0.0,0.0,0.0,0,r5
mondrian_class,vendor_stage,C3,empty,11207,433,0.0,0.0,0.0,0.0,0,r5
mondrian_class,vendor_stage,C4,empty,0,0,NaN,NaN,NaN,NaN,1000,r5
mondrian_class,vendor_stage,A0,alert_rate,87,1,0.14942528735632185,0.08331185567010309,0.24563310450038137,0.04038860652060821,0,r5
mondrian_class,vendor_stage,A1,alert_rate,84,0,0.08333333333333333,0.03125,0.16470588235294117,0.03397421707174618,0,r5
mondrian_class,vendor_stage,A2,alert_rate,1369,1,0.17969320672023376,0.14586535312350185,0.22294349922520865,0.019918114960394508,0,r5
mondrian_class,vendor_stage,A3,alert_rate,28269,43,0.14531819307368496,0.12005661144551992,0.17511314682705525,0.015132138156196594,0,r5
mondrian_class,vendor_stage,A4,alert_rate,66573,272,0.12748411518183048,0.10425772530040235,0.15974358766383417,0.014505042292185482,0,r5
mondrian_class,vendor_stage,B0,alert_rate,8476,32,0.7299433695139217,0.6952774428272112,0.7578478020423209,0.017207918703734604,0,r5
mondrian_class,vendor_stage,B1,alert_rate,11757,148,0.8287828527685634,0.7966051947301814,0.8500863218248478,0.01553025731339797,0,r5
mondrian_class,vendor_stage,B2,alert_rate,21430,129,0.8709286047596827,0.8320764995840005,0.8843736991131944,0.01456410216886442,0,r5
mondrian_class,vendor_stage,B3,alert_rate,25686,119,0.8973760024916296,0.8505689061245185,0.9168729556554879,0.019296515183466038,0,r5
mondrian_class,vendor_stage,B4,alert_rate,1224,7,0.8382352941176471,0.7665305700792714,0.8915006648650967,0.03862911833567332,0,r5
mondrian_class,vendor_stage,C0,alert_rate,57317,372,0.8846590016923426,0.8592682411337683,0.8941675741055422,0.008813998044457923,0,r5
mondrian_class,vendor_stage,C1,alert_rate,52582,508,0.955764329998859,0.9300177836334133,0.961336428496184,0.008686995800956053,0,r5
mondrian_class,vendor_stage,C2,alert_rate,41325,819,0.9742528735632184,0.9460832122819222,0.9804573493280778,0.00978667194074982,0,r5
mondrian_class,vendor_stage,C3,alert_rate,11207,433,0.9744802355670563,0.9519888702162463,0.9821613350966931,0.008654626561785757,0,r5
mondrian_class,vendor_stage,C4,alert_rate,0,0,NaN,NaN,NaN,NaN,1000,r5
mondrian_stage,all,all,coverage,327386,2884,0.9094310691355159,0.9070988379724872,0.9112876700856726,0.0011355326188277456,0,r5
mondrian_stage,all,all,cov_healthy,327386,2884,0.9103056375615559,0.9080379422079192,0.912110279605619,0.001131455927684659,0,r5
mondrian_stage,all,all,cov_failure,327386,2884,0.8110263522884882,0.7971739349319312,0.827577620704168,0.007692506340042031,0,r5
mondrian_stage,all,all,set_size,327386,2884,1.4659179073020838,1.4603850961058353,1.4719866686680068,0.0029023388252546168,0,r5
mondrian_stage,all,all,singleton,327386,2884,0.49880263664298413,0.49418904885832066,0.5048262622074127,0.002630768323938136,0,r5
mondrian_stage,all,all,doubleton,327386,2884,0.4835576353295498,0.4785076059959471,0.48835404248015224,0.0024741670625377694,0,r5
mondrian_stage,all,all,empty,327386,2884,0.01763972802746605,0.014901825425789975,0.01959952520016359,0.0012452926009824093,0,r5
mondrian_stage,all,all,alert_rate,327386,2884,0.5575956210711515,0.5526068954573898,0.5634504973401601,0.0027514651693250633,0,r5
mondrian_stage,stage,0,coverage,65880,405,0.9141924711596843,0.9113551830695759,0.9168565456959398,0.001383011763708667,0,r5
mondrian_stage,stage,1,coverage,64423,656,0.9206339350852957,0.9172953479511292,0.923063441344351,0.0035548987491387605,0,r5
mondrian_stage,stage,2,coverage,64124,949,0.9040296924708378,0.9013180035546269,0.906859745024758,0.0014130936642143413,0,r5
mondrian_stage,stage,3,coverage,65162,595,0.906110923544397,0.9036152900190304,0.9089802876229169,0.0014140263444706225,0,r5
mondrian_stage,stage,4,coverage,67797,279,0.9024588108618375,0.8954905656015703,0.9095368121507899,0.0037218725011883627,0,r5
mondrian_stage,stage,0,cov_healthy,65880,405,0.9144253531882398,0.9115713189089666,0.916991379289105,0.0013861611091555985,0,r5
mondrian_stage,stage,1,cov_healthy,64423,656,0.9209308890178305,0.9176688307673985,0.9233709434190747,0.0035887545148699023,0,r5
mondrian_stage,stage,2,cov_healthy,64124,949,0.9037910565888405,0.9011109919639104,0.9066873727548322,0.0014337913218878658,0,r5
mondrian_stage,stage,3,cov_healthy,65162,595,0.9066086390880791,0.9041275067022182,0.9094334389645048,0.0014102216918956984,0,r5
mondrian_stage,stage,4,cov_healthy,67797,279,0.9059065730619983,0.8990711059441338,0.9128469509105392,0.003637750727706192,0,r5
mondrian_stage,stage,0,cov_failure,65880,405,0.8765432098765432,0.8420988602894096,0.9082817374042914,0.016682934840802032,0,r5
mondrian_stage,stage,1,cov_failure,64423,656,0.8917682926829268,0.8673107554611651,0.914465434467836,0.012053480924521437,0,r5
mondrian_stage,stage,2,cov_failure,64124,949,0.9199157007376185,0.9009700552015485,0.938371093033686,0.009274445428433106,0,r5
mondrian_stage,stage,3,cov_failure,65162,595,0.8521008403361344,0.8237158868100793,0.8803493751014446,0.014749360167326368,0,r5
mondrian_stage,stage,4,cov_failure,67797,279,0.06810035842293907,0.033469316596931656,0.14109517430653118,0.02941443303744564,0,r5
mondrian_stage,stage,0,set_size,65880,405,1.6734061930783242,1.669518837926186,1.6772153817723425,0.001934536147672446,0,r5
mondrian_stage,stage,1,set_size,64423,656,1.6828772332862487,1.6783162618593663,1.6865677917885151,0.004050902589111607,0,r5
mondrian_stage,stage,2,set_size,64124,949,1.6998315763208782,1.6959423204258532,1.7038259042657842,0.0019804158765263273,0,r5
mondrian_stage,stage,3,set_size,65162,595,1.3848408581688714,1.3770063364475968,1.3923798623066332,0.0038177028590639303,0,r5
mondrian_stage,stage,4,set_size,67797,279,0.9148192397893712,0.9055561477516395,0.9281715909469395,0.0059436025271853155,0,r5
mondrian_stage,stage,0,singleton,65880,405,0.3265938069216758,0.32278461822765747,0.3304811620738139,0.001934536147672441,0,r5
mondrian_stage,stage,1,singleton,64423,656,0.3171227667137513,0.3134322082114849,0.32168373814063356,0.004050902589111611,0,r5
mondrian_stage,stage,2,singleton,64124,949,0.3001684236791217,0.2961740957342157,0.30405767957414676,0.0019804158765263247,0,r5
mondrian_stage,stage,3,singleton,65162,595,0.6151591418311285,0.6076201376933666,0.622993663552403,0.0038177028590639277,0,r5
mondrian_stage,stage,4,singleton,67797,279,0.9148192397893712,0.9055561477516395,0.9281715909469395,0.0059436025271853155,0,r5
mondrian_stage,stage,0,doubleton,65880,405,0.6734061930783243,0.6695188379261862,0.6772153817723425,0.0019345361476724434,0,r5
mondrian_stage,stage,1,doubleton,64423,656,0.6828772332862487,0.6783162618593663,0.6865677917885151,0.004050902589111608,0,r5
mondrian_stage,stage,2,doubleton,64124,949,0.6998315763208783,0.6959423204258532,0.7038259042657842,0.0019804158765263234,0,r5
mondrian_stage,stage,3,doubleton,65162,595,0.3848408581688714,0.377006336447597,0.39237986230663324,0.003817702859063932,0,r5
mondrian_stage,stage,4,doubleton,67797,279,0.0,0.0,0.0,0.0,0,r5
mondrian_stage,stage,0,empty,65880,405,0.0,0.0,0.0,0.0,0,r5
mondrian_stage,stage,1,empty,64423,656,0.0,0.0,0.0,0.0,0,r5
mondrian_stage,stage,2,empty,64124,949,0.0,0.0,0.0,0.0,0,r5
mondrian_stage,stage,3,empty,65162,595,0.0,0.0,0.0,0.0,0,r5
mondrian_stage,stage,4,empty,67797,279,0.08518076021062879,0.07182840905306047,0.09444385224836048,0.005943602527185319,0,r5
mondrian_stage,stage,0,alert_rate,65880,405,0.7606405585913782,0.7576481169490777,0.7638181459839959,0.0016104626303461342,0,r5
mondrian_stage,stage,1,alert_rate,64423,656,0.7649441969482949,0.7613431900352469,0.7681459973995529,0.0017267648091213287,0,r5
mondrian_stage,stage,2,alert_rate,64124,949,0.7979851537645811,0.7944364268059716,0.8013869117712377,0.0017993780625033193,0,r5
mondrian_stage,stage,3,alert_rate,65162,595,0.4805408059912219,0.4717801194525372,0.4891637627697412,0.004435582824050405,0,r5
mondrian_stage,stage,4,alert_rate,67797,279,0.009956192751891677,0.0069388876068571794,0.017552607479064865,0.002896459253952354,0,r5
mondrian_stage,vendor,A,coverage,96382,317,0.9360046481708203,0.9312453585823574,0.94109820731034,0.0025795052685141174,0,r5
mondrian_stage,vendor,B,coverage,68573,435,0.9173435608767299,0.9143489936646942,0.9196369467826357,0.0014622184354935574,0,r5
mondrian_stage,vendor,C,coverage,162431,2132,0.8903226600833585,0.8878560851070751,0.8921588408421064,0.0013872672012392917,0,r5
mondrian_stage,vendor,A,cov_healthy,96382,317,0.9388539010045281,0.934143755080349,0.9439751642768062,0.0025216180318245658,0,r5
mondrian_stage,vendor,B,cov_healthy,68573,435,0.9178725527605741,0.9148804249249343,0.9201368553825908,0.0014641271431414472,0,r5
mondrian_stage,vendor,C,cov_healthy,162431,2132,0.8899805987560746,0.8874463043888082,0.891872095079121,0.0014032872602389966,0,r5
mondrian_stage,vendor,A,cov_failure,96382,317,0.07255520504731862,0.04080943188086045,0.1325020698617647,0.025350137247469522,0,r5
mondrian_stage,vendor,B,cov_failure,68573,435,0.8344827586206897,0.7973381617262749,0.8707467103452072,0.018958382034552867,0,r5
mondrian_stage,vendor,C,cov_failure,162431,2132,0.9160412757973734,0.9036797770920941,0.9278582903513392,0.0060639112819277485,0,r5
mondrian_stage,vendor,A,set_size,96382,317,0.9675146811645328,0.9609242530222786,0.9766165634272375,0.0041040605929465734,0,r5
mondrian_stage,vendor,B,set_size,68573,435,1.6165546206232775,1.6117256063220544,1.6206449715723534,0.002327775449137028,0,r5
mondrian_stage,vendor,C,set_size,162431,2132,1.6980625619493817,1.6950228178175475,1.7006329461329628,0.001655554566330645,0,r5
mondrian_stage,vendor,A,singleton,96382,317,0.926511174285655,0.9198737536032634,0.9357181967375638,0.004172081931499079,0,r5
mondrian_stage,vendor,B,singleton,68573,435,0.36396249252621293,0.3605814624662491,0.36808262798008134,0.001946768049788512,0,r5
mondrian_stage,vendor,C,singleton,162431,2132,0.3019374380506184,0.2993670538670372,0.30497718218245257,0.0016555545663306441,0,r5
mondrian_stage,vendor,A,doubleton,96382,317,0.0205017534394389,0.018936284105395332,0.022186134852988617,0.00081914340164362,0,r5
mondrian_stage,vendor,B,doubleton,68573,435,0.6262960640485322,0.6218912963367398,0.6296483384175985,0.0020219365180095808,0,r5
mondrian_stage,vendor,C,doubleton,162431,2132,0.6980625619493815,0.6950228178175475,0.7006329461329628,0.0016555545663306417,0,r5
mondrian_stage,vendor,A,empty,96382,317,0.0529870722749061,0.0438599846733909,0.0592108801639032,0.004056327721523834,0,r5
mondrian_stage,vendor,B,empty,68573,435,0.009741443425254837,0.008287510411128124,0.011084398075781198,0.0007183278553561201,0,r5
mondrian_stage,vendor,C,empty,162431,2132,0.0,0.0,0.0,0.0,0,r5
mondrian_stage,vendor,A,alert_rate,96382,317,0.029434956734659998,0.02635558480849324,0.03516022503585774,0.002250334355503249,0,r5
mondrian_stage,vendor,B,alert_rate,68573,435,0.7000714566957841,0.6966436883868454,0.7036373636736037,0.0017266061528325362,0,r5
mondrian_stage,vendor,C,alert_rate,162431,2132,0.8108427578479478,0.808899523739398,0.8127581704348465,0.0009679963760261469,0,r5
mondrian_stage,vendor_stage,A0,coverage,87,1,0.9770114942528736,0.9322033898305084,1.0,0.018233246017900117,0,r5
mondrian_stage,vendor_stage,A1,coverage,84,0,1.0,1.0,1.0,0.0,0,r5
mondrian_stage,vendor_stage,A2,coverage,1369,1,0.985390796201607,0.9782777065898773,0.9917243382053754,0.0034461854077013766,0,r5
mondrian_stage,vendor_stage,A3,coverage,28269,43,0.9845767448441756,0.9826637519199827,0.9867606108550152,0.0010175238620164168,0,r5
mondrian_stage,vendor_stage,A4,coverage,66573,272,0.9142294924368738,0.9075740261042258,0.9213372830775,0.0036395718280334754,0,r5
mondrian_stage,vendor_stage,B0,coverage,8476,32,0.9536337895233601,0.9490817164097983,0.9582903563648258,0.0024503721363653063,0,r5
mondrian_stage,vendor_stage,B1,coverage,11757,148,0.9513481330271327,0.9462760154539607,0.9553532138597478,0.004850580267061068,0,r5
mondrian_stage,vendor_stage,B2,coverage,21430,129,0.9523565095660289,0.9490305436892055,0.9554759447113438,0.0016612661715622319,0,r5
mondrian_stage,vendor_stage,B3,coverage,25686,119,0.8918087674219419,0.8878886091555614,0.8957057644536277,0.001997094946897534,0,r5
mondrian_stage,vendor_stage,B4,coverage,1224,7,0.2622549019607843,0.23896412926226998,0.2896379030480043,0.013254951535924283,0,r5
mondrian_stage,vendor_stage,C0,coverage,57317,372,0.9082645637419963,0.9051429159435725,0.9110828942527659,0.001535487076195371,0,r5
mondrian_stage,vendor_stage,C1,coverage,52582,508,0.9136396485489331,0.9098920825846333,0.9164674130212297,0.0034333521786115723,0,r5
mondrian_stage,vendor_stage,C2,coverage,41325,819,0.8762734422262553,0.8725049423575528,0.8800858321183834,0.0019268076740723067,0,r5
mondrian_stage,vendor_stage,C3,coverage,11207,433,0.7409654680110646,0.7331488809439476,0.748051014423682,0.003897967658293235,0,r5
mondrian_stage,vendor_stage,C4,coverage,0,0,NaN,NaN,NaN,NaN,1000,r5
mondrian_stage,vendor_stage,A0,cov_healthy,87,1,0.9883720930232558,0.9560317460317461,1.0,0.012691365693887707,0,r5
mondrian_stage,vendor_stage,A1,cov_healthy,84,0,1.0,1.0,1.0,0.0,0,r5
mondrian_stage,vendor_stage,A2,cov_healthy,1369,1,0.9861111111111112,0.9788709982668288,0.9923943083065843,0.0033985142129705184,0,r5
mondrian_stage,vendor_stage,A3,cov_healthy,28269,43,0.9858995252603983,0.9839774488805585,0.9879578348872384,0.0009925911827182948,0,r5
mondrian_stage,vendor_stage,A4,cov_healthy,66573,272,0.9177086318456735,0.9110199272425872,0.9246633960595997,0.0035573890607463877,0,r5
mondrian_stage,vendor_stage,B0,cov_healthy,8476,32,0.9540502131691142,0.9494142820498227,0.9586552745204757,0.0024567958384787004,0,r5
mondrian_stage,vendor_stage,B1,cov_healthy,11757,148,0.9521061245585322,0.9470289986459565,0.9561159207498005,0.004907619705031385,0,r5
mondrian_stage,vendor_stage,B2,cov_healthy,21430,129,0.9530069010844562,0.9496540516993132,0.9561134142879179,0.0016606045136990531,0,r5
mondrian_stage,vendor_stage,B3,cov_healthy,25686,119,0.8922830210818633,0.8883378038840584,0.8961669726831459,0.0019990977339679867,0,r5
mondrian_stage,vendor_stage,B4,cov_healthy,1224,7,0.2629416598192276,0.2389305108608206,0.29038102679342276,0.0132116925078584,0,r5
mondrian_stage,vendor_stage,C0,cov_healthy,57317,372,0.9084379664588638,0.9052760147652928,0.9112275493829657,0.0015398092014832626,0,r5
mondrian_stage,vendor_stage,C1,cov_healthy,52582,508,0.913853362522564,0.9100600267546697,0.9167398417480369,0.0034640904331163253,0,r5
mondrian_stage,vendor_stage,C2,cov_healthy,41325,819,0.8751296104280847,0.871259181061148,0.8790158427032297,0.0019711029427574023,0,r5
mondrian_stage,vendor_stage,C3,cov_healthy,11207,433,0.7328754408761834,0.7249511801860576,0.7402552248533323,0.003968831868526723,0,r5
mondrian_stage,vendor_stage,C4,cov_healthy,0,0,NaN,NaN,NaN,NaN,1000,r5
mondrian_stage,vendor_stage,A0,cov_failure,87,1,0.0,0.0,0.0,0.0,369,r5
mondrian_stage,vendor_stage,A1,cov_failure,84,0,NaN,NaN,NaN,NaN,1000,r5
mondrian_stage,vendor_stage,A2,cov_failure,1369,1,0.0,0.0,0.0,0.0,374,r5
mondrian_stage,vendor_stage,A3,cov_failure,28269,43,0.11627906976744186,0.030280748663101608,0.22229166666666658,0.04856586080533724,0,r5
mondrian_stage,vendor_stage,A4,cov_failure,66573,272,0.0661764705882353,0.03124729671280277,0.13429710629357272,0.028594039826854243,0,r5
mondrian_stage,vendor_stage,B0,cov_failure,8476,32,0.84375,0.7,0.9615384615384616,0.06647590786086852,0,r5
mondrian_stage,vendor_stage,B1,cov_failure,11757,148,0.8918918918918919,0.8388844086021505,0.9371167452830189,0.025621988280525844,0,r5
mondrian_stage,vendor_stage,B2,cov_failure,21430,129,0.8449612403100775,0.7812362938596491,0.9083969465648855,0.03305189785062791,0,r5
mondrian_stage,vendor_stage,B3,cov_failure,25686,119,0.7899159663865546,0.7075309043591411,0.8583333333333333,0.03774914776538453,0,r5
mondrian_stage,vendor_stage,B4,cov_failure,1224,7,0.14285714285714285,0.0,0.6,0.17414369420716017,0,r5
mondrian_stage,vendor_stage,C0,cov_failure,57317,372,0.8817204301075269,0.8482367088068786,0.91444023440747,0.016835090821115856,0,r5
mondrian_stage,vendor_stage,C1,cov_failure,52582,508,0.8917322834645669,0.8634591584158416,0.9185471433785009,0.013977699587108535,0,r5
mondrian_stage,vendor_stage,C2,cov_failure,41325,819,0.9328449328449329,0.9141694544518786,0.9504265420907176,0.009136470634251572,0,r5
mondrian_stage,vendor_stage,C3,cov_failure,11207,433,0.9422632794457275,0.9214272551772551,0.9637265697645965,0.011190884080205087,0,r5
mondrian_stage,vendor_stage,C4,cov_failure,0,0,NaN,NaN,NaN,NaN,1000,r5
mondrian_stage,vendor_stage,A0,set_size,87,1,1.0459770114942528,1.012471590909091,1.0816326530612246,0.01819843952775866,0,r5
mondrian_stage,vendor_stage,A1,set_size,84,0,1.0238095238095237,1.0,1.0602409638554218,0.016300187027973843,0,r5
mondrian_stage,vendor_stage,A2,set_size,1369,1,1.1008035062089117,1.0792992764384888,1.121733746348485,0.01091878664085731,0,r5
mondrian_stage,vendor_stage,A3,set_size,28269,43,1.0648059712052071,1.0601228384061567,1.0696209933628518,0.0023972153835500483,0,r5
mondrian_stage,vendor_stage,A4,set_size,66573,272,0.9232872185420515,0.914364275941073,0.9363581780757486,0.005881318089256514,0,r5
mondrian_stage,vendor_stage,B0,set_size,8476,32,1.5816422840962718,1.5716909942096835,1.5919357503086657,0.005098585030632688,0,r5
mondrian_stage,vendor_stage,B1,set_size,11757,148,1.600153100280684,1.5907476260841344,1.608413366664394,0.006412347401528678,0,r5
mondrian_stage,vendor_stage,B2,set_size,21430,129,1.6889407372841811,1.6830885240538453,1.6948194327199828,0.002947165931289859,0,r5
mondrian_stage,vendor_stage,B3,set_size,25686,119,1.6305769679981312,1.6252938352245887,1.6366738743096445,0.002841430876788559,0,r5
mondrian_stage,vendor_stage,B4,set_size,1224,7,0.4542483660130719,0.4283196460615815,0.48895323998478984,0.01591924592161123,0,r5
mondrian_stage,vendor_stage,C0,set_size,57317,372,1.687928537781112,1.683949844077922,1.691916883430859,0.002059562000403011,0,r5
mondrian_stage,vendor_stage,C1,set_size,52582,508,1.7024266859381538,1.697516250786294,1.7063554352815167,0.00389334443727895,0,r5
mondrian_stage,vendor_stage,C2,set_size,41325,819,1.7253236539624925,1.7205706273962729,1.7301069842994896,0.0023940935410050796,0,r5
mondrian_stage,vendor_stage,C3,set_size,11207,433,1.6288926563754795,1.6188832212610451,1.6373624150631474,0.004906701790878529,0,r5
mondrian_stage,vendor_stage,C4,set_size,0,0,NaN,NaN,NaN,NaN,1000,r5
mondrian_stage,vendor_stage,A0,singleton,87,1,0.9540229885057471,0.9183673469387755,0.9875284090909091,0.01819843952775866,0,r5
mondrian_stage,vendor_stage,A1,singleton,84,0,0.9761904761904762,0.9397590361445783,1.0,0.016300187027973836,0,r5
mondrian_stage,vendor_stage,A2,singleton,1369,1,0.8991964937910883,0.8782662536515149,0.9207007235615113,0.010918786640857313,0,r5
mondrian_stage,vendor_stage,A3,singleton,28269,43,0.9351940287947929,0.9303790066371482,0.9398771615938432,0.002397215383550051,0,r5
mondrian_stage,vendor_stage,A4,singleton,66573,272,0.9232872185420515,0.914364275941073,0.9363581780757486,0.005881318089256514,0,r5
mondrian_stage,vendor_stage,B0,singleton,8476,32,0.41835771590372817,0.4080642496913345,0.42830900579031667,0.005098585030632691,0,r5
mondrian_stage,vendor_stage,B1,singleton,11757,148,0.39984689971931614,0.391586633335606,0.40925237391586566,0.006412347401528672,0,r5
mondrian_stage,vendor_stage,B2,singleton,21430,129,0.31105926271581896,0.3051805672800174,0.3169114759461547,0.0029471659312898576,0,r5
mondrian_stage,vendor_stage,B3,singleton,25686,119,0.3694230320018687,0.36332612569035555,0.3747061647754112,0.002841430876788557,0,r5
mondrian_stage,vendor_stage,B4,singleton,1224,7,0.4542483660130719,0.4283196460615815,0.48895323998478984,0.01591924592161123,0,r5
mondrian_stage,vendor_stage,C0,singleton,57317,372,0.31207146221888793,0.30808311656914084,0.31605015592207814,0.0020595620004030136,0,r5
mondrian_stage,vendor_stage,C1,singleton,52582,508,0.2975733140618463,0.2936445647184832,0.3024837492137061,0.0038933444372789457,0,r5
mondrian_stage,vendor_stage,C2,singleton,41325,819,0.27467634603750757,0.26989301570051033,0.27942937260372713,0.0023940935410050814,0,r5
mondrian_stage,vendor_stage,C3,singleton,11207,433,0.3711073436245204,0.3626375849368525,0.38111677873895494,0.004906701790878525,0,r5
mondrian_stage,vendor_stage,C4,singleton,0,0,NaN,NaN,NaN,NaN,1000,r5
mondrian_stage,vendor_stage,A0,doubleton,87,1,0.04597701149425287,0.012471590909090911,0.08163265306122448,0.01819843952775864,0,r5
mondrian_stage,vendor_stage,A1,doubleton,84,0,0.023809523809523808,0.0,0.060240963855421686,0.016300187027973843,0,r5
mondrian_stage,vendor_stage,A2,doubleton,1369,1,0.10080350620891161,0.07929927643848864,0.12173374634848506,0.010918786640857318,0,r5
mondrian_stage,vendor_stage,A3,doubleton,28269,43,0.06480597120520712,0.06012283840615685,0.06962099336285175,0.0023972153835500496,0,r5
mondrian_stage,vendor_stage,A4,doubleton,66573,272,0.0,0.0,0.0,0.0,0,r5
mondrian_stage,vendor_stage,B0,doubleton,8476,32,0.5816422840962718,0.5716909942096834,0.5919357503086655,0.005098585030632695,0,r5
mondrian_stage,vendor_stage,B1,doubleton,11757,148,0.6001531002806838,0.5907476260841343,0.6084133666643939,0.006412347401528672,0,r5
mondrian_stage,vendor_stage,B2,doubleton,21430,129,0.688940737284181,0.6830885240538453,0.6948194327199826,0.0029471659312898615,0,r5
mondrian_stage,vendor_stage,B3,doubleton,25686,119,0.6305769679981312,0.6252938352245888,0.6366738743096445,0.0028414308767885556,0,r5
mondrian_stage,vendor_stage,B4,doubleton,1224,7,0.0,0.0,0.0,0.0,0,r5
mondrian_stage,vendor_stage,C0,doubleton,57317,372,0.6879285377811121,0.6839498440779218,0.6919168834308592,0.0020595620004030153,0,r5
mondrian_stage,vendor_stage,C1,doubleton,52582,508,0.7024266859381537,0.6975162507862939,0.7063554352815168,0.0038933444372789487,0,r5
mondrian_stage,vendor_stage,C2,doubleton,41325,819,0.7253236539624924,0.7205706273962729,0.7301069842994897,0.0023940935410050805,0,r5
mondrian_stage,vendor_stage,C3,doubleton,11207,433,0.6288926563754796,0.6188832212610451,0.6373624150631475,0.004906701790878527,0,r5
mondrian_stage,vendor_stage,C4,doubleton,0,0,NaN,NaN,NaN,NaN,1000,r5
mondrian_stage,vendor_stage,A0,empty,87,1,0.0,0.0,0.0,0.0,0,r5
mondrian_stage,vendor_stage,A1,empty,84,0,0.0,0.0,0.0,0.0,0,r5
mondrian_stage,vendor_stage,A2,empty,1369,1,0.0,0.0,0.0,0.0,0,r5
mondrian_stage,vendor_stage,A3,empty,28269,43,0.0,0.0,0.0,0.0,0,r5
mondrian_stage,vendor_stage,A4,empty,66573,272,0.07671278145794842,0.0636418219242514,0.08563572405892701,0.005881318089256512,0,r5
mondrian_stage,vendor_stage,B0,empty,8476,32,0.0,0.0,0.0,0.0,0,r5
mondrian_stage,vendor_stage,B1,empty,11757,148,0.0,0.0,0.0,0.0,0,r5
mondrian_stage,vendor_stage,B2,empty,21430,129,0.0,0.0,0.0,0.0,0,r5
mondrian_stage,vendor_stage,B3,empty,25686,119,0.0,0.0,0.0,0.0,0,r5
mondrian_stage,vendor_stage,B4,empty,1224,7,0.545751633986928,0.5110467600152101,0.5716803539384184,0.015919245921611234,0,r5
mondrian_stage,vendor_stage,C0,empty,57317,372,0.0,0.0,0.0,0.0,0,r5
mondrian_stage,vendor_stage,C1,empty,52582,508,0.0,0.0,0.0,0.0,0,r5
mondrian_stage,vendor_stage,C2,empty,41325,819,0.0,0.0,0.0,0.0,0,r5
mondrian_stage,vendor_stage,C3,empty,11207,433,0.0,0.0,0.0,0.0,0,r5
mondrian_stage,vendor_stage,C4,empty,0,0,NaN,NaN,NaN,NaN,1000,r5
mondrian_stage,vendor_stage,A0,alert_rate,87,1,0.05747126436781609,0.019990196078431374,0.09757293161166905,0.02019873766147798,0,r5
mondrian_stage,vendor_stage,A1,alert_rate,84,0,0.023809523809523808,0.0,0.060240963855421686,0.016300187027973843,0,r5
mondrian_stage,vendor_stage,A2,alert_rate,1369,1,0.11468224981738495,0.09009416971063029,0.139238225572083,0.012404276349817518,0,r5
mondrian_stage,vendor_stage,A3,alert_rate,28269,43,0.07899112101595387,0.07301739649767346,0.08488806672411565,0.0029219189759850544,0,r5
mondrian_stage,vendor_stage,A4,alert_rate,66573,272,0.006609286046895889,0.003573112079037686,0.014105033973209115,0.002845669397325591,0,r5
mondrian_stage,vendor_stage,B0,alert_rate,8476,32,0.6283624351109014,0.6180286886673979,0.6377053878647855,0.005013471363301609,0,r5
mondrian_stage,vendor_stage,B1,alert_rate,11757,148,0.6515267500212639,0.6438652944773452,0.6590244628991896,0.003845822275754598,0,r5
mondrian_stage,vendor_stage,B2,alert_rate,21430,129,0.7367708819412039,0.7316620682924525,0.7417929125558229,0.0026356329625986125,0,r5
mondrian_stage,vendor_stage,B3,alert_rate,25686,119,0.7395468348516702,0.7346904559184099,0.7445030832226016,0.0025089588174582555,0,r5
mondrian_stage,vendor_stage,B4,alert_rate,1224,7,0.1919934640522876,0.1703158598587276,0.22192766414546905,0.013113320308805632,0,r5
mondrian_stage,vendor_stage,C0,alert_rate,57317,372,0.7812690824711691,0.7783967970285476,0.7843491846361393,0.0015660925966406785,0,r5
mondrian_stage,vendor_stage,C1,alert_rate,52582,508,0.7914875813015861,0.7876315543910855,0.7948854425271021,0.0018335622727418286,0,r5
mondrian_stage,vendor_stage,C2,alert_rate,41325,819,0.8523653962492438,0.8486723508570718,0.856079332067807,0.0018477992008652001,0,r5
mondrian_stage,vendor_stage,C3,alert_rate,11207,433,0.8997947711251896,0.8933247260632572,0.9055112611865586,0.003167505083056388,0,r5
mondrian_stage,vendor_stage,C4,alert_rate,0,0,NaN,NaN,NaN,NaN,1000,r5
mondrian_both,all,all,coverage,327386,2884,0.9095043770961495,0.9072649067472167,0.9113171354667282,0.0011122896392508808,0,r5
mondrian_both,all,all,cov_healthy,327386,2884,0.909599940832414,0.9073737883206232,0.9113784615976395,0.0011190124039324868,0,r5
mondrian_both,all,all,cov_failure,327386,2884,0.8987517337031901,0.8822297399057614,0.9175550995002888,0.009100843681126153,0,r5
mondrian_both,all,all,set_size,327386,2884,1.6445877343563866,1.620409115339424,1.6666514219992667,0.011908599350477377,0,r5
mondrian_both,all,all,singleton,327386,2884,0.35541226564361333,0.3333485780007332,0.3795908846605761,0.011908599350477366,0,r5
mondrian_both,all,all,doubleton,327386,2884,0.6445877343563866,0.6204091153394239,0.6666514219992669,0.011908599350477372,0,r5
mondrian_both,all,all,empty,327386,2884,0.0,0.0,0.0,0.0,0,r5
mondrian_both,all,all,alert_rate,327386,2884,0.7369802007416322,0.7135935507214264,0.7595471605088421,0.011885364469637467,0,r5
mondrian_both,stage,0,coverage,65880,405,0.9144353369763206,0.9116119095950086,0.9169656686624177,0.0013853287698510647,0,r5
mondrian_both,stage,1,coverage,64423,656,0.9206339350852957,0.9173084382834711,0.9230473275421524,0.003462142647114249,0,r5
mondrian_both,stage,2,coverage,64124,949,0.9036866071985528,0.9010061099220733,0.9066208138026797,0.0014400527652397041,0,r5
mondrian_both,stage,3,coverage,65162,595,0.9064178508946932,0.9038738025719796,0.9093608062201712,0.0014226559476742892,0,r5
mondrian_both,stage,4,coverage,67797,279,0.9026063100137174,0.8957072206605975,0.9096904107151627,0.00360475919395247,0,r5
mondrian_both,stage,0,cov_healthy,65880,405,0.9144253531882398,0.9115713189089666,0.916991379289105,0.0013861611091555985,0,r5
mondrian_both,stage,1,cov_healthy,64423,656,0.9209308890178305,0.9177035954402872,0.9233709434190747,0.003501509389518362,0,r5
mondrian_both,stage,2,cov_healthy,64124,949,0.9037910565888405,0.9011109919639104,0.9067330603436706,0.001439534724077964,0,r5
mondrian_both,stage,3,cov_healthy,65162,595,0.9066086390880791,0.9041275067022182,0.9094334389645048,0.0014102216918956984,0,r5
mondrian_both,stage,4,cov_healthy,67797,279,0.902514884919577,0.8956826465392045,0.9096476350909116,0.003621168675326365,0,r5
mondrian_both,stage,0,cov_failure,65880,405,0.9160493827160494,0.8585515419197097,0.9483237433069608,0.02276260934151457,0,r5
mondrian_both,stage,1,cov_failure,64423,656,0.8917682926829268,0.8569254185692542,0.9214199170459025,0.016727683498961973,0,r5
mondrian_both,stage,2,cov_failure,64124,949,0.8967334035827187,0.8664409597862835,0.9292034889073,0.016343518951351287,0,r5
mondrian_both,stage,3,cov_failure,65162,595,0.8857142857142857,0.8436363751030087,0.9345468361425808,0.025051578013358795,0,r5
mondrian_both,stage,4,cov_failure,67797,279,0.9247311827956989,0.888022144815623,0.9606320303712036,0.0184854450693455,0,r5
mondrian_both,stage,0,set_size,65880,405,1.7268973891924713,1.6571790585216597,1.7601071292846822,0.02700533477498157,0,r5
mondrian_both,stage,1,set_size,64423,656,1.6838396224950716,1.6307223410442444,1.744950231531332,0.02481653543134948,0,r5
mondrian_both,stage,2,set_size,64124,949,1.6765173725906057,1.6507903875217833,1.701442736240898,0.013628511690677315,0,r5
mondrian_both,stage,3,set_size,65162,595,1.4358368374205825,1.3847241959390852,1.5167554199736708,0.03246606116939072,0,r5
mondrian_both,stage,4,set_size,67797,279,1.6977447379677566,1.6364858992138076,1.7684713231514964,0.03350662271680968,0,r5
mondrian_both,stage,0,singleton,65880,405,0.27310261080752884,0.23989287071531784,0.34282094147834036,0.02700533477498157,0,r5
mondrian_both,stage,1,singleton,64423,656,0.31616037750492837,0.2550497684686679,0.36927765895575543,0.02481653543134949,0,r5
mondrian_both,stage,2,singleton,64124,949,0.3234826274093943,0.2985572637591021,0.34920961247821686,0.013628511690677303,0,r5
mondrian_both,stage,3,singleton,65162,595,0.5641631625794175,0.4832445800263291,0.6152758040609148,0.032466061169390714,0,r5
mondrian_both,stage,4,singleton,67797,279,0.3022552620322433,0.23152867684850373,0.36351410078619234,0.03350662271680968,0,r5
mondrian_both,stage,0,doubleton,65880,405,0.7268973891924712,0.6571790585216597,0.7601071292846822,0.02700533477498156,0,r5
mondrian_both,stage,1,doubleton,64423,656,0.6838396224950717,0.6307223410442446,0.7449502315313322,0.02481653543134948,0,r5
mondrian_both,stage,2,doubleton,64124,949,0.6765173725906057,0.6507903875217832,0.7014427362408979,0.013628511690677303,0,r5
mondrian_both,stage,3,doubleton,65162,595,0.43583683742058255,0.3847241959390852,0.5167554199736709,0.03246606116939071,0,r5
mondrian_both,stage,4,doubleton,67797,279,0.6977447379677567,0.6364858992138076,0.7684713231514964,0.033506622716809674,0,r5
mondrian_both,stage,0,empty,65880,405,0.0,0.0,0.0,0.0,0,r5
mondrian_both,stage,1,empty,64423,656,0.0,0.0,0.0,0.0,0,r5
mondrian_both,stage,2,empty,64124,949,0.0,0.0,0.0,0.0,0,r5
mondrian_both,stage,3,empty,65162,595,0.0,0.0,0.0,0.0,0,r5
mondrian_both,stage,4,empty,67797,279,0.0,0.0,0.0,0.0,0,r5
mondrian_both,stage,0,alert_rate,65880,405,0.8141317547055252,0.7440935491016875,0.8469034687681588,0.026946709762236832,0,r5
mondrian_both,stage,1,alert_rate,64423,656,0.7659065861571178,0.7130687726220741,0.8271219483564511,0.024746004919430468,0,r5
mondrian_both,stage,2,alert_rate,64124,949,0.7746709500343085,0.7494001386712907,0.7993842599105977,0.013542069584181323,0,r5
mondrian_both,stage,3,alert_rate,65162,595,0.531536785242933,0.4803153116968254,0.6120954564870096,0.03255072870316728,0,r5
mondrian_both,stage,4,alert_rate,67797,279,0.7963331710842663,0.7360543975962872,0.8685017236459207,0.03340617117440577,0,r5
mondrian_both,vendor,A,coverage,96382,317,0.9360980266024777,0.931617467740707,0.940974391775687,0.0024805146614318456,0,r5
mondrian_both,vendor,B,coverage,68573,435,0.9173873098741487,0.9144018817368961,0.9197045682260904,0.0014482644723645074,0,r5
mondrian_both,vendor,C,coverage,162431,2132,0.8903965376067376,0.887995295224472,0.8922485288639571,0.0013790318749735163,0,r5
mondrian_both,vendor,A,cov_healthy,96382,317,0.9365221464633321,0.9320125291498574,0.9414567343049038,0.002487275395375837,0,r5
mondrian_both,vendor,B,cov_healthy,68573,435,0.9177991722680443,0.9148682801515013,0.9200478558522026,0.0014460697609612447,0,r5
mondrian_both,vendor,C,cov_healthy,162431,2132,0.8899805987560746,0.8875684792790144,0.891872095079121,0.0013943775400156017,0,r5
mondrian_both,vendor,A,cov_failure,96382,317,0.807570977917981,0.7617552229071554,0.8606851222860119,0.02467913977940164,0,r5
mondrian_both,vendor,B,cov_failure,68573,435,0.8528735632183908,0.8149624203474757,0.9014233507951943,0.023092754325486388,0,r5
mondrian_both,vendor,C,cov_failure,162431,2132,0.9216697936210131,0.9031618800441386,0.936691250071139,0.008580001944963169,0,r5
mondrian_both,vendor,A,set_size,96382,317,1.515573447324189,1.4720689091617998,1.5689972513174089,0.024899380176957094,0,r5
mondrian_both,vendor,B,set_size,68573,435,1.6572995202193284,1.6236531954951352,1.691300388732625,0.017488509379965666,0,r5
mondrian_both,vendor,C,set_size,162431,2132,1.7157746981795348,1.6846767156393627,1.7368641194452599,0.013030431315063292,0,r5
mondrian_both,vendor,A,singleton,96382,317,0.48442655267581086,0.4310027486825913,0.5279310908382003,0.024899380176957104,0,r5
mondrian_both,vendor,B,singleton,68573,435,0.3427004797806717,0.3086996112673749,0.3763468045048648,0.017488509379965683,0,r5
mondrian_both,vendor,C,singleton,162431,2132,0.2842253018204653,0.2631358805547403,0.3153232843606374,0.01303043131506329,0,r5
mondrian_both,vendor,A,doubleton,96382,317,0.5155734473241892,0.4720689091617998,0.5689972513174087,0.024899380176957104,0,r5
mondrian_both,vendor,B,doubleton,68573,435,0.6572995202193284,0.6236531954951352,0.6913003887326251,0.017488509379965687,0,r5
mondrian_both,vendor,C,doubleton,162431,2132,0.7157746981795347,0.6846767156393626,0.7368641194452598,0.013030431315063293,0,r5
mondrian_both,vendor,A,empty,96382,317,0.0,0.0,0.0,0.0,0,r5
mondrian_both,vendor,B,empty,68573,435,0.0,0.0,0.0,0.0,0,r5
mondrian_both,vendor,C,empty,162431,2132,0.0,0.0,0.0,0.0,0,r5
mondrian_both,vendor,A,alert_rate,96382,317,0.5798696852109315,0.537522509651169,0.6320456482427781,0.02485218866856825,0,r5
mondrian_both,vendor,B,alert_rate,68573,435,0.740889271287533,0.7070170939575205,0.7751782483452784,0.017387674180962723,0,r5
mondrian_both,vendor,C,alert_rate,162431,2132,0.8285548940781009,0.797273972737839,0.8497051321729366,0.01298423994835269,0,r5
mondrian_both,vendor_stage,A0,coverage,87,1,0.9770114942528736,0.9322033898305084,1.0,0.018233246017900117,0,r5
mondrian_both,vendor_stage,A1,coverage,84,0,1.0,1.0,1.0,0.0,0,r5
mondrian_both,vendor_stage,A2,coverage,1369,1,0.985390796201607,0.9782777065898773,0.9917243382053754,0.003444804767077674,0,r5
mondrian_both,vendor_stage,A3,coverage,28269,43,0.9845767448441756,0.9827021376465443,0.9867865684066042,0.0010197008804713153,0,r5
mondrian_both,vendor_stage,A4,coverage,66573,272,0.9143646823787421,0.9079092425806753,0.9212733266297368,0.003490620207866541,0,r5
mondrian_both,vendor_stage,B0,coverage,8476,32,0.9537517697026899,0.9491839362975073,0.958452468487395,0.0024693727573729795,0,r5
mondrian_both,vendor_stage,B1,coverage,11757,148,0.9513481330271327,0.9462740158051185,0.9553208653569293,0.0047057262542580585,0,r5
mondrian_both,vendor_stage,B2,coverage,21430,129,0.9519832011199253,0.9487682682517141,0.9553351118662827,0.0016934162515983545,0,r5
mondrian_both,vendor_stage,B3,coverage,25686,119,0.8921591528459083,0.8883333767460614,0.8961349996051489,0.0020041256861712746,0,r5
mondrian_both,vendor_stage,B4,coverage,1224,7,0.2630718954248366,0.23700226018843698,0.2897552029286291,0.013607162345733677,0,r5
mondrian_both,vendor_stage,C0,coverage,57317,372,0.9085262662037441,0.9053130152572816,0.9112982454442363,0.001537348073092115,0,r5
mondrian_both,vendor_stage,C1,coverage,52582,508,0.9136396485489331,0.9099437464856718,0.9165152475248058,0.003355757195593436,0,r5
mondrian_both,vendor_stage,C2,coverage,41325,819,0.875934664246824,0.8722847027346811,0.8799169043395573,0.001947949951286245,0,r5
mondrian_both,vendor_stage,C3,coverage,11207,433,0.7419469974123316,0.7338900223239943,0.7491222641541138,0.003952936075228354,0,r5
mondrian_both,vendor_stage,C4,coverage,0,0,NaN,NaN,NaN,NaN,1000,r5
mondrian_both,vendor_stage,A0,cov_healthy,87,1,0.9883720930232558,0.9560317460317461,1.0,0.012691365693887707,0,r5
mondrian_both,vendor_stage,A1,cov_healthy,84,0,1.0,1.0,1.0,0.0,0,r5
mondrian_both,vendor_stage,A2,cov_healthy,1369,1,0.9861111111111112,0.9788709982668288,0.9923943083065843,0.00339778137985447,0,r5
mondrian_both,vendor_stage,A3,cov_healthy,28269,43,0.9858995252603983,0.9839774488805585,0.9879578348872384,0.0009925911827182948,0,r5
mondrian_both,vendor_stage,A4,cov_healthy,66573,272,0.9143301006018009,0.9077753577741627,0.9213056887024508,0.003505257777645694,0,r5
mondrian_both,vendor_stage,B0,cov_healthy,8476,32,0.9540502131691142,0.9494142820498227,0.9586552745204757,0.0024567958384787004,0,r5
mondrian_both,vendor_stage,B1,cov_healthy,11757,148,0.9521061245585322,0.9471346769285484,0.9561159207498005,0.004764440740618322,0,r5
mondrian_both,vendor_stage,B2,cov_healthy,21430,129,0.9530069010844562,0.9496540516993132,0.9561954818253513,0.0016737122487915773,0,r5
mondrian_both,vendor_stage,B3,cov_healthy,25686,119,0.8922830210818633,0.8883378038840584,0.8961669726831459,0.0019990977339679867,0,r5
mondrian_both,vendor_stage,B4,cov_healthy,1224,7,0.25883319638455216,0.23209526536846123,0.2857303154655039,0.013715292312758571,0,r5
mondrian_both,vendor_stage,C0,cov_healthy,57317,372,0.9084379664588638,0.9052760147652928,0.9112275493829657,0.0015398092014832626,0,r5
mondrian_both,vendor_stage,C1,cov_healthy,52582,508,0.913853362522564,0.9101022263825287,0.9167398417480369,0.0033927366574469657,0,r5
mondrian_both,vendor_stage,C2,cov_healthy,41325,819,0.8751296104280847,0.8713014167895667,0.8790206483961813,0.001972364448901404,0,r5
mondrian_both,vendor_stage,C3,cov_healthy,11207,433,0.7328754408761834,0.7249511801860576,0.7402552248533323,0.003968831868526723,0,r5
mondrian_both,vendor_stage,C4,cov_healthy,0,0,NaN,NaN,NaN,NaN,1000,r5
mondrian_both,vendor_stage,A0,cov_failure,87,1,0.0,0.0,0.0,0.0,369,r5
mondrian_both,vendor_stage,A1,cov_failure,84,0,NaN,NaN,NaN,NaN,1000,r5
mondrian_both,vendor_stage,A2,cov_failure,1369,1,0.0,0.0,0.0,0.0,374,r5
mondrian_both,vendor_stage,A3,cov_failure,28269,43,0.11627906976744186,0.03919683257918552,0.3111458333333333,0.07034514197623122,0,r5
mondrian_both,vendor_stage,A4,cov_failure,66573,272,0.9227941176470589,0.8862578684610375,0.9594203381792854,0.018898213658522723,0,r5
mondrian_both,vendor_stage,B0,cov_failure,8476,32,0.875,0.7305555555555555,1.0,0.07210907831180116,0,r5
mondrian_both,vendor_stage,B1,cov_failure,11757,148,0.8918918918918919,0.8252980453281659,0.9370640365923385,0.02833521296016706,0,r5
mondrian_both,vendor_stage,B2,cov_failure,21430,129,0.7829457364341085,0.6992301525873508,0.8865599779897284,0.04910214919789455,0,r5
mondrian_both,vendor_stage,B3,cov_failure,25686,119,0.865546218487395,0.7719112399643175,0.9652739483916578,0.051277587159155244,0,r5
mondrian_both,vendor_stage,B4,cov_failure,1224,7,1.0,1.0,1.0,0.0,0,r5
mondrian_both,vendor_stage,C0,cov_failure,57317,372,0.9220430107526881,0.8617880200860832,0.9497243554782506,0.02174240602960225,0,r5
mondrian_both,vendor_stage,C1,cov_failure,52582,508,0.8917322834645669,0.853649119502778,0.9258686761277658,0.018348590216682566,0,r5
mondrian_both,vendor_stage,C2,cov_failure,41325,819,0.9157509157509157,0.8891812113804367,0.943903008889902,0.01392077821988044,0,r5
mondrian_both,vendor_stage,C3,cov_failure,11207,433,0.9676674364896074,0.9326067312729177,0.9950617283950617,0.017219110189101217,0,r5
mondrian_both,vendor_stage,C4,cov_failure,0,0,NaN,NaN,NaN,NaN,1000,r5
mondrian_both,vendor_stage,A0,set_size,87,1,1.0689655172413792,1.0237889983579638,1.1545527859237537,0.03322996002692829,0,r5
mondrian_both,vendor_stage,A1,set_size,84,0,1.0238095238095237,1.0,1.064102564102564,0.01783989449032379,0,r5
mondrian_both,vendor_stage,A2,set_size,1369,1,1.0847333820306793,1.0563351246911754,1.110848292685992,0.014720564838352344,0,r5
mondrian_both,vendor_stage,A3,set_size,28269,43,1.0904878135059606,1.065734000735038,1.1757365287751782,0.030058011298349025,0,r5
mondrian_both,vendor_stage,A4,set_size,66573,272,1.7061421296922175,1.6451191331077002,1.7787182938393817,0.03390081243829104,0,r5
mondrian_both,vendor_stage,B0,set_size,8476,32,1.6254129306276546,1.5603394310624072,1.6594491097978183,0.02686911677384124,0,r5
mondrian_both,vendor_stage,B1,set_size,11757,148,1.6010036573955941,1.544956743580583,1.6623233078410833,0.025544623607993113,0,r5
mondrian_both,vendor_stage,B2,set_size,21430,129,1.653196453569762,1.62314517750501,1.6897706730695523,0.017979361259564376,0,r5
mondrian_both,vendor_stage,B3,set_size,25686,119,1.7168496457214046,1.6300457155273163,1.809044735638361,0.04224281099337776,0,r5
mondrian_both,vendor_stage,B4,set_size,1224,7,1.2410130718954249,1.1822826089048968,1.2659947851995714,0.02055453776745854,0,r5
mondrian_both,vendor_stage,C0,set_size,57317,372,1.7429035015789383,1.6723709053758324,1.7750279759379706,0.027139749647184745,0,r5
mondrian_both,vendor_stage,C1,set_size,52582,508,1.7034156175116961,1.6508163332276216,1.7647393519845256,0.024801637697381154,0,r5
mondrian_both,vendor_stage,C2,set_size,41325,819,1.7082153660012098,1.683986912957082,1.7270159259224769,0.011691219413922697,0,r5
mondrian_both,vendor_stage,C3,set_size,11207,433,1.662889265637548,1.628243850927113,1.7098854323599235,0.023287365467314105,0,r5
mondrian_both,vendor_stage,C4,set_size,0,0,NaN,NaN,NaN,NaN,1000,r5
mondrian_both,vendor_stage,A0,singleton,87,1,0.9310344827586207,0.8454472140762463,0.9762110016420361,0.033229960026928324,0,r5
mondrian_both,vendor_stage,A1,singleton,84,0,0.9761904761904762,0.9358974358974359,1.0,0.017839894490323773,0,r5
mondrian_both,vendor_stage,A2,singleton,1369,1,0.9152666179693206,0.8891517073140082,0.9436648753088244,0.014720564838352343,0,r5
mondrian_both,vendor_stage,A3,singleton,28269,43,0.9095121864940394,0.8242634712248217,0.934265999264962,0.030058011298349018,0,r5
mondrian_both,vendor_stage,A4,singleton,66573,272,0.29385787030778243,0.2212817061606181,0.3548808668922998,0.03390081243829104,0,r5
mondrian_both,vendor_stage,B0,singleton,8476,32,0.3745870693723454,0.34055089020218166,0.4396605689375926,0.026869116773841267,0,r5
mondrian_both,vendor_stage,B1,singleton,11757,148,0.39899634260440586,0.3376766921589167,0.455043256419417,0.025544623607993113,0,r5
mondrian_both,vendor_stage,B2,singleton,21430,129,0.346803546430238,0.3102293269304477,0.3768548224949898,0.01797936125956438,0,r5
mondrian_both,vendor_stage,B3,singleton,25686,119,0.28315035427859536,0.190955264361639,0.36995428447268375,0.042242810993377754,0,r5
mondrian_both,vendor_stage,B4,singleton,1224,7,0.7589869281045751,0.7340052148004288,0.8177173910951032,0.02055453776745854,0,r5
mondrian_both,vendor_stage,C0,singleton,57317,372,0.2570964984210618,0.2249720240620296,0.3276290946241674,0.02713974964718473,0,r5
mondrian_both,vendor_stage,C1,singleton,52582,508,0.296584382488304,0.23526064801547442,0.34918366677237844,0.024801637697381144,0,r5
mondrian_both,vendor_stage,C2,singleton,41325,819,0.29178463399879007,0.2729840740775231,0.3160130870429182,0.011691219413922697,0,r5
mondrian_both,vendor_stage,C3,singleton,11207,433,0.33711073436245204,0.2901145676400764,0.3717561490728869,0.0232873654673141,0,r5
mondrian_both,vendor_stage,C4,singleton,0,0,NaN,NaN,NaN,NaN,1000,r5
mondrian_both,vendor_stage,A0,doubleton,87,1,0.06896551724137931,0.023788998357963876,0.15455278592375365,0.033229960026928296,0,r5
mondrian_both,vendor_stage,A1,doubleton,84,0,0.023809523809523808,0.0,0.0641025641025641,0.017839894490323804,0,r5
mondrian_both,vendor_stage,A2,doubleton,1369,1,0.08473338203067933,0.05633512469117554,0.11084829268599182,0.014720564838352353,0,r5
mondrian_both,vendor_stage,A3,doubleton,28269,43,0.0904878135059606,0.06573400073503799,0.1757365287751783,0.030058011298349015,0,r5
mondrian_both,vendor_stage,A4,doubleton,66573,272,0.7061421296922176,0.6451191331077002,0.778718293839382,0.03390081243829105,0,r5
mondrian_both,vendor_stage,B0,doubleton,8476,32,0.6254129306276546,0.5603394310624074,0.6594491097978183,0.026869116773841257,0,r5
mondrian_both,vendor_stage,B1,doubleton,11757,148,0.6010036573955941,0.544956743580583,0.6623233078410833,0.025544623607993117,0,r5
mondrian_both,vendor_stage,B2,doubleton,21430,129,0.653196453569762,0.6231451775050102,0.6897706730695522,0.017979361259564373,0,r5
mondrian_both,vendor_stage,B3,doubleton,25686,119,0.7168496457214046,0.6300457155273163,0.809044735638361,0.04224281099337776,0,r5
mondrian_both,vendor_stage,B4,doubleton,1224,7,0.24101307189542484,0.18228260890489673,0.2659947851995712,0.020554537767458542,0,r5
mondrian_both,vendor_stage,C0,doubleton,57317,372,0.7429035015789381,0.6723709053758327,0.7750279759379703,0.027139749647184745,0,r5
mondrian_both,vendor_stage,C1,doubleton,52582,508,0.703415617511696,0.6508163332276216,0.7647393519845257,0.02480163769738118,0,r5
mondrian_both,vendor_stage,C2,doubleton,41325,819,0.7082153660012099,0.6839869129570818,0.727015925922477,0.011691219413922703,0,r5
mondrian_both,vendor_stage,C3,doubleton,11207,433,0.6628892656375479,0.6282438509271131,0.7098854323599235,0.023287365467314098,0,r5
mondrian_both,vendor_stage,C4,doubleton,0,0,NaN,NaN,NaN,NaN,1000,r5
mondrian_both,vendor_stage,A0,empty,87,1,0.0,0.0,0.0,0.0,0,r5
mondrian_both,vendor_stage,A1,empty,84,0,0.0,0.0,0.0,0.0,0,r5
mondrian_both,vendor_stage,A2,empty,1369,1,0.0,0.0,0.0,0.0,0,r5
mondrian_both,vendor_stage,A3,empty,28269,43,0.0,0.0,0.0,0.0,0,r5
mondrian_both,vendor_stage,A4,empty,66573,272,0.0,0.0,0.0,0.0,0,r5
mondrian_both,vendor_stage,B0,empty,8476,32,0.0,0.0,0.0,0.0,0,r5
mondrian_both,vendor_stage,B1,empty,11757,148,0.0,0.0,0.0,0.0,0,r5
mondrian_both,vendor_stage,B2,empty,21430,129,0.0,0.0,0.0,0.0,0,r5
mondrian_both,vendor_stage,B3,empty,25686,119,0.0,0.0,0.0,0.0,0,r5
mondrian_both,vendor_stage,B4,empty,1224,7,0.0,0.0,0.0,0.0,0,r5
mondrian_both,vendor_stage,C0,empty,57317,372,0.0,0.0,0.0,0.0,0,r5
mondrian_both,vendor_stage,C1,empty,52582,508,0.0,0.0,0.0,0.0,0,r5
mondrian_both,vendor_stage,C2,empty,41325,819,0.0,0.0,0.0,0.0,0,r5
mondrian_both,vendor_stage,C3,empty,11207,433,0.0,0.0,0.0,0.0,0,r5
mondrian_both,vendor_stage,C4,empty,0,0,NaN,NaN,NaN,NaN,1000,r5
mondrian_both,vendor_stage,A0,alert_rate,87,1,0.08045977011494253,0.032220843672456576,0.16666666666666666,0.03498448983368047,0,r5
mondrian_both,vendor_stage,A1,alert_rate,84,0,0.023809523809523808,0.0,0.0641025641025641,0.017839894490323804,0,r5
mondrian_both,vendor_stage,A2,alert_rate,1369,1,0.09861212563915267,0.06792439197295234,0.12604880947748426,0.015806800384639087,0,r5
mondrian_both,vendor_stage,A3,alert_rate,28269,43,0.10467296331670735,0.0792283160451229,0.189452799234364,0.03010844292372082,0,r5
mondrian_both,vendor_stage,A4,alert_rate,66573,272,0.7929040301623781,0.7324369061870675,0.8664998203760506,0.03380906043957468,0,r5
mondrian_both,vendor_stage,B0,alert_rate,8476,32,0.6721330816422841,0.606920788484273,0.7066440470864364,0.02677591071233987,0,r5
mondrian_both,vendor_stage,B1,alert_rate,11757,148,0.6523773071361741,0.5972439616322237,0.7123011657427362,0.02510981150937885,0,r5
mondrian_both,vendor_stage,B2,alert_rate,21430,129,0.7010265982267849,0.6707832879192832,0.7383465348404199,0.01795483268075091,0,r5
mondrian_both,vendor_stage,B3,alert_rate,25686,119,0.8258195125749436,0.7386764223302685,0.917877347848818,0.04217214329202763,0,r5
mondrian_both,vendor_stage,B4,alert_rate,1224,7,0.9828431372549019,0.9308172120054136,0.9899701155672742,0.016022321390041862,0,r5
mondrian_both,vendor_stage,C0,alert_rate,57317,372,0.8362440462689953,0.7660825523251333,0.8690520172000888,0.027065807790811358,0,r5
mondrian_both,vendor_stage,C1,alert_rate,52582,508,0.7924765128751283,0.7397032736764055,0.8541256500360224,0.024792296395325347,0,r5
mondrian_both,vendor_stage,C2,alert_rate,41325,819,0.8352571082879613,0.812218740623524,0.8537604553434771,0.011489603637698131,0,r5
mondrian_both,vendor_stage,C3,alert_rate,11207,433,0.933791380387258,0.9013822513600878,0.9805228510529428,0.022810412307103203,0,r5
mondrian_both,vendor_stage,C4,alert_rate,0,0,NaN,NaN,NaN,NaN,1000,r5
